# mahimahi mm-link (Uplink) [../../traces/Verizon-LTE-short.up] > ./output/uplink_codel.log
# command line: 'mm-link' '--meter-all' '--uplink-log=./output/uplink_codel.log' '--downlink-log=./output/downlink_codel.log' '--uplink-queue=codel' '--uplink-queue-args=packets=100,interval=100,target=5' '../../traces/Verizon-LTE-short.up' '../../traces/Verizon-LTE-short.down' '--' 'bash' '-c' '
      echo '\''[+] Running L4S-marked flow (ToS=1, port 5300) on codel...'\''
      iperf3 -c 10.0.0.1 -u -p 5300 -b 10M -t 10 --tos 1 > ./output/iperf_l4s_codel.log &

      echo '\''[+] Running Classic flow (default ToS, port 5301) on codel...'\''
      iperf3 -c 10.0.0.1 -u -p 5301 -b 10M -t 10 > ./output/iperf_classic_codel.log &

      sleep 1
      echo '\''[*] Active iperf3 processes in sandbox:'\''
      ps aux | grep iperf3 | grep -v grep

      wait
    '
# queue: codel [packets=100]
# init timestamp: 1751273666603
# base timestamp: 36
# mahimahi config: [delay 10 ms] 
43 # 1504
44 # 1504
44 # 1504
44 # 1504
44 # 1504
44 # 1504
44 # 1504
50 # 1504
50 # 1504
50 # 1504
50 # 1504
50 # 1504
50 # 1504
57 # 1504
64 # 1504
66 + 64
66 + 64
69 # 1504
69 - 64 3
69 - 64 3
70 # 1504
70 # 1504
70 # 1504
79 # 1504
79 # 1504
79 # 1504
79 # 1504
79 # 1504
79 # 1504
79 # 1504
79 # 1504
81 # 1504
81 # 1504
91 # 1504
91 # 1504
92 # 1504
92 # 1504
92 # 1504
93 + 56
93 + 56
93 + 93
93 + 93
98 # 1504
98 - 56 5
98 - 56 5
98 - 93 5
98 - 93 5
98 # 1504
98 # 1504
99 # 1504
99 # 1504
99 # 1504
99 # 1504
108 # 1504
108 # 1504
108 # 1504
108 # 1504
108 # 1504
108 # 1504
109 # 1504
110 # 1504
112 # 1504
113 # 1504
114 # 1504
116 # 1504
117 # 1504
119 # 1504
119 # 1504
120 # 1504
121 + 56
121 + 56
121 + 60
122 # 1504
122 - 56 1
122 - 56 1
122 - 60 1
122 + 207
122 + 60
122 + 199
123 # 1504
123 - 207 1
123 - 60 1
123 - 199 1
125 # 1504
127 # 1504
127 # 1504
128 # 1504
129 # 1504
131 # 1504
132 # 1504
135 # 1504
135 # 1504
136 # 1504
136 # 1504
137 # 1504
139 # 1504
140 # 1504
142 # 1504
142 # 1504
145 + 36
145 + 36
151 # 1504
151 - 36 6
151 - 36 6
151 # 1504
151 # 1504
151 # 1504
151 # 1504
151 # 1504
151 # 1504
151 # 1504
152 # 1504
153 # 1504
154 # 1504
155 # 1504
156 # 1504
165 # 1504
165 # 1504
165 # 1504
166 # 1504
166 # 1504
170 # 1504
170 # 1504
170 # 1504
170 # 1504
170 # 1504
171 # 1504
172 # 1504
173 # 1504
174 # 1504
174 + 56
174 + 56
174 + 1480
174 + 1480
176 + 1480
176 + 1480
177 # 1504
177 - 56 3
177 - 56 3
177 + 1480
177 + 1480
178 # 1504
178 - 1480 4
178 # 1504
178 - 1480 4
178 + 1480
178 + 1480
179 # 1504
179 - 1480 3
179 + 1480
179 + 1480
180 + 1480
180 + 1480
181 + 1480
181 + 1480
183 + 1480
183 + 1480
184 + 1480
184 + 1480
185 + 1480
185 + 1480
186 + 1480
186 + 1480
187 + 1480
187 + 1480
188 # 1504
188 - 1480 12
188 - 1480 11
188 # 1504
188 - 1480 11
188 + 1480
188 + 1480
189 + 1480
189 + 1480
190 # 1504
190 - 1480 12
190 # 1504
190 - 1480 12
190 # 1504
190 - 1480 11
191 # 1504
191 - 1480 12
191 # 1504
191 - 1480 11
191 + 1480
191 + 1480
192 # 1504
192 - 1480 12
192 # 1504
192 - 1480 11
192 # 1504
192 - 1480 11
192 # 1504
192 - 1480 9
192 + 1480
192 + 1480
193 # 1504
193 - 1480 10
193 + 1480
193 + 1480
194 # 1504
194 - 1480 10
194 + 1480
194 + 1480
195 # 1504
195 - 1480 11
195 + 1480
195 + 1480
196 # 1504
196 - 1480 11
196 + 1480
196 + 1480
197 # 1504
197 - 1480 12
198 # 1504
198 - 1480 12
198 + 1480
198 + 1480
199 # 1504
199 - 1480 13
199 + 1480
199 + 1480
200 # 1504
200 - 1480 13
200 + 1480
200 + 1480
200 + 1480
201 # 1504
201 - 1480 14
201 + 1480
202 # 1504
202 - 1480 14
202 + 1480
202 + 1480
203 # 1504
203 - 1480 15
203 + 1480
203 + 1480
204 # 1504
204 - 1480 15
205 # 1504
205 - 1480 16
205 + 1480
205 + 1480
206 + 1480
206 + 1480
207 # 1504
207 - 1480 16
207 # 1504
207 - 1480 16
207 + 1480
207 + 1480
208 # 1504
208 - 1480 16
208 + 1480
208 + 1480
209 # 1504
209 - 1480 17
209 # 1504
209 - 1480 16
209 + 1480
209 + 1480
210 # 1504
210 - 1480 17
210 + 1480
210 + 1480
211 # 1504
211 - 1480 17
211 + 1480
211 + 1480
213 + 1480
213 + 1480
214 + 1480
214 + 1480
215 + 1480
215 + 1480
216 + 1480
216 + 1480
217 + 1480
217 + 1480
218 + 1480
218 + 1480
220 + 1480
220 + 1480
221 # 1504
221 - 1480 27
221 # 1504
221 - 1480 26
221 # 1504
221 - 1480 26
221 # 1504
221 - 1480 25
221 # 1504
221 - 1480 25
221 # 1504
221 - 1480 23
221 # 1504
221 - 1480 23
221 # 1504
221 - 1480 22
221 # 1504
221 - 1480 22
221 # 1504
221 - 1480 21
221 # 1504
221 - 1480 21
221 + 1480
221 + 1480
222 + 1480
222 + 1480
223 + 1480
223 + 1480
224 + 1480
224 + 1480
225 + 1480
225 + 1480
227 + 1480
227 + 1480
228 + 1480
228 + 1480
229 + 1480
229 + 1480
230 # 1504
230 - 1480 30
230 # 1504
230 - 1480 29
230 # 1504
230 - 1480 28
230 # 1504
230 - 1480 28
230 + 1480
230 + 1480
231 # 1504
231 - 1480 28
231 # 1504
231 - 1480 28
231 # 1504
231 - 1480 26
231 # 1504
231 - 1480 26
231 # 1504
231 - 1480 25
231 + 1480
231 + 1480
232 # 1504
232 - 1480 26
232 + 1480
232 + 1480
233 # 1504
233 - 1480 26
233 + 1480
233 + 1480
234 # 1504
234 - 1480 27
235 # 1504
235 - 1480 27
235 # 1504
235 - 1480 27
235 + 1480
235 + 1480
236 # 1504
236 - 1480 27
236 + 1480
236 + 1480
237 # 1504
237 - 1480 28
237 + 1480
237 + 1480
238 + 1480
238 + 1480
239 + 1480
239 + 1480
240 # 1504
240 - 1480 30
240 # 1504
240 - 1480 30
240 + 1480
240 + 1480
241 # 1504
241 - 1480 30
242 # 1504
242 - 1480 31
242 + 1480
242 + 1480
243 + 1480
243 + 1480
244 # 1504
244 - 1480 31
244 - 1480 31
244 # 1504
244 - 1480 30
244 # 1504
244 - 1480 30
244 + 1480
244 + 1480
245 + 1480
245 + 1480
246 # 1504
246 - 1480 31
246 # 1504
246 - 1480 31
246 + 1480
246 + 1480
247 # 1504
247 - 1480 31
247 + 1480
247 + 1480
249 + 1480
249 + 1480
250 + 1480
250 + 1480
251 + 1480
251 + 1480
252 + 1480
252 + 1480
253 + 1480
253 + 1480
254 + 1480
254 + 1480
256 # 1504
256 - 1480 40
256 # 1504
256 - 1480 39
256 # 1504
256 - 1480 39
256 # 1504
256 - 1480 38
256 # 1504
256 - 1480 38
256 # 1504
256 - 1480 36
256 # 1504
256 - 1480 36
256 # 1504
256 - 1480 35
256 + 1480
256 + 1480
257 # 1504
257 - 1480 36
257 # 1504
257 - 1480 35
257 # 1504
257 - 1480 35
257 + 1480
257 + 1480
258 # 1504
258 - 1480 35
258 + 1480
258 + 1480
259 + 1480
259 + 1480
260 + 1480
260 + 1480
261 + 1480
261 + 1480
262 + 1480
262 + 1480
264 + 1480
264 + 1480
265 + 1480
265 + 1480
266 + 1480
266 + 1480
267 # 1504
267 - 1480 44
267 + 1480
267 + 1480
268 # 1504
268 - 1480 44
268 # 1504
268 - 1480 44
268 + 1480
268 + 1480
269 + 1480
269 + 1480
270 # 1504
270 - 1480 45
270 # 1504
270 - 1480 45
270 # 1504
270 - 1480 43
270 # 1504
270 - 1480 43
270 # 1504
270 - 1480 42
270 # 1504
270 - 1480 42
270 # 1504
270 - 1480 41
270 # 1504
270 - 1480 41
271 + 1480
271 + 1480
272 # 1504
272 - 1480 42
272 + 1480
272 + 1480
273 # 1504
273 - 1480 43
273 + 1480
273 + 1480
274 + 1480
274 + 1480
275 + 1480
275 + 1480
276 # 1504
276 - 1480 45
276 # 1504
276 - 1480 45
276 + 1480
276 + 1480
277 # 1504
277 - 1480 45
277 # 1504
277 - 1480 45
278 + 1480
278 + 1480
279 + 1480
279 + 1480
280 + 1480
280 + 1480
281 # 1504
281 - 1480 48
281 # 1504
281 - 1480 48
281 + 1480
281 + 1480
282 + 1480
282 + 1480
283 # 1504
283 - 1480 48
283 + 1480
283 + 1480
284 # 1504
284 - 1480 49
284 + 1480
284 + 1480
285 # 1504
285 - 1480 49
286 # 1504
286 - 1480 50
286 + 1480
286 + 1480
287 # 1504
287 - 1480 50
287 + 1480
287 + 1480
288 + 1480
288 + 1480
289 # 1504
289 - 1480 52
289 + 1480
289 + 1480
290 # 1504
290 - 1480 52
290 + 1480
290 + 1480
291 # 1504
291 - 1480 52
291 # 1504
291 - 1480 52
291 + 1480
291 + 1480
292 # 1504
292 - 1480 52
293 # 1504
293 - 1480 53
293 + 1480
293 + 1480
294 # 1504
294 - 1480 52
294 + 1480
294 + 1480
295 # 1504
295 - 1480 53
295 + 1480
295 + 1480
296 + 1480
296 + 1480
297 # 1504
297 - 1480 54
297 # 1504
297 - 1480 54
297 # 1504
297 - 1480 53
297 + 1480
297 + 1480
298 # 1504
298 - 1480 54
298 + 1480
298 + 1480
299 + 1480
300 + 1480
301 + 1480
301 + 1480
302 + 1480
302 + 1480
303 + 1480
303 + 1480
303 d 1 1480
304 + 1480
304 d 1 1480
304 + 1480
304 d 1 1480
305 + 1480
305 d 1 1480
305 + 1480
305 d 1 1480
306 # 1504
306 - 1480 61
306 + 1480
306 + 1480
306 d 1 1480
307 # 1504
307 - 1480 62
308 + 1480
308 + 1480
308 d 1 1480
309 + 1480
309 d 1 1480
309 + 1480
309 d 1 1480
310 + 1480
310 d 1 1480
310 + 1480
310 d 1 1480
311 + 1480
311 d 1 1480
311 + 1480
311 d 1 1480
312 + 1480
312 d 1 1480
312 + 1480
312 d 1 1480
313 + 1480
313 d 1 1480
313 + 1480
313 d 1 1480
315 # 1504
315 - 1480 69
315 # 1504
315 - 1480 69
315 # 1504
315 - 1480 68
315 # 1504
315 - 1480 68
315 # 1504
315 - 1480 66
315 + 1480
315 + 1480
316 # 1504
316 - 1480 67
316 - 1480 66
316 + 1480
316 + 1480
317 # 1504
317 - 1480 67
317 + 1480
317 + 1480
318 # 1504
318 - 1480 67
318 + 1480
318 + 1480
319 # 1504
319 - 1480 68
319 + 1480
319 + 1480
320 + 1480
320 d 1 1480
320 + 1480
320 d 1 1480
322 # 1504
322 - 1480 70
322 + 1480
322 + 1480
322 d 1 1480
323 + 1480
323 d 1 1480
323 + 1480
323 d 1 1480
324 # 1504
324 - 1480 72
324 # 1504
324 - 1480 71
324 + 1480
324 + 1480
325 # 1504
325 - 1480 72
325 + 1480
325 + 1480
325 d 1 1480
326 # 1504
326 - 1480 72
326 + 1480
326 + 1480
326 d 1 1480
327 + 1480
327 d 1 1480
327 + 1480
327 d 1 1480
328 + 1480
328 d 1 1480
328 + 1480
328 d 1 1480
329 # 1504
329 - 1480 75
330 # 1504
330 - 1480 74
330 + 1480
330 + 1480
331 # 1504
331 - 1480 75
331 + 1480
331 + 1480
331 d 1 1480
332 # 1504
332 - 1480 75
332 + 1480
332 + 1480
332 d 1 1480
333 + 1480
333 d 1 1480
333 + 1480
333 d 1 1480
334 # 1504
334 - 1480 77
334 # 1504
334 - 1480 76
334 + 1480
334 + 1480
335 + 1480
335 d 1 1480
335 + 1480
335 d 1 1480
336 # 1504
336 - 1480 78
336 # 1504
336 - 1480 77
337 # 1504
337 - 1480 78
337 + 1480
337 + 1480
338 # 1504
338 - 1480 78
338 + 1480
338 + 1480
339 # 1504
339 - 1480 79
339 + 1480
339 + 1480
339 d 1 1480
340 + 1480
340 d 1 1480
340 + 1480
340 d 1 1480
341 + 1480
341 d 1 1480
341 + 1480
341 d 1 1480
342 + 1480
342 d 1 1480
342 + 1480
342 d 1 1480
344 + 1480
344 d 1 1480
344 + 1480
344 d 1 1480
345 + 1480
345 d 1 1480
345 + 1480
345 d 1 1480
346 + 1480
346 d 1 1480
346 + 1480
346 d 1 1480
347 + 1480
347 d 1 1480
347 + 1480
347 d 1 1480
348 # 1504
348 - 1480 87
348 # 1504
348 - 1480 87
348 # 1504
348 - 1480 86
348 # 1504
348 - 1480 86
348 + 1480
348 + 1480
349 # 1504
349 - 1480 85
349 # 1504
349 - 1480 85
349 # 1504
349 - 1480 84
349 # 1504
349 - 1480 84
349 # 1504
349 - 1480 83
349 + 1480
349 + 1480
350 + 1480
350 + 1480
352 # 1504
352 - 1480 86
352 + 1480
352 + 1480
353 # 1504
353 - 1480 86
353 # 1504
353 - 1480 86
353 + 1480
353 + 1480
354 + 1480
354 + 1480
355 # 1504
355 - 1480 87
355 + 1480
355 + 1480
355 d 1 1480
356 + 1480
356 d 1 1480
356 + 1480
356 d 1 1480
357 + 1480
357 d 1 1480
357 + 1480
357 d 1 1480
359 + 1480
359 d 1 1480
359 + 1480
359 d 1 1480
360 + 1480
360 d 1 1480
360 + 1480
360 d 1 1480
361 + 1480
361 d 1 1480
361 + 1480
361 d 1 1480
362 + 1480
362 d 1 1480
362 + 1480
362 d 1 1480
363 + 1480
363 d 1 1480
363 + 1480
363 d 1 1480
364 + 1480
364 d 1 1480
364 + 1480
364 d 1 1480
366 # 1504
366 - 1480 98
366 # 1504
366 - 1480 97
366 # 1504
366 - 1480 97
366 + 1480
366 + 1480
367 + 1480
367 + 1480
367 d 1 1480
368 + 1480
368 d 1 1480
368 + 1480
368 d 1 1480
369 + 1480
369 d 1 1480
369 + 1480
369 d 1 1480
370 # 1504
370 - 1480 99
370 # 1504
370 - 1480 99
370 + 1480
370 + 1480
371 # 1504
371 - 1480 99
371 # 1504
371 - 1480 99
371 # 1504
371 - 1480 98
371 + 1480
371 + 1480
372 # 1504
372 - 1480 99
373 # 1504
373 - 1480 99
373 + 1480
373 + 1480
374 # 1504
374 - 1480 100
374 + 1480
374 + 1480
375 + 1480
375 d 1 1480
375 + 1480
375 d 1 1480
376 # 1504
376 - 1480 101
376 + 1480
376 + 1480
376 d 1 1480
377 # 1504
377 - 1480 102
377 + 1480
377 + 1480
377 d 1 1480
378 # 1504
378 - 1480 102
378 + 1480
378 + 1480
378 d 1 1480
379 + 1480
379 d 1 1480
379 + 1480
379 d 1 1480
380 # 1504
380 - 1480 104
380 # 1504
380 - 1480 102
381 + 1480
381 + 1480
382 # 1504
382 - 1480 104
382 + 1480
382 + 1480
382 d 1 1480
383 + 1480
383 d 1 1480
383 + 1480
383 d 1 1480
384 # 1504
384 - 1480 105
384 + 1480
384 + 1480
384 d 1 1480
385 # 1504
385 - 1480 106
385 + 1480
385 + 1480
385 d 1 1480
386 # 1504
386 - 1480 106
386 # 1504
386 - 1480 106
386 + 1480
386 + 1480
388 # 1504
388 - 1480 107
388 + 1480
388 + 1480
388 d 1 1480
389 + 1480
389 d 1 1480
389 + 1480
389 d 1 1480
390 # 1504
390 - 1480 109
390 + 1480
390 + 1480
391 # 1504
391 - 1480 109
391 + 1480
391 + 1480
391 d 1 1480
392 # 1504
392 - 1480 109
392 + 1480
392 + 1480
392 d 1 1480
393 + 1480
393 d 1 1480
393 + 1480
393 d 1 1480
395 + 1480
395 d 1 1480
395 + 1480
395 d 1 1480
396 # 1504
396 - 1480 113
396 # 1504
396 - 1480 112
396 + 1480
396 + 1480
397 # 1504
397 - 1480 113
397 # 1504
397 - 1480 111
397 # 1504
397 - 1480 111
397 - 1480 110
397 + 1480
397 + 1480
398 # 1504
398 - 1480 111
398 + 1480
398 + 1480
399 # 1504
399 - 1480 111
399 + 1480
399 + 1480
400 + 1480
400 d 1 1480
400 + 1480
400 d 1 1480
401 # 1504
401 - 1480 113
401 # 1504
401 - 1480 112
401 + 1480
401 + 1480
403 + 1480
403 d 1 1480
403 + 1480
403 d 1 1480
404 + 1480
404 d 1 1480
404 + 1480
404 d 1 1480
405 + 1480
405 d 1 1480
405 + 1480
405 d 1 1480
406 + 1480
406 d 1 1480
406 + 1480
406 d 1 1480
407 + 1480
407 d 1 1480
407 + 1480
407 d 1 1480
408 + 1480
408 d 1 1480
408 + 1480
408 d 1 1480
410 + 1480
410 d 1 1480
410 + 1480
410 d 1 1480
411 # 1504
411 - 1480 122
411 # 1504
411 - 1480 121
411 # 1504
411 - 1480 121
411 # 1504
411 - 1480 120
411 # 1504
411 - 1480 120
411 # 1504
411 - 1480 118
411 # 1504
411 - 1480 118
411 # 1504
411 - 1480 117
411 + 1480
411 + 1480
412 # 1504
412 - 1480 118
412 + 1480
412 + 1480
413 + 1480
413 + 1480
414 + 1480
414 + 1480
415 + 1480
415 + 1480
415 d 1 1480
417 + 1480
417 d 1 1480
417 + 1480
417 d 1 1480
417 + 1480
417 d 1 1480
418 + 1480
418 d 1 1480
419 + 1480
419 d 1 1480
419 + 1480
419 d 1 1480
420 # 1504
420 - 1480 125
420 # 1504
420 - 1480 125
420 # 1504
420 - 1480 124
420 # 1504
420 - 1480 124
420 # 1504
420 - 1480 123
420 # 1504
420 - 1480 123
420 # 1504
420 - 1480 122
420 + 1480
420 + 1480
421 # 1504
421 - 1480 123
421 # 1504
421 - 1480 122
421 + 1480
421 + 1480
422 + 1480
422 + 1480
423 + 1480
423 + 1480
425 + 1480
425 + 1480
425 d 1 1480
426 + 1480
426 d 1 1480
426 + 1480
426 d 1 1480
427 + 1480
427 d 1 1480
427 + 1480
427 d 1 1480
428 + 1480
428 d 1 1480
428 + 1480
428 d 1 1480
429 + 1480
429 d 1 1480
429 + 1480
429 d 1 1480
430 + 1480
430 d 1 1480
430 + 1480
430 d 1 1480
431 # 1504
431 - 1480 131
431 # 1504
431 - 1480 130
431 # 1504
431 - 1480 130
432 # 1504
432 - 1480 130
432 # 1504
432 - 1480 130
432 # 1504
432 - 1480 129
432 + 1480
432 + 1480
433 # 1504
433 - 1480 127
433 # 1504
433 - 1480 125
433 # 1504
433 - 1480 118
433 # 1504
433 - 1480 118
433 + 1480
433 + 1480
434 # 1504
434 - 1480 118
434 + 1480
434 + 1480
435 + 1480
435 + 1480
436 + 1480
436 + 1480
437 + 1480
437 + 1480
437 d 1 1480
439 + 1480
439 d 1 1480
439 + 1480
439 d 1 1480
440 + 1480
440 d 1 1480
440 + 1480
440 d 1 1480
441 + 1480
441 d 1 1480
441 + 1480
441 d 1 1480
442 + 1480
442 d 1 1480
442 + 1480
442 d 1 1480
443 # 1504
443 - 1480 127
443 + 1480
443 + 1480
443 d 1 1480
444 # 1504
444 - 1480 127
444 # 1504
444 - 1480 127
444 # 1504
444 - 1480 126
444 + 1480
444 + 1480
445 + 1480
445 + 1480
445 d 1 1480
447 + 1480
447 d 1 1480
447 + 1480
447 d 1 1480
448 # 1504
448 - 1480 130
448 # 1504
448 - 1480 129
448 + 1480
448 + 1480
449 + 1480
449 d 1 1480
449 + 1480
449 d 1 1480
450 + 1480
450 d 1 1480
450 + 1480
450 d 1 1480
451 # 1504
451 - 1480 132
451 + 1480
451 + 1480
451 d 1 1480
452 + 1480
452 d 1 1480
452 + 1480
452 d 1 1480
453 # 1504
453 - 1480 131
454 # 1504
454 - 1480 130
454 + 1480
454 + 1480
455 # 1504
455 - 1480 131
455 # 1504
455 - 1480 130
455 + 1480
455 + 1480
456 + 1480
456 d 1 1480
456 + 1480
456 d 1 1480
457 # 1504
457 - 1480 131
457 + 1480
457 + 1480
457 d 1 1480
458 + 1480
458 d 1 1480
458 + 1480
458 d 1 1480
459 + 1480
459 d 1 1480
459 + 1480
459 d 1 1480
461 + 1480
461 d 1 1480
461 + 1480
461 d 1 1480
462 + 1480
462 d 1 1480
462 + 1480
462 d 1 1480
463 + 1480
463 d 1 1480
463 + 1480
463 d 1 1480
464 + 1480
464 d 1 1480
464 + 1480
464 d 1 1480
465 # 1504
465 - 1480 135
465 # 1504
465 - 1480 135
465 + 1480
465 + 1480
466 + 1480
466 + 1480
466 d 1 1480
467 + 1480
467 d 1 1480
467 + 1480
467 d 1 1480
468 # 1504
468 - 1480 136
469 + 1480
469 + 1480
469 d 1 1480
470 # 1504
470 - 1480 136
470 + 1480
470 + 1480
470 d 1 1480
471 # 1504
471 - 1480 137
471 + 1480
471 + 1480
471 d 1 1480
472 # 1504
472 - 1480 135
472 + 1480
472 + 1480
472 d 1 1480
473 + 1480
473 d 1 1480
473 + 1480
473 d 1 1480
474 + 1480
474 d 1 1480
474 + 1480
474 d 1 1480
475 # 1504
475 - 1480 138
476 + 1480
476 + 1480
476 d 1 1480
477 # 1504
477 - 1480 139
477 # 1504
477 - 1480 139
477 + 1480
477 + 1480
478 # 1504
478 - 1480 139
478 + 1480
478 + 1480
478 d 1 1480
479 # 1504
479 - 1480 131
479 + 1480
479 + 1480
479 d 1 1480
480 # 1504
480 - 1480 132
480 + 1480
480 + 1480
480 d 1 1480
481 + 1480
481 d 1 1480
481 + 1480
481 d 1 1480
482 # 1504
482 - 1480 133
483 + 1480
483 + 1480
483 d 1 1480
484 + 1480
484 d 1 1480
484 + 1480
484 d 1 1480
485 + 1480
485 d 1 1480
485 + 1480
485 d 1 1480
486 + 1480
486 d 1 1480
486 + 1480
486 d 1 1480
487 + 1480
487 d 1 1480
487 + 1480
487 d 1 1480
488 + 1480
488 d 1 1480
488 + 1480
488 d 1 1480
489 + 1480
489 d 1 1480
490 # 1504
490 - 1480 141
490 + 1480
491 # 1504
491 - 1480 141
491 + 1480
491 + 1480
491 d 1 1480
492 + 1480
492 d 1 1480
492 + 1480
492 d 1 1480
493 + 1480
493 d 1 1480
493 + 1480
493 d 1 1480
494 # 1504
494 - 1480 144
494 # 1504
494 - 1480 142
494 - 1480 142
494 # 1504
494 - 1480 141
494 # 1504
494 - 1480 141
494 + 1480
494 + 1480
495 + 1480
495 + 1480
496 # 1504
496 - 1480 142
496 + 1480
496 + 1480
498 # 1504
498 - 1480 144
498 + 1480
498 + 1480
498 d 1 1480
499 + 1480
499 d 1 1480
499 + 1480
499 d 1 1480
500 + 1480
500 d 1 1480
500 + 1480
500 d 1 1480
501 + 1480
501 d 1 1480
501 + 1480
501 d 1 1480
502 # 1504
502 - 1480 147
502 + 1480
502 + 1480
502 d 1 1480
503 # 1504
503 - 1480 137
503 + 1480
503 + 1480
503 d 1 1480
505 + 1480
505 d 1 1480
505 + 1480
505 d 1 1480
506 + 1480
506 d 1 1480
506 + 1480
506 d 1 1480
507 + 1480
507 d 1 1480
507 + 1480
507 d 1 1480
508 # 1504
508 - 1480 142
508 # 1504
508 - 1480 141
508 + 1480
508 + 1480
509 # 1504
509 - 1480 139
509 + 1480
509 + 1480
509 d 1 1480
510 + 1480
510 d 1 1480
510 + 1480
510 d 1 1480
511 # 1504
511 - 1480 141
512 + 1480
512 + 1480
512 d 1 1480
513 # 1504
513 - 1480 142
513 + 1480
513 + 1480
513 d 1 1480
514 + 1480
514 d 1 1480
514 + 1480
514 d 1 1480
515 # 1504
515 - 1480 144
515 + 1480
515 + 1480
515 d 1 1480
516 + 1480
516 d 1 1480
516 + 1480
516 d 1 1480
517 # 1504
517 - 1480 144
517 + 1480
517 + 1480
518 + 1480
518 d 1 1480
518 + 1480
518 d 1 1480
519 # 1504
519 - 1480 146
520 + 1480
520 + 1480
520 d 1 1480
521 # 1504
521 - 1480 147
521 + 1480
521 + 1480
521 d 1 1480
522 + 1480
522 d 1 1480
522 + 1480
522 d 1 1480
523 # 1504
523 - 1480 147
523 + 1480
523 + 1480
523 d 1 1480
524 + 1480
524 d 1 1480
524 + 1480
524 d 1 1480
525 + 1480
525 d 1 1480
525 + 1480
525 d 1 1480
526 # 1504
526 - 1480 149
527 + 1480
527 + 1480
527 d 1 1480
528 # 1504
528 - 1480 150
528 + 1480
528 + 1480
528 d 1 1480
529 + 1480
529 d 1 1480
529 + 1480
529 d 1 1480
530 # 1504
530 - 1480 149
530 + 1480
530 + 1480
530 d 1 1480
531 + 1480
531 d 1 1480
531 + 1480
531 d 1 1480
532 # 1504
532 - 1480 151
532 + 1480
532 + 1480
532 d 1 1480
533 # 1504
533 - 1480 151
534 # 1504
534 - 1480 150
534 + 1480
534 + 1480
535 + 1480
535 d 1 1480
535 + 1480
535 d 1 1480
536 # 1504
536 - 1480 151
536 + 1480
536 + 1480
536 d 1 1480
537 # 1504
537 - 1480 151
537 + 1480
537 + 1480
537 d 1 1480
538 + 1480
538 d 1 1480
538 + 1480
538 d 1 1480
539 # 1504
539 - 1480 153
539 + 1480
539 + 1480
539 d 1 1480
540 + 1480
540 d 1 1480
540 + 1480
540 d 1 1480
541 # 1504
541 - 1480 153
542 + 1480
542 + 1480
542 d 1 1480
543 + 1480
543 d 1 1480
543 + 1480
543 d 1 1480
544 + 1480
544 d 1 1480
544 + 1480
544 d 1 1480
545 + 1480
545 d 1 1480
545 + 1480
545 d 1 1480
546 + 1480
546 d 1 1480
546 + 1480
546 d 1 1480
547 + 1480
547 d 1 1480
547 + 1480
547 d 1 1480
549 + 1480
549 d 1 1480
549 + 1480
549 d 1 1480
550 # 1504
550 - 1480 160
550 # 1504
550 - 1480 160
550 # 1504
550 - 1480 159
550 # 1504
550 - 1480 158
550 # 1504
550 - 1480 154
550 + 1480
550 + 1480
551 + 1480
552 + 1480
552 + 1480
552 + 1480
552 d 1 1480
553 # 1504
553 - 1480 157
553 + 1480
553 + 1480
553 d 1 1480
554 + 1480
554 d 1 1480
554 + 1480
554 d 1 1480
556 # 1504
556 - 1480 159
556 + 1480
556 + 1480
556 d 1 1480
557 + 1480
557 d 1 1480
557 + 1480
557 d 1 1480
558 # 1504
558 - 1480 161
558 + 1480
558 + 1480
558 d 1 1480
559 + 1480
559 d 1 1480
559 + 1480
559 d 1 1480
560 + 1480
560 d 1 1480
560 + 1480
560 d 1 1480
561 + 1480
561 d 1 1480
561 + 1480
561 d 1 1480
562 + 1480
562 d 1 1480
562 + 1480
562 d 1 1480
563 + 80
563 d 1 80
563 + 52
563 d 1 52
564 + 1480
564 d 1 1480
564 + 1480
564 d 1 1480
565 + 1480
565 d 1 1480
565 + 1480
565 d 1 1480
566 + 1480
566 d 1 1480
566 + 1480
566 d 1 1480
566 + 80
566 d 1 80
567 + 1480
567 d 1 1480
568 # 1504
568 - 1480 170
568 # 1504
568 - 1480 170
568 # 1504
568 - 1480 169
568 + 1480
568 + 1480
568 + 1480
569 # 1504
569 - 1480 168
569 # 1504
569 - 1480 168
569 + 1480
569 + 1480
571 # 1504
571 - 1480 160
571 + 1480
571 + 1480
572 # 1504
572 - 1480 161
572 + 1480
572 + 1480
572 d 1 1480
573 + 1480
573 d 1 1480
573 + 1480
573 d 1 1480
574 # 1504
574 - 1480 162
574 + 1480
574 + 1480
574 d 1 1480
575 # 1504
575 - 1480 163
575 + 1480
575 + 1480
575 d 1 1480
576 + 1480
576 d 1 1480
576 + 1480
576 d 1 1480
577 # 1504
577 - 1480 164
578 # 1504
578 - 1480 165
578 + 1480
578 + 1480
579 + 1480
579 d 1 1480
579 + 1480
579 d 1 1480
580 # 1504
580 - 1480 166
580 + 1480
580 + 1480
580 d 1 1480
581 + 1480
581 d 1 1480
581 + 1480
581 d 1 1480
582 + 1480
582 d 1 1480
582 + 1480
582 d 1 1480
583 # 1504
583 - 1480 169
583 + 1480
583 + 1480
583 d 1 1480
584 # 1504
584 - 1480 169
584 + 1480
584 + 1480
584 d 1 1480
585 # 1504
585 - 1480 165
586 # 1504
586 - 1480 166
586 + 1480
586 + 1480
587 + 1480
587 d 1 1480
587 + 1480
587 d 1 1480
588 # 1504
588 - 1480 167
588 + 1480
588 + 1480
588 d 1 1480
589 # 1504
589 - 1480 168
589 + 1480
589 + 1480
589 d 1 1480
590 + 1480
590 d 1 1480
590 + 1480
590 d 1 1480
591 # 1504
591 - 1480 169
591 + 1480
591 + 1480
591 d 1 1480
592 # 1504
592 - 1480 170
593 # 1504
593 - 1480 170
593 + 1480
593 + 1480
594 + 1480
594 d 1 1480
594 + 1480
594 d 1 1480
595 + 1480
595 d 1 1480
595 + 1480
595 d 1 1480
596 # 1504
596 - 1480 173
596 + 1480
596 + 1480
596 d 1 1480
597 + 1480
597 d 1 1480
597 + 1480
597 d 1 1480
598 # 1504
598 - 1480 173
598 + 1480
598 + 1480
598 d 1 1480
600 # 1504
600 - 1480 168
600 # 1504
600 - 1480 168
600 + 1480
600 + 1480
601 # 1504
601 - 1480 168
601 # 1504
601 - 1480 168
601 - 1480 167
601 + 1480
601 + 1480
602 + 1480
602 d 1 1480
602 + 1480
602 d 1 1480
603 # 1504
603 - 1480 169
603 + 1480
603 + 1480
604 + 1480
604 d 1 1480
604 + 1480
604 d 1 1480
605 # 1504
605 - 1480 170
605 # 1504
605 - 1480 170
605 + 1480
605 + 1480
607 # 1504
607 - 1480 171
607 + 1480
607 + 1480
607 d 1 1480
608 # 1504
608 - 1480 172
608 + 1480
608 + 1480
608 d 1 1480
609 # 1504
609 - 1480 172
609 + 1480
609 + 1480
609 d 1 1480
610 # 1504
610 - 1480 167
610 + 1480
610 + 1480
611 # 1504
611 - 1480 167
611 # 1504
611 - 1480 166
611 + 1480
611 + 1480
612 # 1504
612 - 1480 164
612 + 1480
612 + 1480
612 d 1 1480
613 # 1504
613 - 1480 165
613 + 1480
613 + 1480
613 d 1 1480
614 # 1504
614 - 1480 163
615 # 1504
615 - 1480 161
615 + 1480
615 + 1480
616 # 1504
616 - 1480 162
616 + 1480
616 + 1480
616 d 1 1480
617 + 1480
617 d 1 1480
617 + 1480
617 d 1 1480
618 # 1504
618 - 1480 163
618 # 1504
618 - 1480 163
618 + 1480
618 + 1480
619 # 1504
619 - 1480 162
619 + 1480
619 + 1480
619 d 1 1480
620 # 1504
620 - 1480 155
620 + 1480
620 + 1480
620 d 1 1480
621 # 1504
621 - 1480 156
622 + 1480
622 + 1480
622 d 1 1480
623 + 1480
623 d 1 1480
623 + 1480
623 d 1 1480
624 + 1480
624 d 1 1480
624 + 1480
624 d 1 1480
625 + 1480
625 d 1 1480
625 + 1480
625 d 1 1480
626 + 1480
626 d 1 1480
626 + 1480
626 d 1 1480
627 + 1480
627 d 1 1480
627 + 1480
627 d 1 1480
629 + 1480
629 d 1 1480
629 + 1480
629 d 1 1480
630 + 1480
630 d 1 1480
630 + 1480
630 d 1 1480
631 # 1504
631 - 1480 165
631 # 1504
631 - 1480 162
631 # 1504
631 - 1480 161
631 # 1504
631 - 1480 160
631 # 1504
631 - 1480 159
631 # 1504
631 - 1480 155
631 # 1504
631 - 1480 154
631 # 1504
631 - 1480 154
631 # 1504
631 - 1480 153
631 + 1480
631 + 1480
632 # 1504
632 - 1480 153
632 + 1480
632 + 1480
633 + 1480
633 + 1480
634 # 1504
634 - 1480 154
634 # 1504
634 - 1480 151
634 + 1480
634 + 1480
635 + 1480
635 + 1480
636 # 1504
636 - 1480 146
637 # 1504
637 - 1480 146
637 + 1480
637 + 1480
638 + 1480
638 + 1480
639 # 1504
639 - 1480 145
639 # 1504
639 - 1480 145
639 + 1480
639 + 1480
640 # 1504
640 - 1480 145
640 + 1480
640 + 1480
640 d 1 1480
641 + 1480
641 d 1 1480
641 + 1480
641 d 1 1480
642 # 1504
642 - 1480 147
642 + 1480
642 + 1480
642 d 1 1480
643 + 80
643 d 1 80
644 + 1480
644 d 1 1480
644 + 1480
644 d 1 1480
645 # 1504
645 - 1480 149
645 + 1480
645 + 1480
645 d 1 1480
646 + 1480
646 d 1 1480
646 + 1480
646 d 1 1480
647 # 1504
647 - 1480 151
647 # 1504
647 - 1480 149
647 + 1480
647 + 1480
648 # 1504
648 - 1480 146
648 + 1480
648 + 1480
648 d 1 1480
649 + 1480
649 d 1 1480
649 + 1480
649 d 1 1480
650 # 1504
650 - 1480 147
651 + 1480
651 + 1480
652 + 1480
652 d 1 1480
652 + 1480
652 d 1 1480
653 # 1504
653 - 1480 145
653 + 1480
653 + 1480
653 d 1 1480
654 + 1480
654 d 1 1480
654 + 1480
654 d 1 1480
655 # 1504
655 - 1480 146
655 + 1480
655 + 1480
655 d 1 1480
656 # 1504
656 - 1480 144
656 # 1504
656 - 1480 143
656 + 1480
656 + 1480
657 # 1504
657 - 1480 142
657 + 1480
657 + 1480
657 d 1 1480
658 # 1504
658 - 1480 141
659 + 1480
659 + 1480
659 d 1 1480
660 # 1504
660 - 1480 143
660 + 1480
660 + 1480
660 d 1 1480
661 + 1480
661 d 1 1480
661 + 1480
661 d 1 1480
662 + 1480
662 d 1 1480
662 + 1480
662 d 1 1480
663 + 1480
663 d 1 1480
663 + 1480
663 d 1 1480
664 + 1480
664 d 1 1480
664 + 1480
664 d 1 1480
665 # 1504
665 - 1480 145
665 # 1504
665 - 1480 144
666 # 1504
666 - 1480 143
666 # 1504
666 - 1480 139
666 + 1480
666 + 1480
667 # 1504
667 - 1480 139
667 + 1480
667 + 1480
668 + 1480
668 + 1480
668 d 1 1480
669 # 1504
669 - 1480 139
669 + 1480
669 + 1480
669 d 1 1480
670 + 1480
670 d 1 1480
670 + 1480
670 d 1 1480
671 + 1480
671 d 1 1480
671 + 1480
671 d 1 1480
673 + 1480
673 d 1 1480
673 + 1480
673 d 1 1480
674 + 1480
674 d 1 1480
674 + 1480
674 d 1 1480
675 # 1504
675 - 1480 143
675 + 1480
675 + 1480
675 d 1 1480
676 # 1504
676 - 1480 142
676 + 1480
676 + 1480
676 d 1 1480
677 # 1504
677 - 1480 143
677 + 1480
677 + 1480
677 d 1 1480
678 + 1480
678 d 1 1480
678 + 1480
678 d 1 1480
679 + 1480
679 d 1 1480
679 + 1480
679 d 1 1480
681 + 1480
681 d 1 1480
681 + 1480
681 d 1 1480
682 + 1480
682 d 1 1480
682 + 1480
682 d 1 1480
683 # 1504
683 - 1480 147
683 + 1480
683 + 1480
683 d 1 1480
684 # 1504
684 - 1480 147
684 + 1480
685 # 1504
685 - 1480 146
685 + 1480
685 + 1480
685 d 1 1480
685 + 1480
685 d 1 1480
686 + 1480
686 d 1 1480
686 + 1480
686 d 1 1480
687 # 1504
687 - 1480 145
687 - 1480 137
688 + 1480
688 + 1480
689 # 1504
689 - 1480 138
689 # 1504
689 - 1480 137
689 + 1480
689 + 1480
690 # 1504
690 - 1480 138
690 + 1480
690 + 1480
691 + 1480
691 d 1 1480
691 + 1480
691 d 1 1480
692 + 1480
692 d 1 1480
692 + 1480
692 d 1 1480
693 # 1504
693 - 1480 140
693 + 1480
693 + 1480
693 d 1 1480
695 + 1480
695 d 1 1480
695 + 1480
695 d 1 1480
696 + 1480
696 d 1 1480
696 + 1480
696 d 1 1480
697 + 1480
697 d 1 1480
697 + 1480
697 d 1 1480
698 # 1504
698 - 1480 142
698 # 1504
698 - 1480 140
698 + 1480
698 + 1480
699 + 1480
699 d 1 1480
699 + 1480
699 d 1 1480
700 # 1504
700 - 1480 132
700 + 1480
700 + 1480
700 d 1 1480
701 + 1480
701 d 1 1480
701 + 1480
701 d 1 1480
703 # 1504
703 - 1480 135
703 # 1504
703 - 1480 135
703 # 1504
703 - 1480 134
703 # 1504
703 - 1480 134
703 # 1504
703 - 1480 132
703 # 1504
703 - 1480 132
703 # 1504
703 - 1480 131
703 # 1504
703 - 1480 129
703 + 1480
703 + 1480
704 # 1504
704 - 1480 129
704 + 1480
704 + 1480
705 # 1504
705 - 1480 127
705 + 1480
705 + 1480
706 # 1504
706 - 1480 128
706 + 1480
706 + 1480
707 # 1504
707 - 1480 127
707 + 1480
707 + 1480
708 # 1504
708 - 1480 125
708 + 1480
708 + 1480
709 # 1504
709 - 1480 125
710 + 1480
710 + 1480
711 # 1504
711 - 1480 125
711 + 1480
711 + 1480
711 d 1 1480
712 # 1504
712 - 1480 126
712 # 1504
712 - 1480 124
712 # 1504
712 - 1480 123
712 + 1480
712 + 1480
713 # 1504
713 - 1480 122
713 + 1480
713 + 1480
714 # 1504
714 - 1480 121
714 + 1480
714 + 1480
714 d 1 1480
715 # 1504
715 - 1480 122
715 + 1480
715 + 1480
715 d 1 1480
716 # 1504
716 - 1480 120
717 # 1504
717 - 1480 119
717 # 1504
717 - 1480 117
717 + 1480
717 + 1480
718 # 1504
718 - 1480 118
718 + 1480
718 + 1480
719 + 1480
719 d 1 1480
719 + 1480
719 d 1 1480
720 # 1504
720 - 1480 119
720 # 1504
720 - 1480 119
720 # 1504
720 - 1480 117
720 + 1480
720 + 1480
721 + 1480
721 + 1480
721 d 1 1480
722 # 1504
722 - 1480 119
722 + 1480
722 + 1480
723 # 1504
723 - 1480 118
723 + 1480
723 + 1480
723 d 1 1480
724 # 1504
724 - 1480 117
725 # 1504
725 - 1480 117
725 + 1480
725 + 1480
726 # 1504
726 - 1480 117
726 + 1480
726 + 1480
726 d 1 1480
727 + 1480
727 d 1 1480
727 + 1480
727 d 1 1480
728 + 1480
728 d 1 1480
728 + 1480
728 d 1 1480
729 + 1480
729 d 1 1480
729 + 1480
729 d 1 1480
730 + 1480
730 d 1 1480
730 + 1480
730 d 1 1480
732 + 1480
732 d 1 1480
732 + 1480
732 d 1 1480
733 + 1480
733 d 1 1480
733 + 1480
733 d 1 1480
734 + 1480
734 d 1 1480
734 + 1480
734 d 1 1480
734 + 1480
734 d 1 1480
735 # 1504
735 - 1480 125
735 # 1504
735 - 1480 125
735 # 1504
735 - 1480 124
735 # 1504
735 - 1480 124
735 # 1504
735 - 1480 123
735 # 1504
735 - 1480 122
735 + 1480
736 + 1480
736 + 1480
737 + 1480
737 + 1480
739 + 1480
739 + 1480
739 d 1 1480
740 + 1480
740 d 1 1480
740 + 1480
740 d 1 1480
741 + 1480
741 d 1 1480
741 + 1480
741 d 1 1480
742 + 1480
742 d 1 1480
742 + 1480
742 d 1 1480
743 + 1480
743 d 1 1480
743 + 1480
743 d 1 1480
744 # 1504
744 - 1480 129
744 + 1480
744 + 1480
744 d 1 1480
745 # 1504
745 - 1480 130
745 # 1504
745 - 1480 129
746 + 1480
746 + 1480
747 + 1480
747 d 1 1480
747 + 1480
747 d 1 1480
748 # 1504
748 - 1480 130
748 # 1504
748 - 1480 130
748 + 1480
748 + 1480
749 + 1480
749 d 1 1480
749 + 1480
749 d 1 1480
750 # 1504
750 - 1480 131
750 + 1480
750 + 1480
750 d 1 1480
751 # 1504
751 - 1480 131
751 # 1504
751 - 1480 129
751 # 1504
751 - 1480 120
751 # 1504
751 - 1480 120
751 + 1480
751 + 1480
752 + 1480
752 + 1480
753 # 1504
753 - 1480 121
754 # 1504
754 - 1480 122
754 + 1480
754 + 1480
755 + 1480
755 d 1 1480
755 + 1480
755 d 1 1480
756 # 1504
756 - 1480 123
756 + 1480
756 + 1480
757 + 1480
757 d 1 1480
757 + 1480
757 d 1 1480
758 # 1504
758 - 1480 125
758 + 1480
758 + 1480
758 d 1 1480
759 # 1504
759 - 1480 125
759 + 1480
759 + 1480
759 d 1 1480
760 # 1504
760 - 1480 125
760 - 1480 125
761 + 1480
761 + 1480
762 + 1480
762 d 1 1480
762 + 1480
762 d 1 1480
763 + 1480
763 d 1 1480
763 + 1480
763 d 1 1480
764 + 1480
764 d 1 1480
764 + 1480
764 d 1 1480
765 # 1504
765 - 1480 128
765 # 1504
765 - 1480 128
765 # 1504
765 - 1480 127
765 + 1480
765 + 1480
766 + 1480
766 + 1480
766 d 1 1480
767 # 1504
767 - 1480 129
767 + 1480
768 + 1480
768 d 1 1480
769 + 1480
769 d 1 1480
769 + 1480
769 d 1 1480
770 + 1480
770 d 1 1480
770 + 1480
770 d 1 1480
771 + 1480
771 d 1 1480
771 + 1480
771 d 1 1480
772 + 1480
772 d 1 1480
772 + 1480
772 d 1 1480
773 + 1480
773 d 1 1480
773 + 1480
773 d 1 1480
774 + 1480
774 d 1 1480
774 + 1480
774 d 1 1480
776 # 1504
776 - 1480 137
776 # 1504
776 - 1480 137
776 + 1480
776 + 1480
777 # 1504
777 - 1480 137
777 # 1504
777 - 1480 135
777 # 1504
777 - 1480 132
777 # 1504
777 - 1480 130
777 + 1480
777 + 1480
778 # 1504
778 - 1480 131
778 + 1480
778 + 1480
779 + 1480
779 + 1480
779 d 1 1480
780 # 1504
780 - 1480 132
780 + 1480
780 + 1480
780 d 1 1480
781 + 1480
781 d 1 1480
781 + 1480
781 d 1 1480
782 # 1504
782 - 1480 131
782 # 1504
782 - 1480 131
783 + 1480
783 + 1480
784 # 1504
784 - 1480 131
784 + 1480
784 + 1480
784 d 1 1480
785 # 1504
785 - 1480 130
785 + 1480
785 + 1480
785 d 1 1480
786 + 1480
786 d 1 1480
786 + 1480
786 d 1 1480
787 # 1504
787 - 1480 131
787 + 1480
787 + 1480
788 # 1504
788 - 1480 132
788 + 1480
788 + 1480
788 d 1 1480
789 # 1504
789 - 1480 130
790 # 1504
790 - 1480 130
790 + 1480
790 + 1480
791 + 1480
791 d 1 1480
791 + 1480
791 d 1 1480
792 # 1504
792 - 1480 126
792 + 1480
792 + 1480
792 d 1 1480
793 # 1504
793 - 1480 127
793 + 1480
793 + 1480
793 d 1 1480
794 + 1480
794 d 1 1480
794 + 1480
794 d 1 1480
795 # 1504
795 - 1480 128
795 # 1504
795 - 1480 128
795 + 1480
795 + 1480
796 # 1504
796 - 1480 128
796 + 1480
796 + 1480
796 d 1 1480
797 # 1504
797 - 1480 128
798 # 1504
798 - 1480 123
798 + 1480
798 + 1480
799 + 1480
799 d 1 1480
799 + 1480
799 d 1 1480
800 + 1480
800 d 1 1480
801 + 1480
801 d 1 1480
801 + 1480
801 d 1 1480
801 + 1480
801 d 1 1480
802 # 1504
802 - 1480 126
802 + 1480
802 + 1480
802 d 1 1480
803 # 1504
803 - 1480 126
803 + 1480
803 + 1480
803 d 1 1480
805 + 1480
805 d 1 1480
805 + 1480
805 d 1 1480
806 # 1504
806 - 1480 123
806 + 1480
806 + 1480
806 d 1 1480
807 # 1504
807 - 1480 123
807 + 1480
807 + 1480
807 d 1 1480
808 + 1480
808 d 1 1480
808 + 1480
808 d 1 1480
809 # 1504
809 - 1480 124
809 + 1480
809 + 1480
809 d 1 1480
810 + 1480
810 d 1 1480
810 + 1480
810 d 1 1480
812 + 1480
812 d 1 1480
812 + 1480
812 d 1 1480
813 + 1480
813 d 1 1480
813 + 1480
813 d 1 1480
814 + 1480
814 d 1 1480
814 + 1480
814 d 1 1480
815 + 1480
815 d 1 1480
815 + 1480
815 d 1 1480
816 + 1480
816 d 1 1480
816 + 1480
816 d 1 1480
817 + 1480
817 d 1 1480
817 + 1480
817 d 1 1480
818 # 1504
818 - 1480 130
818 # 1504
818 - 1480 130
818 # 1504
818 - 1480 129
818 + 1480
818 + 1480
819 # 1504
819 - 1480 129
819 # 1504
819 - 1480 129
820 # 1504
820 - 1480 127
820 # 1504
820 - 1480 122
820 + 1480
820 + 1480
821 # 1504
821 - 1480 123
821 + 1480
821 + 1480
822 + 1480
822 + 1480
823 + 1480
823 + 1480
823 d 1 1480
824 + 1480
824 d 1 1480
824 + 1480
824 d 1 1480
825 + 1480
825 d 1 1480
825 + 1480
825 d 1 1480
827 + 1480
827 d 1 1480
827 + 1480
827 d 1 1480
828 + 1480
828 d 1 1480
828 + 1480
828 d 1 1480
829 + 1480
829 d 1 1480
829 + 1480
829 d 1 1480
830 # 1504
830 - 1480 130
830 # 1504
830 - 1480 127
830 # 1504
830 - 1480 127
830 # 1504
830 - 1480 126
830 # 1504
830 - 1480 126
830 + 1480
830 + 1480
831 + 1480
831 + 1480
832 # 1504
832 - 1480 127
832 + 1480
832 + 1480
833 # 1504
833 - 1480 128
834 # 1504
834 - 1480 128
834 + 1480
834 + 1480
835 + 1480
835 d 1 1480
835 + 1480
835 d 1 1480
836 # 1504
836 - 1480 130
836 # 1504
836 - 1480 129
836 + 1480
836 + 1480
837 # 1504
837 - 1480 130
837 + 1480
837 + 1480
837 d 1 1480
838 # 1504
838 - 1480 130
838 # 1504
838 - 1480 130
838 + 1480
838 + 1480
839 + 1480
839 d 1 1480
839 + 1480
839 d 1 1480
841 # 1504
841 - 1480 131
841 # 1504
841 - 1480 131
841 + 1480
841 + 1480
842 # 1504
842 - 1480 131
842 + 1480
842 + 1480
842 d 1 1480
843 + 1480
843 d 1 1480
843 + 1480
843 d 1 1480
844 + 1480
844 d 1 1480
844 + 1480
844 d 1 1480
845 # 1504
845 - 1480 133
845 # 1504
845 - 1480 133
845 # 1504
845 - 1480 132
845 + 1480
845 + 1480
846 + 1480
846 + 1480
847 + 1480
847 d 1 1480
847 + 1480
847 d 1 1480
849 + 1480
849 d 1 1480
849 + 1480
849 d 1 1480
850 + 1480
850 d 1 1480
850 + 1480
850 d 1 1480
851 + 1480
851 d 1 1480
851 + 1480
851 d 1 1480
852 + 1480
852 d 1 1480
852 + 1480
852 d 1 1480
853 + 1480
853 d 1 1480
853 + 1480
853 d 1 1480
854 + 1480
854 d 1 1480
854 + 1480
854 d 1 1480
855 # 1504
855 - 1480 141
856 # 1504
856 - 1480 141
856 - 1480 139
856 # 1504
856 - 1480 139
856 # 1504
856 - 1480 138
856 # 1504
856 - 1480 138
856 # 1504
856 - 1480 136
856 # 1504
856 - 1480 136
856 + 1480
856 + 1480
857 # 1504
857 - 1480 136
857 # 1504
857 - 1480 135
857 # 1504
857 - 1480 135
857 + 1480
857 + 1480
858 + 1480
858 + 1480
859 # 1504
859 - 1480 136
859 + 1480
859 + 1480
859 + 80
860 + 1480
860 + 1480
861 + 1480
861 + 1480
861 d 1 1480
863 + 1480
863 d 1 1480
863 + 1480
863 d 1 1480
864 + 1480
864 d 1 1480
864 + 1480
864 d 1 1480
865 + 1480
865 d 1 1480
865 + 1480
865 d 1 1480
866 + 1480
866 d 1 1480
866 + 1480
866 d 1 1480
868 # 1504
868 - 1480 143
868 # 1504
868 - 1480 143
868 # 1504
868 - 1480 142
868 # 1504
868 - 1480 133
868 # 1504
868 - 1480 132
868 # 1504
868 - 1480 132
868 # 1504
868 - 1480 131
868 + 1480
868 + 1480
868 + 1480
869 # 1504
869 - 1480 132
869 # 1504
869 - 1480 130
869 + 1480
869 + 1480
869 + 1480
870 # 1504
870 - 1480 126
871 # 1504
871 - 1480 125
871 + 1480
871 + 1480
872 + 1480
872 + 1480
873 # 1504
873 - 1480 127
873 + 1480
873 + 1480
874 # 1504
874 - 1480 126
874 + 1480
874 + 1480
875 # 1504
875 - 1480 125
875 + 1480
875 + 1480
875 d 1 1480
876 + 1480
876 d 1 1480
876 + 1480
876 d 1 1480
877 + 1480
877 d 1 1480
878 # 1504
878 - 1480 127
878 + 1480
879 # 1504
879 - 1480 128
879 # 1504
879 - 1480 127
879 + 1480
879 + 1480
880 # 1504
880 - 1480 128
880 + 1480
880 + 1480
880 d 1 1480
881 # 1504
881 - 1480 127
881 + 1480
881 + 1480
881 d 1 1480
882 + 1480
882 d 1 1480
882 + 1480
882 d 1 1480
883 + 1480
883 d 1 1480
883 + 1480
883 d 1 1480
884 # 1504
884 - 1480 130
885 + 1480
885 + 1480
885 d 1 1480
886 # 1504
886 - 1480 130
886 # 1504
886 - 1480 130
886 + 1480
886 + 1480
887 # 1504
887 - 1480 129
887 + 1480
887 + 1480
887 d 1 1480
888 + 1480
888 d 1 1480
888 + 1480
888 d 1 1480
889 + 1480
889 d 1 1480
889 + 1480
889 d 1 1480
890 + 1480
890 d 1 1480
890 + 1480
890 d 1 1480
891 + 1480
891 d 1 1480
891 + 1480
891 d 1 1480
893 + 1480
893 d 1 1480
893 + 1480
893 d 1 1480
894 + 1480
894 d 1 1480
894 + 1480
894 d 1 1480
895 + 1480
895 d 1 1480
895 + 1480
895 d 1 1480
896 # 1504
896 - 1480 137
896 # 1504
896 - 1480 135
896 # 1504
896 - 1480 135
896 + 1480
896 + 1480
897 + 1480
897 + 1480
897 d 1 1480
898 # 1504
898 - 1480 133
898 # 1504
898 - 1480 133
898 # 1504
898 - 1480 131
898 # 1504
898 - 1480 122
898 # 1504
898 - 1480 122
898 # 1504
898 - 1480 121
898 + 1480
898 + 1480
899 # 1504
899 - 1480 122
899 # 1504
899 - 1480 121
899 # 1504
899 - 1480 121
900 + 1480
900 + 1480
901 + 1480
901 + 1480
902 + 1480
902 + 1480
903 + 1480
903 + 1480
904 + 1480
904 d 1 1480
904 + 1480
904 d 1 1480
905 + 1480
905 d 1 1480
905 + 1480
905 d 1 1480
907 + 1480
907 d 1 1480
907 + 1480
907 d 1 1480
908 # 1504
908 - 1480 129
908 # 1504
908 - 1480 128
908 # 1504
908 - 1480 125
908 # 1504
908 - 1480 125
908 # 1504
908 - 1480 124
908 # 1504
908 - 1480 123
908 + 1480
908 + 1480
909 # 1504
909 - 1480 122
909 # 1504
909 - 1480 122
909 # 1504
909 - 1480 121
909 # 1504
909 - 1480 119
909 + 1480
909 + 1480
910 # 1504
910 - 1480 120
910 + 1480
910 + 1480
911 # 1504
911 - 1480 119
911 # 1504
911 - 1480 118
911 + 1480
911 + 1480
912 + 1480
912 + 1480
913 # 1504
913 - 1480 118
913 # 1504
913 - 1480 118
913 + 1480
913 + 1480
914 # 1504
914 - 1480 118
915 # 1504
915 - 1480 117
915 + 1480
915 + 1480
916 # 1504
916 - 1480 118
916 - 1480 114
916 + 1480
916 + 1480
917 # 1504
917 - 1480 114
917 + 1480
917 + 1480
918 # 1504
918 - 1480 112
918 + 1480
918 + 1480
919 # 1504
919 - 1480 112
919 + 1480
919 + 1480
920 # 1504
920 - 1480 111
920 # 1504
920 - 1480 102
920 + 1480
920 + 1480
921 # 1504
921 - 1480 103
922 + 1480
922 + 1480
922 d 1 1480
923 + 1480
923 d 1 1480
923 + 1480
923 d 1 1480
924 + 1480
924 d 1 1480
924 + 1480
924 d 1 1480
925 + 1480
925 d 1 1480
925 + 1480
925 d 1 1480
926 + 1480
926 d 1 1480
926 + 1480
926 d 1 1480
927 + 1480
927 d 1 1480
927 + 1480
927 d 1 1480
929 + 1480
929 d 1 1480
929 + 1480
929 d 1 1480
930 # 1504
930 - 1480 110
930 # 1504
930 - 1480 110
930 # 1504
930 - 1480 109
930 # 1504
930 - 1480 108
930 + 1480
930 + 1480
931 # 1504
931 - 1480 109
931 # 1504
931 - 1480 108
931 # 1504
931 - 1480 101
931 # 1504
931 - 1480 101
931 + 1480
931 + 1480
932 # 1504
932 - 1480 101
932 + 1480
932 + 1480
933 # 1504
933 - 1480 102
933 + 1480
933 + 1480
934 # 1504
934 - 1480 102
934 + 1480
934 + 1480
935 # 1504
935 - 1480 103
935 + 1480
935 + 1480
936 # 1504
936 - 1480 102
936 # 1504
936 - 1480 102
937 + 1480
937 + 1480
938 # 1504
938 - 1480 102
938 + 1480
938 + 1480
939 # 1504
939 - 1480 103
939 + 1480
939 + 1480
939 d 1 1480
940 # 1504
940 - 1480 103
940 + 1480
940 + 1480
940 d 1 1480
941 + 1480
941 d 1 1480
941 + 1480
941 d 1 1480
942 # 1504
942 - 1480 104
942 + 1480
942 + 1480
942 d 1 1480
944 # 1504
944 - 1480 106
944 # 1504
944 - 1480 103
944 + 1480
944 + 1480
945 # 1504
945 - 1480 104
945 + 1480
945 + 1480
945 d 1 1480
946 # 1504
946 - 1480 104
946 + 1480
946 + 1480
946 d 1 1480
947 # 1504
947 - 1480 102
947 + 1480
947 + 1480
948 + 1480
948 d 1 1480
948 + 1480
948 d 1 1480
949 # 1504
949 - 1480 104
949 # 1504
949 - 1480 103
949 + 1480
949 + 1480
950 # 1504
950 - 1480 94
950 + 1480
950 + 1480
950 d 1 1480
952 # 1504
952 - 1480 96
952 + 1480
952 + 1480
952 d 1 1480
953 # 1504
953 - 1480 96
953 + 1480
953 + 1480
953 d 1 1480
954 # 1504
954 - 1480 97
954 + 1480
954 + 1480
954 d 1 1480
955 # 1504
955 - 1480 97
955 # 1504
955 - 1480 97
955 + 1480
955 + 1480
956 # 1504
956 - 1480 97
956 # 1504
956 - 1480 97
956 - 80 97
956 + 1480
956 + 1480
957 + 1480
958 + 1480
958 d 1 1480
959 # 1504
959 - 1480 99
959 + 1480
959 + 1480
959 d 1 1480
960 + 1480
960 d 1 1480
960 + 1480
960 d 1 1480
961 + 1480
961 d 1 1480
961 + 1480
961 d 1 1480
962 + 1480
962 d 1 1480
962 + 1480
962 d 1 1480
963 + 1480
963 d 1 1480
963 + 1480
963 d 1 1480
964 + 1480
964 d 1 1480
964 + 1480
964 d 1 1480
966 + 1480
966 d 1 1480
966 + 1480
966 d 1 1480
967 + 1480
967 d 1 1480
967 + 1480
967 d 1 1480
968 # 1504
968 - 1480 108
968 # 1504
968 - 1480 107
968 # 1504
968 - 1480 100
968 # 1504
968 - 1480 100
968 # 1504
968 - 1480 100
968 + 1480
968 + 1480
968 + 1480
969 # 1504
969 - 1480 100
969 # 1504
969 - 1480 100
969 # 1504
969 - 1480 100
969 # 1504
969 - 1480 98
969 + 1480
970 + 1480
970 + 1480
971 # 1504
971 - 1480 100
971 + 1480
971 + 1480
972 # 1504
972 - 1480 100
973 # 1504
973 - 1480 100
973 # 1504
973 - 1480 100
973 + 1480
973 + 1480
974 # 1504
974 - 1480 100
974 + 1480
974 + 1480
975 + 1480
975 + 1480
976 # 1504
976 - 1480 102
976 + 1480
976 + 1480
977 # 1504
977 - 1480 102
977 + 1480
977 + 1480
977 d 1 1480
978 # 1504
978 - 1480 100
978 + 1480
978 + 1480
978 d 1 1480
980 + 1480
980 d 1 1480
980 + 1480
980 d 1 1480
981 # 1504
981 - 1480 102
981 # 1504
981 - 1480 102
981 # 1504
981 - 1480 101
981 + 1480
981 + 1480
982 # 1504
982 - 1480 101
982 + 1480
982 + 1480
983 # 1504
983 - 1480 98
983 + 1480
983 + 1480
983 d 1 1480
984 # 1504
984 - 1480 98
984 + 1480
984 + 1480
984 d 1 1480
985 # 1504
985 - 1480 99
985 + 1480
985 + 1480
985 d 1 1480
986 + 1480
986 d 1 1480
986 + 1480
986 d 1 1480
987 # 1504
987 - 1480 100
987 - 1480 91
987 # 1504
987 - 1480 91
988 # 1504
988 - 1480 91
988 + 1480
988 + 1480
989 # 1504
989 - 1480 91
989 + 1480
989 + 1480
990 # 1504
990 - 1480 92
990 + 1480
990 + 1480
991 # 1504
991 - 1480 91
991 + 1480
991 + 1480
991 d 1 1480
992 # 1504
992 - 1480 92
992 + 1480
992 + 1480
992 d 1 1480
993 # 1504
993 - 1480 92
993 + 1480
993 + 1480
993 d 1 1480
994 # 1504
994 - 1480 93
995 # 1504
995 - 1480 93
995 + 1480
995 + 1480
996 # 1504
996 - 1480 93
996 # 1504
996 - 1480 93
996 + 1480
996 + 1480
997 # 1504
997 - 1480 89
997 + 1480
997 + 1480
998 # 1504
998 - 1480 90
998 + 1480
998 + 1480
998 d 1 1480
999 # 1504
999 - 1480 90
999 + 1480
999 + 1480
999 d 1 1480
1000 # 1504
1000 - 1480 91
1000 + 1480
1000 + 1480
1000 d 1 1480
1001 # 1504
1001 - 1480 91
1002 # 1504
1002 - 1480 92
1002 + 1480
1002 + 1480
1003 + 1480
1003 d 1 1480
1003 + 1480
1003 d 1 1480
1004 # 1504
1004 - 1480 93
1004 # 1504
1004 - 1480 93
1004 + 1480
1004 + 1480
1005 # 1504
1005 - 1480 93
1005 + 1480
1005 + 1480
1005 d 1 1480
1006 # 1504
1006 - 1480 94
1006 + 1480
1006 + 1480
1006 d 1 1480
1007 # 1504
1007 - 1480 94
1007 + 1480
1007 + 1480
1007 d 1 1480
1008 # 1504
1008 - 1480 95
1008 + 1480
1008 + 1480
1008 d 1 1480
1009 # 1504
1009 - 1480 94
1010 + 1480
1010 + 1480
1010 d 1 1480
1011 + 1480
1011 d 1 1480
1011 + 1480
1011 d 1 1480
1012 + 1480
1012 d 1 1480
1012 + 1480
1012 d 1 1480
1013 + 1480
1013 d 1 1480
1013 + 1480
1013 d 1 1480
1014 + 1480
1014 d 1 1480
1014 + 1480
1014 d 1 1480
1015 + 1480
1015 d 1 1480
1015 + 1480
1015 d 1 1480
1017 + 1480
1017 d 1 1480
1017 + 1480
1017 d 1 1480
1018 + 1480
1018 d 1 1480
1018 + 1480
1018 d 1 1480
1019 # 1504
1019 - 1480 104
1019 # 1504
1019 - 1480 103
1019 # 1504
1019 - 1480 102
1019 + 1480
1019 + 1480
1020 + 1480
1020 + 1480
1021 + 1480
1021 d 1 1480
1021 + 1480
1021 d 1 1480
1022 + 1480
1022 d 1 1480
1022 + 1480
1022 d 1 1480
1024 # 1504
1024 - 1480 107
1024 # 1504
1024 - 1480 106
1024 + 1480
1024 + 1480
1025 + 1480
1025 d 1 1480
1025 + 1480
1025 d 1 1480
1026 + 1480
1026 d 1 1480
1026 + 1480
1026 d 1 1480
1027 + 1480
1027 d 1 1480
1027 + 1480
1027 d 1 1480
1028 # 1504
1028 - 1480 110
1028 + 1480
1028 + 1480
1028 d 1 1480
1029 # 1504
1029 - 1480 110
1029 # 1504
1029 - 1480 110
1029 # 1504
1029 - 1480 109
1029 # 1504
1029 - 1480 109
1029 + 1480
1029 + 1480
1030 # 1504
1030 - 1480 108
1030 # 1504
1030 - 1480 100
1030 + 1480
1030 + 1480
1031 # 1504
1031 - 1480 101
1031 # 1504
1031 - 1480 100
1032 + 1480
1032 + 1480
1033 + 1480
1033 + 1480
1034 + 1480
1034 d 1 1480
1034 + 1480
1034 d 1 1480
1035 # 1504
1035 - 1480 104
1035 # 1504
1035 - 1480 103
1035 # 1504
1035 - 1480 103
1035 + 1480
1035 + 1480
1036 + 1480
1036 + 1480
1036 d 1 1480
1037 + 1480
1037 d 1 1480
1037 + 1480
1037 d 1 1480
1039 + 1480
1039 d 1 1480
1039 + 1480
1039 d 1 1480
1040 + 1480
1040 d 1 1480
1040 + 1480
1040 d 1 1480
1041 + 1480
1041 d 1 1480
1041 + 1480
1041 d 1 1480
1042 + 1480
1042 d 1 1480
1042 + 1480
1042 d 1 1480
1043 # 1504
1043 - 1480 110
1043 # 1504
1043 - 1480 110
1043 # 1504
1043 - 1480 109
1043 # 1504
1043 - 1480 108
1043 # 1504
1043 - 1480 108
1043 + 1480
1043 + 1480
1044 + 1480
1044 + 1480
1046 + 1480
1046 + 1480
1047 + 1480
1047 d 1 1480
1047 + 1480
1047 d 1 1480
1048 # 1504
1048 - 1480 111
1048 # 1504
1048 - 1480 111
1048 # 1504
1048 - 1480 110
1048 # 1504
1048 - 1480 110
1048 # 1504
1048 - 1480 109
1048 # 1504
1048 - 1480 108
1048 # 1504
1048 - 1480 106
1048 + 1480
1048 + 1480
1049 # 1504
1049 - 1480 105
1049 + 1480
1049 + 1480
1050 + 1480
1050 + 1480
1051 + 1480
1051 + 1480
1052 + 1480
1052 d 1 1480
1052 + 1480
1052 d 1 1480
1054 + 1480
1054 d 1 1480
1054 + 1480
1054 d 1 1480
1055 + 1480
1055 d 1 1480
1055 + 1480
1055 d 1 1480
1056 + 1480
1056 d 1 1480
1056 + 1480
1056 d 1 1480
1057 # 1504
1057 - 1480 113
1057 # 1504
1057 - 1480 112
1057 + 1480
1057 + 1480
1058 + 1480
1058 d 1 1480
1058 + 1480
1058 d 1 1480
1059 + 1480
1059 d 1 1480
1059 + 1480
1059 d 1 1480
1061 + 1480
1061 d 1 1480
1061 + 1480
1061 d 1 1480
1062 + 1480
1062 d 1 1480
1062 + 1480
1062 d 1 1480
1063 + 1480
1063 d 1 1480
1063 + 1480
1063 d 1 1480
1064 + 1480
1064 d 1 1480
1064 + 1480
1064 d 1 1480
1065 # 1504
1065 - 1480 119
1065 # 1504
1065 - 1480 118
1065 # 1504
1065 - 1480 116
1065 # 1504
1065 - 1480 116
1065 # 1504
1065 - 1480 115
1065 + 1480
1065 + 1480
1066 # 1504
1066 - 1480 114
1066 - 1480 113
1066 # 1504
1066 - 1480 112
1066 + 1480
1066 + 1480
1068 + 1480
1068 + 1480
1069 # 1504
1069 - 1480 114
1069 # 1504
1069 - 1480 114
1069 + 1480
1069 + 1480
1070 # 1504
1070 - 1480 114
1070 # 1504
1070 - 1480 114
1070 + 1480
1070 + 1480
1071 # 1504
1071 - 1480 114
1071 + 1480
1071 + 1480
1072 # 1504
1072 - 1480 113
1072 + 1480
1072 + 1480
1073 + 1480
1073 + 1480
1073 d 1 1480
1074 # 1504
1074 - 1480 106
1074 # 1504
1074 - 1480 106
1074 + 1480
1075 # 1504
1075 - 1480 107
1075 + 1480
1076 # 1504
1076 - 1480 107
1076 + 1480
1076 + 1480
1077 # 1504
1077 - 1480 107
1077 + 1480
1077 + 1480
1077 d 1 1480
1078 # 1504
1078 - 1480 108
1078 + 1480
1078 + 1480
1078 d 1 1480
1079 + 1480
1079 d 1 1480
1079 + 1480
1079 d 1 1480
1080 + 1480
1080 d 1 1480
1080 + 1480
1080 d 1 1480
1081 + 1480
1081 d 1 1480
1081 + 1480
1081 d 1 1480
1083 + 1480
1083 d 1 1480
1083 + 1480
1083 d 1 1480
1084 + 1480
1084 d 1 1480
1084 + 1480
1084 d 1 1480
1085 + 1480
1085 d 1 1480
1085 + 1480
1085 d 1 1480
1086 + 1480
1086 d 1 1480
1086 + 1480
1086 d 1 1480
1087 # 1504
1087 - 1480 116
1087 + 1480
1087 + 1480
1088 # 1504
1088 - 1480 117
1088 # 1504
1088 - 1480 115
1088 # 1504
1088 - 1480 114
1088 # 1504
1088 - 1480 114
1088 # 1504
1088 - 1480 113
1088 + 1480
1088 + 1480
1089 # 1504
1089 - 1480 114
1090 # 1504
1090 - 1480 114
1090 + 1480
1090 + 1480
1091 + 1480
1091 + 1480
1092 # 1504
1092 - 1480 116
1092 + 1480
1092 + 1480
1093 # 1504
1093 - 1480 116
1093 + 1480
1093 + 1480
1093 d 1 1480
1094 # 1504
1094 - 1480 116
1094 + 1480
1094 + 1480
1094 d 1 1480
1095 # 1504
1095 - 1480 114
1095 + 1480
1095 + 1480
1095 d 1 1480
1096 # 1504
1096 - 1480 115
1097 # 1504
1097 - 1480 115
1097 + 1480
1097 + 1480
1098 # 1504
1098 - 1480 116
1098 + 1480
1098 + 1480
1098 d 1 1480
1099 # 1504
1099 - 1480 116
1099 + 1480
1099 + 1480
1099 d 1 1480
1100 + 1480
1100 d 1 1480
1100 + 1480
1100 d 1 1480
1101 + 1480
1101 d 1 1480
1101 + 1480
1101 d 1 1480
1102 + 1480
1102 d 1 1480
1102 + 1480
1102 d 1 1480
1103 + 1480
1103 d 1 1480
1103 + 1480
1103 d 1 1480
1105 + 1480
1105 d 1 1480
1105 + 1480
1105 d 1 1480
1106 + 1480
1106 d 1 1480
1106 + 1480
1106 d 1 1480
1107 + 1480
1107 d 1 1480
1107 + 1480
1107 d 1 1480
1108 # 1504
1108 - 1480 124
1108 # 1504
1108 - 1480 123
1108 # 1504
1108 - 1480 120
1108 # 1504
1108 - 1480 119
1108 + 1480
1108 + 1480
1109 + 1480
1109 + 1480
1110 + 1480
1110 + 1480
1110 d 1 1480
1112 + 1480
1112 d 1 1480
1112 + 1480
1112 d 1 1480
1113 + 1480
1113 d 1 1480
1113 + 1480
1113 d 1 1480
1114 # 1504
1114 - 1480 125
1114 # 1504
1114 - 1480 124
1114 # 1504
1114 - 1480 124
1114 # 1504
1114 - 1480 123
1114 # 1504
1114 - 1480 122
1114 # 1504
1114 - 1480 121
1114 + 1480
1114 + 1480
1115 + 1480
1115 + 1480
1116 + 1480
1116 + 1480
1117 + 1480
1117 d 1 1480
1117 + 1480
1117 d 1 1480
1118 + 1480
1118 d 1 1480
1118 + 1480
1118 d 1 1480
1120 + 1480
1120 d 1 1480
1120 + 1480
1120 d 1 1480
1121 + 1480
1121 d 1 1480
1121 + 1480
1121 d 1 1480
1122 + 1480
1122 d 1 1480
1122 + 1480
1122 d 1 1480
1123 + 1480
1123 d 1 1480
1123 + 1480
1123 d 1 1480
1124 + 1480
1124 d 1 1480
1124 + 1480
1124 d 1 1480
1125 + 1480
1125 d 1 1480
1125 + 1480
1125 d 1 1480
1127 + 1480
1127 d 1 1480
1127 + 1480
1127 d 1 1480
1128 + 1480
1128 d 1 1480
1128 + 1480
1128 d 1 1480
1129 + 1480
1129 d 1 1480
1129 + 1480
1129 d 1 1480
1130 + 1480
1130 d 1 1480
1130 + 1480
1130 d 1 1480
1131 + 1480
1131 d 1 1480
1131 + 1480
1131 d 1 1480
1132 # 1504
1132 - 1480 137
1132 # 1504
1132 - 1480 137
1132 # 1504
1132 - 1480 136
1132 # 1504
1132 - 1480 135
1132 # 1504
1132 - 1480 135
1132 # 1504
1132 - 1480 134
1132 # 1504
1132 - 1480 133
1132 # 1504
1132 - 1480 132
1132 # 1504
1132 - 1480 130
1132 # 1504
1132 - 1480 130
1132 + 1480
1132 + 1480
1133 # 1504
1133 - 1480 129
1133 # 1504
1133 - 1480 129
1134 + 1480
1134 + 1480
1134 + 1480
1134 + 1480
1136 # 1504
1136 - 1480 131
1136 + 1480
1136 + 1480
1137 # 1504
1137 - 1480 131
1137 + 1480
1137 + 1480
1138 + 1480
1138 + 1480
1139 + 1480
1139 + 1480
1141 # 1504
1141 - 1480 134
1141 + 1480
1141 + 1480
1142 # 1504
1142 - 1480 134
1142 + 1480
1142 + 1480
1143 # 1504
1143 - 1480 124
1143 + 1480
1143 + 1480
1143 d 1 1480
1144 + 1480
1144 d 1 1480
1144 + 1480
1144 d 1 1480
1145 # 1504
1145 - 1480 126
1145 + 1480
1145 + 1480
1145 d 1 1480
1146 + 1480
1146 d 1 1480
1146 + 1480
1146 d 1 1480
1147 + 1480
1147 d 1 1480
1147 + 1480
1147 d 1 1480
1149 + 1480
1149 d 1 1480
1149 + 1480
1149 d 1 1480
1150 + 1480
1150 d 1 1480
1151 # 1504
1151 - 1480 131
1151 + 1480
1151 + 1480
1151 d 1 1480
1151 + 1480
1151 d 1 1480
1152 # 1504
1152 - 1480 132
1152 + 1480
1152 + 1480
1152 d 1 1480
1153 + 1480
1153 d 1 1480
1153 + 1480
1153 d 1 1480
1154 + 1480
1154 d 1 1480
1154 + 1480
1154 d 1 1480
1156 + 1480
1156 d 1 1480
1156 + 1480
1156 d 1 1480
1157 + 1480
1157 d 1 1480
1157 + 1480
1157 d 1 1480
1158 + 1480
1158 d 1 1480
1158 + 1480
1158 d 1 1480
1159 # 1504
1159 - 1480 135
1159 # 1504
1159 - 1480 135
1159 - 1480 130
1159 + 1480
1159 + 1480
1160 + 1480
1160 + 1480
1160 d 1 1480
1161 # 1504
1161 - 1480 132
1161 + 1480
1161 + 1480
1163 + 1480
1163 d 1 1480
1163 + 1480
1163 d 1 1480
1164 + 1480
1164 d 1 1480
1164 + 1480
1164 d 1 1480
1165 + 1480
1165 d 1 1480
1165 + 1480
1165 d 1 1480
1166 + 1480
1166 d 1 1480
1166 + 1480
1166 d 1 1480
1167 + 1480
1167 d 1 1480
1167 + 1480
1167 d 1 1480
1168 + 1480
1168 d 1 1480
1168 + 1480
1168 d 1 1480
1169 # 1504
1169 - 1480 139
1169 # 1504
1169 - 1480 139
1169 # 1504
1169 - 1480 137
1169 # 1504
1169 - 1480 137
1169 + 1480
1169 + 1480
1170 # 1504
1170 - 1480 137
1170 # 1504
1170 - 1480 137
1171 # 1504
1171 - 1480 136
1171 + 1480
1171 + 1480
1172 + 1480
1172 + 1480
1173 # 1504
1173 - 1480 138
1173 + 1480
1173 + 1480
1174 + 1480
1174 d 1 1480
1174 + 1480
1174 d 1 1480
1175 # 1504
1175 - 1480 139
1175 + 1480
1175 + 1480
1175 d 1 1480
1176 # 1504
1176 - 1480 133
1176 + 1480
1176 + 1480
1176 d 1 1480
1178 # 1504
1178 - 1480 135
1178 + 1480
1178 + 1480
1179 + 1480
1179 d 1 1480
1179 + 1480
1179 d 1 1480
1180 # 1504
1180 - 1480 136
1180 + 1480
1180 + 1480
1180 d 1 1480
1181 + 1480
1181 d 1 1480
1181 + 1480
1181 d 1 1480
1182 # 1504
1182 - 1480 136
1182 + 1480
1182 + 1480
1182 d 1 1480
1183 + 1480
1183 d 1 1480
1183 + 1480
1183 d 1 1480
1184 + 1480
1184 d 1 1480
1184 + 1480
1184 d 1 1480
1185 # 1504
1185 - 1480 139
1185 # 1504
1185 - 1480 137
1186 + 1480
1186 + 1480
1187 + 1480
1187 d 1 1480
1187 + 1480
1187 d 1 1480
1188 # 1504
1188 - 1480 140
1188 # 1504
1188 - 1480 139
1188 + 1480
1188 + 1480
1189 + 1480
1189 d 1 1480
1189 + 1480
1189 d 1 1480
1190 + 1480
1190 d 1 1480
1190 + 1480
1190 d 1 1480
1191 + 1480
1191 d 1 1480
1192 + 1480
1192 d 1 1480
1193 # 1504
1193 - 1480 144
1193 + 1480
1193 + 1480
1193 d 1 1480
1194 # 1504
1194 - 1480 144
1194 + 1480
1194 + 1480
1194 d 1 1480
1195 + 1480
1195 d 1 1480
1195 + 1480
1195 d 1 1480
1196 # 1504
1196 - 1480 146
1196 + 1480
1196 + 1480
1197 + 1480
1197 d 1 1480
1197 + 1480
1197 d 1 1480
1198 # 1504
1198 - 1480 147
1198 + 1480
1198 + 1480
1198 d 1 1480
1200 + 1480
1200 d 1 1480
1200 + 1480
1200 d 1 1480
1201 + 1480
1201 d 1 1480
1201 + 1480
1201 d 1 1480
1202 # 1504
1202 - 1480 145
1202 + 1480
1202 + 1480
1202 d 1 1480
1203 # 1504
1203 - 1480 146
1203 + 1480
1203 + 1480
1203 d 1 1480
1204 # 1504
1204 - 1480 139
1204 + 1480
1204 + 1480
1204 d 1 1480
1205 # 1504
1205 - 1480 140
1205 + 1480
1205 + 1480
1205 d 1 1480
1207 + 1480
1207 d 1 1480
1207 + 1480
1207 d 1 1480
1208 + 1480
1208 d 1 1480
1208 + 1480
1208 d 1 1480
1209 + 1480
1209 d 1 1480
1209 + 1480
1209 d 1 1480
1210 # 1504
1210 - 1480 144
1210 + 1480
1210 + 1480
1210 d 1 1480
1211 # 1504
1211 - 1480 145
1211 + 1480
1211 + 1480
1211 d 1 1480
1212 + 1480
1212 d 1 1480
1212 + 1480
1212 d 1 1480
1213 # 1504
1213 - 1480 145
1214 + 1480
1214 + 1480
1214 d 1 1480
1215 # 1504
1215 - 1480 147
1215 + 1480
1215 + 1480
1216 # 1504
1216 - 1480 147
1216 + 1480
1216 + 1480
1216 d 1 1480
1217 + 1480
1217 d 1 1480
1217 + 1480
1217 d 1 1480
1218 + 1480
1218 d 1 1480
1218 + 1480
1218 d 1 1480
1219 + 1480
1219 d 1 1480
1219 + 1480
1219 d 1 1480
1220 + 1480
1220 d 1 1480
1220 + 1480
1220 d 1 1480
1222 + 1480
1222 d 1 1480
1222 + 1480
1222 d 1 1480
1223 # 1504
1223 - 1480 153
1223 + 1480
1223 + 1480
1223 d 1 1480
1224 # 1504
1224 - 1480 154
1224 + 1480
1224 + 1480
1224 d 1 1480
1225 + 1480
1225 d 1 1480
1225 + 1480
1225 d 1 1480
1226 + 1480
1226 d 1 1480
1226 + 1480
1226 d 1 1480
1227 + 1480
1227 d 1 1480
1227 + 1480
1227 d 1 1480
1229 + 1480
1229 d 1 1480
1229 + 1480
1229 d 1 1480
1230 + 1480
1230 d 1 1480
1230 + 1480
1230 d 1 1480
1231 + 1480
1231 d 1 1480
1231 + 1480
1231 d 1 1480
1232 + 1480
1232 d 1 1480
1232 + 1480
1232 d 1 1480
1233 + 1480
1233 d 1 1480
1233 + 1480
1233 d 1 1480
1234 # 1504
1234 - 1480 163
1234 # 1504
1234 - 1480 163
1234 + 1480
1234 + 1480
1235 # 1504
1235 - 1480 163
1235 # 1504
1235 - 1480 162
1235 # 1504
1235 - 1480 161
1235 + 1480
1236 + 1480
1237 # 1504
1237 - 1480 162
1237 + 1480
1237 + 1480
1238 + 1480
1238 + 1480
1238 d 1 1480
1239 # 1504
1239 - 1480 163
1239 + 1480
1239 + 1480
1239 d 1 1480
1240 # 1504
1240 - 1480 164
1240 + 1480
1240 + 1480
1240 d 1 1480
1241 + 1480
1241 d 1 1480
1241 + 1480
1241 d 1 1480
1242 # 1504
1242 - 1480 165
1242 + 1480
1242 + 1480
1242 d 1 1480
1243 # 1504
1243 - 1480 165
1244 + 1480
1244 + 1480
1244 d 1 1480
1245 # 1504
1245 - 1480 158
1245 + 1480
1245 + 1480
1245 d 1 1480
1246 # 1504
1246 - 1480 159
1246 + 1480
1246 + 1480
1246 d 1 1480
1247 + 1480
1247 d 1 1480
1247 + 1480
1247 d 1 1480
1248 # 1504
1248 - 1480 160
1248 + 1480
1248 + 1480
1248 d 1 1480
1249 # 1504
1249 - 1480 161
1249 + 1480
1249 + 1480
1250 # 1504
1250 - 1480 160
1251 + 1480
1251 + 1480
1251 d 1 1480
1252 # 1504
1252 - 1480 161
1252 + 1480
1252 + 1480
1252 d 1 1480
1253 # 1504
1253 - 1480 162
1253 + 1480
1253 + 1480
1253 d 1 1480
1254 # 1504
1254 - 1480 162
1254 + 1480
1254 + 1480
1254 d 1 1480
1255 + 1480
1255 d 1 1480
1255 + 1480
1255 d 1 1480
1256 # 1504
1256 - 1480 164
1256 + 1480
1256 + 1480
1256 d 1 1480
1258 # 1504
1258 - 1480 165
1258 # 1504
1258 - 1480 164
1258 + 1480
1258 + 1480
1259 + 1480
1259 d 1 1480
1259 + 1480
1259 d 1 1480
1260 # 1504
1260 - 1480 165
1260 + 1480
1260 + 1480
1260 d 1 1480
1261 # 1504
1261 - 1480 164
1261 + 1480
1261 + 1480
1261 d 1 1480
1262 + 1480
1262 d 1 1480
1262 + 1480
1262 d 1 1480
1263 + 1480
1263 d 1 1480
1263 + 1480
1263 d 1 1480
1264 + 1480
1264 d 1 1480
1264 + 1480
1264 d 1 1480
1266 + 1480
1266 d 1 1480
1266 + 1480
1266 d 1 1480
1267 # 1504
1267 - 1480 170
1267 # 1504
1267 - 1480 169
1267 # 1504
1267 - 1480 159
1267 # 1504
1267 - 1480 159
1267 + 1480
1268 # 1504
1268 - 1480 159
1268 + 1480
1268 + 1480
1268 + 1480
1269 + 1480
1269 + 1480
1270 + 1480
1270 d 1 1480
1270 + 1480
1270 d 1 1480
1271 # 1504
1271 - 1480 162
1271 - 1480 161
1271 + 1480
1271 + 1480
1273 # 1504
1273 - 1480 159
1273 + 1480
1273 + 1480
1273 d 1 1480
1274 # 1504
1274 - 1480 160
1274 + 1480
1274 + 1480
1274 d 1 1480
1275 # 1504
1275 - 1480 160
1275 + 1480
1275 + 1480
1275 d 1 1480
1276 # 1504
1276 - 1480 161
1276 + 1480
1276 + 1480
1276 d 1 1480
1277 + 1480
1277 d 1 1480
1277 + 1480
1277 d 1 1480
1278 # 1504
1278 - 1480 162
1278 + 1480
1278 + 1480
1278 d 1 1480
1280 + 1480
1280 d 1 1480
1280 + 1480
1280 d 1 1480
1281 + 1480
1281 d 1 1480
1281 + 1480
1281 d 1 1480
1282 + 1480
1282 d 1 1480
1282 + 1480
1282 d 1 1480
1283 # 1504
1283 - 1480 167
1283 # 1504
1283 - 1480 151
1283 # 1504
1283 - 1480 149
1283 + 1480
1283 + 1480
1284 # 1504
1284 - 1480 150
1284 + 1480
1284 + 1480
1285 # 1504
1285 - 1480 151
1285 + 1480
1285 + 1480
1286 + 1480
1286 d 1 1480
1286 + 1480
1286 d 1 1480
1288 # 1504
1288 - 1480 154
1288 + 1480
1288 + 1480
1288 d 1 1480
1289 + 1480
1289 d 1 1480
1289 + 1480
1289 d 1 1480
1290 # 1504
1290 - 1480 154
1290 + 1480
1290 + 1480
1290 d 1 1480
1291 # 1504
1291 - 1480 155
1291 + 1480
1291 + 1480
1291 d 1 1480
1292 + 1480
1292 d 1 1480
1292 + 1480
1292 d 1 1480
1293 # 1504
1293 - 1480 156
1293 + 1480
1293 + 1480
1293 d 1 1480
1295 + 1480
1295 d 1 1480
1295 + 1480
1295 d 1 1480
1296 + 1480
1296 d 1 1480
1296 + 1480
1296 d 1 1480
1297 + 1480
1297 d 1 1480
1297 + 1480
1297 d 1 1480
1298 + 1480
1298 d 1 1480
1298 + 1480
1298 d 1 1480
1299 + 1480
1299 d 1 1480
1299 + 1480
1299 d 1 1480
1300 + 1480
1300 d 1 1480
1300 + 1480
1300 d 1 1480
1302 + 1480
1302 d 1 1480
1302 + 1480
1302 d 1 1480
1303 + 1480
1303 d 1 1480
1303 + 1480
1303 d 1 1480
1304 # 1504
1304 - 1480 167
1304 # 1504
1304 - 1480 166
1304 # 1504
1304 - 1480 165
1304 + 1480
1304 + 1480
1305 + 1480
1305 + 1480
1306 + 1480
1306 d 1 1480
1306 + 1480
1306 d 1 1480
1307 # 1504
1307 - 1480 168
1307 + 1480
1307 + 1480
1307 d 1 1480
1308 + 1480
1308 d 1 1480
1308 + 1480
1308 d 1 1480
1310 + 1480
1310 d 1 1480
1310 + 1480
1310 d 1 1480
1311 # 1504
1311 - 1480 170
1311 + 1480
1311 + 1480
1311 d 1 1480
1312 # 1504
1312 - 1480 171
1312 + 1480
1312 + 1480
1312 d 1 1480
1313 # 1504
1313 - 1480 171
1313 + 1480
1313 + 1480
1313 d 1 1480
1314 + 1480
1314 d 1 1480
1314 + 1480
1314 d 1 1480
1315 + 1480
1315 d 1 1480
1315 + 1480
1315 d 1 1480
1317 # 1504
1317 - 1480 175
1317 + 1480
1317 + 1480
1318 + 1480
1318 d 1 1480
1318 + 1480
1318 d 1 1480
1319 # 1504
1319 - 1480 176
1319 + 1480
1319 + 1480
1319 d 1 1480
1320 + 1480
1320 d 1 1480
1320 + 1480
1320 d 1 1480
1321 + 1480
1321 d 1 1480
1321 + 1480
1321 d 1 1480
1322 + 1480
1322 d 1 1480
1322 + 1480
1322 d 1 1480
1324 + 1480
1324 d 1 1480
1324 + 1480
1324 d 1 1480
1325 + 1480
1325 d 1 1480
1325 + 1480
1325 d 1 1480
1326 + 1480
1326 d 1 1480
1326 + 1480
1326 d 1 1480
1327 + 1480
1327 d 1 1480
1327 + 1480
1327 d 1 1480
1328 + 1480
1328 d 1 1480
1328 + 1480
1328 d 1 1480
1329 # 1504
1329 - 1480 178
1329 # 1504
1329 - 1480 177
1329 # 1504
1329 - 1480 170
1329 + 1480
1329 + 1480
1331 + 1480
1331 + 1480
1331 d 1 1480
1332 + 1480
1332 d 1 1480
1332 + 1480
1332 d 1 1480
1333 # 1504
1333 - 1480 174
1333 # 1504
1333 - 1480 173
1333 # 1504
1333 - 1480 172
1333 # 1504
1333 - 1480 164
1333 + 1480
1333 + 1480
1334 # 1504
1334 - 1480 165
1334 + 1480
1334 + 1480
1335 # 1504
1335 - 1480 164
1335 + 1480
1335 + 1480
1336 # 1504
1336 - 1480 165
1336 + 1480
1336 + 1480
1337 + 1480
1337 d 1 1480
1337 + 1480
1337 d 1 1480
1338 # 1504
1338 - 1480 166
1339 + 1480
1339 + 1480
1339 d 1 1480
1340 # 1504
1340 - 1480 168
1340 + 1480
1340 + 1480
1340 d 1 1480
1341 # 1504
1341 - 1480 168
1341 + 1480
1341 + 1480
1341 d 1 1480
1342 + 1480
1342 d 1 1480
1342 + 1480
1342 d 1 1480
1343 # 1504
1343 - 1480 170
1343 + 1480
1343 + 1480
1343 d 1 1480
1344 + 1480
1344 d 1 1480
1344 + 1480
1344 d 1 1480
1346 # 1504
1346 - 1480 171
1346 + 1480
1346 + 1480
1346 d 1 1480
1347 # 1504
1347 - 1480 171
1347 + 1480
1347 + 1480
1347 d 1 1480
1348 # 1504
1348 - 1480 170
1348 + 1480
1348 + 1480
1349 + 1480
1349 d 1 1480
1349 + 1480
1349 d 1 1480
1350 # 1504
1350 - 1480 172
1350 + 1480
1350 + 1480
1350 d 1 1480
1351 # 1504
1351 - 1480 169
1351 + 1480
1351 + 1480
1351 d 1 1480
1352 # 1504
1352 - 1480 166
1353 + 1480
1353 + 1480
1353 d 1 1480
1354 # 1504
1354 - 1480 168
1354 + 1480
1354 + 1480
1354 d 1 1480
1355 # 1504
1355 - 1480 167
1355 + 1480
1355 + 1480
1355 d 1 1480
1356 # 1504
1356 - 1480 168
1356 + 1480
1356 + 1480
1356 d 1 1480
1357 + 1480
1357 d 1 1480
1357 + 1480
1357 d 1 1480
1358 # 1504
1358 - 1480 165
1358 + 1480
1358 + 1480
1358 d 1 1480
1359 + 1480
1359 d 1 1480
1359 + 1480
1359 d 1 1480
1361 # 1504
1361 - 1480 167
1361 + 1480
1361 + 1480
1361 d 1 1480
1362 + 1480
1362 d 1 1480
1362 + 1480
1362 d 1 1480
1363 # 1504
1363 - 1480 167
1363 + 1480
1363 + 1480
1363 d 1 1480
1364 + 1480
1364 d 1 1480
1364 + 1480
1364 d 1 1480
1365 + 1480
1365 d 1 1480
1365 + 1480
1365 d 1 1480
1366 + 1480
1366 d 1 1480
1366 + 1480
1366 d 1 1480
1367 + 1480
1367 d 1 1480
1367 + 1480
1367 d 1 1480
1369 # 1504
1369 - 1480 173
1369 # 1504
1369 - 1480 171
1369 + 1480
1369 + 1480
1370 # 1504
1370 - 1480 167
1370 # 1504
1370 - 1480 166
1370 + 1480
1370 + 1480
1371 # 1504
1371 - 1480 166
1371 # 1504
1371 - 1480 161
1371 + 1480
1371 + 1480
1372 + 1480
1372 + 1480
1372 d 1 1480
1373 + 1480
1373 d 1 1480
1373 + 1480
1373 d 1 1480
1375 + 1480
1375 d 1 1480
1375 + 1480
1375 d 1 1480
1376 + 1480
1376 d 1 1480
1376 + 1480
1376 d 1 1480
1377 + 1480
1377 d 1 1480
1377 + 1480
1377 d 1 1480
1378 + 1480
1378 d 1 1480
1378 + 1480
1378 d 1 1480
1379 + 1480
1379 d 1 1480
1379 + 1480
1379 d 1 1480
1380 + 1480
1380 d 1 1480
1380 + 1480
1380 d 1 1480
1381 + 1480
1381 d 1 1480
1381 + 1480
1381 d 1 1480
1383 + 1480
1383 d 1 1480
1383 + 1480
1383 d 1 1480
1384 + 1480
1384 d 1 1480
1384 + 1480
1384 d 1 1480
1385 + 1480
1385 d 1 1480
1385 + 1480
1385 d 1 1480
1386 + 1480
1386 d 1 1480
1386 + 1480
1386 d 1 1480
1387 + 1480
1387 d 1 1480
1387 + 1480
1387 d 1 1480
1388 + 1480
1388 d 1 1480
1388 + 1480
1388 d 1 1480
1390 + 1480
1390 d 1 1480
1390 + 1480
1390 d 1 1480
1391 + 1480
1391 d 1 1480
1391 + 1480
1391 d 1 1480
1392 + 1480
1392 d 1 1480
1392 + 1480
1392 d 1 1480
1393 + 1480
1393 d 1 1480
1393 + 1480
1393 d 1 1480
1394 # 1504
1394 - 1480 183
1394 # 1504
1394 - 1480 180
1394 # 1504
1394 - 1480 179
1394 # 1504
1394 - 1480 178
1394 + 1480
1394 + 1480
1395 # 1504
1395 - 1480 172
1395 + 1480
1395 + 1480
1397 + 1480
1397 + 1480
1398 # 1504
1398 - 1480 174
1398 # 1504
1398 - 1480 164
1398 - 1480 163
1398 + 1480
1398 + 1480
1399 + 1480
1399 + 1480
1400 # 1504
1400 - 1480 164
1400 + 1480
1400 + 1480
1400 d 1 1480
1401 # 1504
1401 - 1480 164
1401 + 1480
1401 + 1480
1401 d 1 1480
1402 + 1480
1402 d 1 1480
1402 + 1480
1402 d 1 1480
1403 + 1480
1403 d 1 1480
1403 + 1480
1403 d 1 1480
1405 + 1480
1405 d 1 1480
1405 + 1480
1405 d 1 1480
1406 + 1480
1406 d 1 1480
1406 + 1480
1406 d 1 1480
1407 + 1480
1407 d 1 1480
1407 + 1480
1407 d 1 1480
1408 + 1480
1408 d 1 1480
1408 + 1480
1408 d 1 1480
1409 + 1480
1409 d 1 1480
1409 + 1480
1409 d 1 1480
1410 # 1504
1410 - 1480 173
1410 # 1504
1410 - 1480 172
1410 # 1504
1410 - 1480 170
1410 + 1480
1410 + 1480
1412 + 1480
1412 + 1480
1413 + 1480
1413 d 1 1480
1413 + 1480
1413 d 1 1480
1414 + 1480
1414 d 1 1480
1414 + 1480
1414 d 1 1480
1415 # 1504
1415 - 1480 173
1415 # 1504
1415 - 1480 171
1415 # 1504
1415 - 1480 170
1415 # 1504
1415 - 1480 169
1415 + 1480
1415 + 1480
1416 + 1480
1416 + 1480
1417 # 1504
1417 - 1480 169
1417 + 1480
1417 + 1480
1417 d 1 1480
1419 + 1480
1419 d 1 1480
1419 + 1480
1419 d 1 1480
1420 + 1480
1420 d 1 1480
1420 + 1480
1420 d 1 1480
1421 + 1480
1421 d 1 1480
1421 + 1480
1421 d 1 1480
1422 + 1480
1422 d 1 1480
1422 + 1480
1422 d 1 1480
1423 + 1480
1423 d 1 1480
1423 + 1480
1423 d 1 1480
1424 + 1480
1424 d 1 1480
1424 + 1480
1424 d 1 1480
1425 + 1480
1425 d 1 1480
1425 + 1480
1425 d 1 1480
1427 # 1504
1427 - 1480 178
1427 + 1480
1427 + 1480
1428 + 1480
1428 d 1 1480
1428 + 1480
1428 d 1 1480
1429 # 1504
1429 - 1480 180
1429 # 1504
1429 - 1480 177
1429 # 1504
1429 - 1480 176
1429 # 1504
1429 - 1480 175
1429 # 1504
1429 - 1480 173
1429 + 1480
1429 + 1480
1430 + 1480
1430 + 1480
1431 # 1504
1431 - 1480 173
1431 + 1480
1431 + 1480
1432 # 1504
1432 - 1480 174
1432 + 1480
1432 + 1480
1432 d 1 1480
1433 # 1504
1433 - 1480 173
1434 + 1480
1435 # 1504
1435 - 1480 174
1435 + 1480
1435 + 1480
1435 d 1 1480
1435 + 1480
1435 d 1 1480
1436 # 1504
1436 - 1480 169
1436 + 1480
1436 + 1480
1436 d 1 1480
1437 # 1504
1437 - 1480 169
1437 + 1480
1437 + 1480
1437 d 1 1480
1438 + 1480
1438 d 1 1480
1438 + 1480
1438 d 1 1480
1439 + 1480
1439 d 1 1480
1439 + 1480
1439 d 1 1480
1441 # 1504
1441 - 1480 173
1441 # 1504
1441 - 1480 173
1441 + 1480
1441 + 1480
1442 + 1480
1442 + 1480
1442 d 1 1480
1443 # 1504
1443 - 1480 174
1443 + 1480
1443 + 1480
1443 d 1 1480
1444 # 1504
1444 - 1480 173
1444 + 1480
1444 + 1480
1444 d 1 1480
1445 + 1480
1445 d 1 1480
1445 + 1480
1445 d 1 1480
1446 + 1480
1446 d 1 1480
1446 + 1480
1446 d 1 1480
1447 # 1504
1447 - 1480 176
1447 # 1504
1447 - 1480 174
1448 # 1504
1448 - 1480 174
1448 + 1480
1448 + 1480
1449 # 1504
1449 - 1480 174
1449 + 1480
1449 + 1480
1450 + 1480
1450 d 1 1480
1450 + 1480
1450 d 1 1480
1451 # 1504
1451 - 1480 175
1451 + 1480
1451 + 1480
1451 d 1 1480
1452 + 1480
1452 d 1 1480
1452 + 1480
1452 d 1 1480
1453 # 1504
1453 - 1480 175
1453 + 1480
1453 + 1480
1453 d 1 1480
1454 # 1504
1454 - 1480 171
1454 + 1480
1454 + 1480
1454 d 1 1480
1455 # 1504
1455 - 1480 172
1456 # 1504
1456 - 1480 172
1456 + 1480
1456 + 1480
1457 # 1504
1457 - 1480 172
1457 + 1480
1457 + 1480
1458 + 1480
1458 d 1 1480
1458 + 1480
1458 d 1 1480
1459 # 1504
1459 - 1480 174
1459 + 1480
1459 + 1480
1459 d 1 1480
1460 + 1480
1460 d 1 1480
1460 + 1480
1460 d 1 1480
1461 # 1504
1461 - 1480 173
1461 + 1480
1461 + 1480
1461 d 1 1480
1462 # 1504
1462 - 1480 172
1463 # 1504
1463 - 1480 172
1463 + 1480
1463 + 1480
1464 + 1480
1464 d 1 1480
1464 + 1480
1464 d 1 1480
1465 + 1480
1465 d 1 1480
1465 + 1480
1465 d 1 1480
1466 + 1480
1466 d 1 1480
1466 + 1480
1466 d 1 1480
1467 + 1480
1467 d 1 1480
1467 + 1480
1467 d 1 1480
1468 + 1480
1468 d 1 1480
1468 + 1480
1468 d 1 1480
1470 + 1480
1470 d 1 1480
1470 + 1480
1470 d 1 1480
1471 # 1504
1471 - 1480 178
1471 # 1504
1471 - 1480 167
1471 # 1504
1471 - 1480 166
1471 # 1504
1471 - 1480 166
1471 # 1504
1471 - 1480 164
1471 + 1480
1471 + 1480
1472 # 1504
1472 - 1480 161
1472 # 1504
1472 - 1480 160
1472 # 1504
1472 - 1480 159
1472 + 1480
1472 + 1480
1473 # 1504
1473 - 1480 156
1473 + 1480
1473 + 1480
1474 # 1504
1474 - 1480 157
1474 + 1480
1474 + 1480
1475 # 1504
1475 - 1480 156
1475 + 1480
1475 + 1480
1476 # 1504
1476 - 1480 147
1476 + 1480
1476 + 1480
1477 # 1504
1477 - 1480 148
1478 # 1504
1478 - 1480 147
1478 + 1480
1478 + 1480
1479 # 1504
1479 - 1480 146
1479 + 1480
1479 + 1480
1480 + 1480
1480 d 1 1480
1480 + 1480
1480 d 1 1480
1481 + 1480
1481 d 1 1480
1481 + 1480
1481 d 1 1480
1482 + 1480
1482 d 1 1480
1482 + 1480
1482 d 1 1480
1483 + 1480
1483 d 1 1480
1483 + 1480
1483 d 1 1480
1485 + 1480
1485 d 1 1480
1485 + 1480
1485 d 1 1480
1486 + 1480
1486 d 1 1480
1486 + 1480
1486 d 1 1480
1487 + 1480
1487 d 1 1480
1487 + 1480
1487 d 1 1480
1488 # 1504
1488 - 1480 155
1488 # 1504
1488 - 1480 154
1488 # 1504
1488 - 1480 153
1488 # 1504
1488 - 1480 153
1488 # 1504
1488 - 1480 152
1488 # 1504
1488 - 1480 152
1488 - 1480 149
1488 # 1504
1488 - 1480 148
1488 + 1480
1488 + 1480
1489 # 1504
1489 - 1480 148
1489 + 1480
1489 + 1480
1490 # 1504
1490 - 1480 147
1490 + 1480
1490 + 1480
1491 # 1504
1491 - 1480 145
1492 # 1504
1492 - 1480 145
1492 + 1480
1492 + 1480
1493 # 1504
1493 - 1480 145
1493 + 1480
1493 + 1480
1494 # 1504
1494 - 1480 146
1494 + 1480
1494 + 1480
1495 # 1504
1495 - 1480 145
1495 + 1480
1495 + 1480
1496 + 1480
1496 + 1480
1497 + 1480
1497 d 1 1480
1497 + 1480
1497 d 1 1480
1498 + 1480
1498 d 1 1480
1498 + 1480
1498 d 1 1480
1500 + 1480
1500 d 1 1480
1500 + 1480
1500 d 1 1480
1501 + 1480
1501 d 1 1480
1501 + 1480
1501 d 1 1480
1502 + 1480
1502 d 1 1480
1502 + 1480
1502 d 1 1480
1503 + 1480
1503 d 1 1480
1503 + 1480
1503 d 1 1480
1504 # 1504
1504 - 1480 153
1504 # 1504
1504 - 1480 151
1504 # 1504
1504 - 1480 149
1504 + 1480
1504 + 1480
1505 + 1480
1505 + 1480
1507 + 1480
1507 d 1 1480
1507 + 1480
1507 d 1 1480
1508 # 1504
1508 - 1480 152
1508 # 1504
1508 - 1480 150
1508 + 1480
1508 + 1480
1509 # 1504
1509 - 1480 148
1509 # 1504
1509 - 1480 146
1509 # 1504
1509 - 1480 140
1509 # 1504
1509 - 1480 140
1509 # 1504
1509 - 1480 139
1509 + 1480
1509 + 1480
1510 # 1504
1510 - 1480 140
1510 + 1480
1510 + 1480
1511 + 1480
1511 + 1480
1512 # 1504
1512 - 1480 141
1512 # 1504
1512 - 1480 141
1512 + 1480
1512 + 1480
1513 # 1504
1513 - 1480 119
1514 + 1480
1514 + 1480
1515 + 1480
1515 d 1 1480
1515 + 1480
1515 d 1 1480
1516 # 1504
1516 - 1480 122
1516 + 1480
1516 + 1480
1516 d 1 1480
1517 # 1504
1517 - 1480 122
1517 + 1480
1517 + 1480
1517 d 1 1480
1518 # 1504
1518 - 1480 123
1518 + 1480
1518 + 1480
1518 d 1 1480
1519 + 1480
1519 d 1 1480
1519 + 1480
1519 d 1 1480
1520 # 1504
1520 - 1480 123
1520 # 1504
1520 - 1480 123
1520 + 1480
1520 + 1480
1521 # 1504
1521 - 1480 123
1522 + 1480
1522 + 1480
1522 d 1 1480
1523 # 1504
1523 - 1480 125
1523 + 1480
1523 + 1480
1523 d 1 1480
1524 # 1504
1524 - 1480 125
1524 + 1480
1524 + 1480
1524 d 1 1480
1525 # 1504
1525 - 1480 126
1525 + 1480
1525 + 1480
1526 + 1480
1526 d 1 1480
1526 + 1480
1526 d 1 1480
1527 + 1480
1527 d 1 1480
1527 + 1480
1527 d 1 1480
1529 + 1480
1529 d 1 1480
1529 + 1480
1529 d 1 1480
1530 + 1480
1530 d 1 1480
1530 + 1480
1530 d 1 1480
1531 + 1480
1531 d 1 1480
1531 + 1480
1531 d 1 1480
1532 + 1480
1532 d 1 1480
1532 + 1480
1532 d 1 1480
1533 + 1480
1533 d 1 1480
1533 + 1480
1533 d 1 1480
1534 # 1504
1534 - 1480 134
1534 # 1504
1534 - 1480 124
1534 # 1504
1534 - 1480 124
1534 # 1504
1534 - 1480 122
1534 # 1504
1534 - 1480 122
1534 # 1504
1534 - 1480 119
1534 # 1504
1534 - 1480 119
1534 + 1480
1534 + 1480
1535 # 1504
1535 - 1480 119
1536 + 1480
1536 + 1480
1537 # 1504
1537 - 1480 121
1537 + 1480
1537 + 1480
1538 # 1504
1538 - 1480 121
1538 # 1504
1538 - 1480 111
1538 + 1480
1538 + 1480
1539 + 1480
1539 + 1480
1540 + 1480
1540 + 1480
1540 d 1 1480
1541 + 1480
1541 d 1 1480
1541 + 1480
1541 d 1 1480
1542 + 1480
1542 d 1 1480
1542 + 1480
1542 d 1 1480
1544 + 1480
1544 d 1 1480
1544 + 1480
1544 d 1 1480
1545 + 1480
1545 d 1 1480
1545 + 1480
1545 d 1 1480
1546 + 1480
1546 d 1 1480
1546 + 1480
1546 d 1 1480
1547 + 1480
1547 d 1 1480
1547 + 1480
1547 d 1 1480
1548 # 1504
1548 - 1480 121
1548 # 1504
1548 - 1480 119
1548 # 1504
1548 - 1480 118
1548 # 1504
1548 - 1480 118
1548 # 1504
1548 - 1480 117
1548 # 1504
1548 - 1480 117
1548 + 1480
1548 + 1480
1549 + 1480
1549 + 1480
1551 + 1480
1551 + 1480
1552 + 1480
1552 + 1480
1552 d 1 1480
1553 + 1480
1553 d 1 1480
1553 + 1480
1553 d 1 1480
1554 # 1504
1554 - 1480 122
1554 # 1504
1554 - 1480 120
1554 + 1480
1554 + 1480
1555 + 1480
1555 + 1480
1555 d 1 1480
1556 + 1480
1556 d 1 1480
1556 + 1480
1556 d 1 1480
1558 + 1480
1558 d 1 1480
1558 + 1480
1558 d 1 1480
1559 + 1480
1559 d 1 1480
1559 + 1480
1559 d 1 1480
1560 + 1480
1560 d 1 1480
1560 + 1480
1560 d 1 1480
1561 + 1480
1561 d 1 1480
1561 + 1480
1561 d 1 1480
1562 + 1480
1562 d 1 1480
1562 + 1480
1562 d 1 1480
1563 + 1480
1563 d 1 1480
1563 + 1480
1563 d 1 1480
1565 + 1480
1565 d 1 1480
1565 + 1480
1565 d 1 1480
1566 + 1480
1566 d 1 1480
1566 + 1480
1566 d 1 1480
1567 + 1480
1567 d 1 1480
1567 + 1480
1567 d 1 1480
1568 # 1504
1568 - 1480 132
1568 + 1480
1568 + 1480
1569 # 1504
1569 - 1480 132
1569 # 1504
1569 - 1480 128
1569 # 1504
1569 - 1480 127
1569 + 1480
1569 + 1480
1570 # 1504
1570 - 1480 127
1570 + 1480
1570 + 1480
1571 # 1504
1571 - 1480 127
1571 + 1480
1571 + 1480
1571 d 1 1480
1573 # 1504
1573 - 1480 125
1573 + 1480
1573 + 1480
1573 d 1 1480
1574 # 1504
1574 - 1480 126
1574 + 1480
1574 + 1480
1574 d 1 1480
1575 + 1480
1575 d 1 1480
1575 + 1480
1575 d 1 1480
1576 # 1504
1576 - 1480 127
1576 + 1480
1576 + 1480
1576 d 1 1480
1577 # 1504
1577 - 1480 128
1577 + 1480
1577 + 1480
1577 d 1 1480
1578 # 1504
1578 - 1480 127
1578 + 1480
1578 + 1480
1578 d 1 1480
1580 # 1504
1580 - 1480 127
1580 - 1480 126
1580 + 1480
1580 + 1480
1581 + 1480
1581 + 1480
1581 d 1 1480
1582 # 1504
1582 - 1480 126
1582 + 1480
1582 + 1480
1582 d 1 1480
1583 + 1480
1583 d 1 1480
1583 + 1480
1583 d 1 1480
1584 # 1504
1584 - 1480 127
1584 # 1504
1584 - 1480 127
1584 + 1480
1585 + 1480
1585 + 1480
1585 d 1 1480
1585 + 1480
1585 d 1 1480
1586 + 1480
1586 d 1 1480
1587 + 1480
1587 d 1 1480
1588 # 1504
1588 - 1480 129
1588 + 1480
1588 + 1480
1588 d 1 1480
1589 + 1480
1589 d 1 1480
1589 + 1480
1589 d 1 1480
1590 + 1480
1590 d 1 1480
1590 + 1480
1590 d 1 1480
1591 # 1504
1591 - 1480 130
1591 + 1480
1591 + 1480
1591 d 1 1480
1592 # 1504
1592 - 1480 129
1592 + 1480
1592 + 1480
1593 + 1480
1593 d 1 1480
1593 + 1480
1593 d 1 1480
1595 + 1480
1595 d 1 1480
1595 + 1480
1595 d 1 1480
1596 + 1480
1596 d 1 1480
1596 + 1480
1596 d 1 1480
1597 + 1480
1597 d 1 1480
1597 + 1480
1597 d 1 1480
1598 + 1480
1598 d 1 1480
1598 + 1480
1598 d 1 1480
1599 + 1480
1599 d 1 1480
1599 + 1480
1599 d 1 1480
1601 + 1480
1601 d 1 1480
1601 + 1480
1601 d 1 1480
1602 + 1480
1602 d 1 1480
1602 + 1480
1602 d 1 1480
1603 + 1480
1603 d 1 1480
1603 + 1480
1603 d 1 1480
1604 + 1480
1604 d 1 1480
1604 + 1480
1604 d 1 1480
1605 + 1480
1605 d 1 1480
1605 + 1480
1605 d 1 1480
1606 + 1480
1606 d 1 1480
1606 + 1480
1606 d 1 1480
1607 + 1480
1607 d 1 1480
1607 + 1480
1607 d 1 1480
1609 + 1480
1609 d 1 1480
1609 + 1480
1609 d 1 1480
1610 + 1480
1610 d 1 1480
1610 + 1480
1610 d 1 1480
1611 + 1480
1611 d 1 1480
1611 + 1480
1611 d 1 1480
1612 + 1480
1612 d 1 1480
1612 + 1480
1612 d 1 1480
1613 + 1480
1613 d 1 1480
1613 + 1480
1613 d 1 1480
1614 + 1480
1614 d 1 1480
1614 + 1480
1614 d 1 1480
1615 + 1480
1615 d 1 1480
1615 + 1480
1615 d 1 1480
1617 + 1480
1617 d 1 1480
1617 + 1480
1617 d 1 1480
1619 + 1480
1619 d 1 1480
1619 + 1480
1619 d 1 1480
1619 + 1480
1619 d 1 1480
1619 + 1480
1619 d 1 1480
1620 + 1480
1620 d 1 1480
1620 + 1480
1620 d 1 1480
1621 + 1480
1621 d 1 1480
1621 + 1480
1621 d 1 1480
1622 + 1480
1622 d 1 1480
1622 + 1480
1622 d 1 1480
1624 + 1480
1624 d 1 1480
1624 + 1480
1624 d 1 1480
1625 + 1480
1625 d 1 1480
1625 + 1480
1625 d 1 1480
1626 + 1480
1626 d 1 1480
1626 + 1480
1626 d 1 1480
1627 + 1480
1627 d 1 1480
1627 + 1480
1627 d 1 1480
1628 + 1480
1628 d 1 1480
1628 + 1480
1628 d 1 1480
1629 + 1480
1629 d 1 1480
1629 + 1480
1629 d 1 1480
1631 + 1480
1631 d 1 1480
1631 + 1480
1631 d 1 1480
1632 + 1480
1632 d 1 1480
1632 + 1480
1632 d 1 1480
1633 + 1480
1633 d 1 1480
1633 + 1480
1633 d 1 1480
1633 + 1480
1633 d 1 1480
1634 + 1480
1634 d 1 1480
1635 + 1480
1635 d 1 1480
1635 + 1480
1635 d 1 1480
1636 + 1480
1636 d 1 1480
1636 + 1480
1636 d 1 1480
1637 + 1480
1637 d 1 1480
1637 + 1480
1637 d 1 1480
1639 + 1480
1639 d 1 1480
1639 + 1480
1639 d 1 1480
1640 + 1480
1640 d 1 1480
1640 + 1480
1640 d 1 1480
1641 + 1480
1641 d 1 1480
1641 + 1480
1641 d 1 1480
1642 + 1480
1642 d 1 1480
1642 + 1480
1642 d 1 1480
1643 + 1480
1643 d 1 1480
1643 + 1480
1643 d 1 1480
1644 + 1480
1644 d 1 1480
1644 + 1480
1644 d 1 1480
1646 + 1480
1646 d 1 1480
1646 + 1480
1646 d 1 1480
1647 + 1480
1647 d 1 1480
1647 + 1480
1647 d 1 1480
1648 + 1480
1648 d 1 1480
1648 + 1480
1648 d 1 1480
1649 + 1480
1649 d 1 1480
1649 + 1480
1649 d 1 1480
1650 + 1480
1650 d 1 1480
1650 + 1480
1650 d 1 1480
1651 + 1480
1651 d 1 1480
1651 + 1480
1651 d 1 1480
1653 # 1504
1653 - 1480 190
1653 # 1504
1653 - 1480 182
1653 # 1504
1653 - 1480 179
1653 # 1504
1653 - 1480 179
1653 # 1504
1653 - 1480 178
1653 # 1504
1653 - 1480 178
1653 # 1504
1653 - 1480 177
1653 # 1504
1653 - 1480 177
1653 # 1504
1653 - 1480 175
1653 # 1504
1653 - 1480 175
1653 # 1504
1653 - 1480 174
1653 + 1480
1653 + 1480
1654 # 1504
1654 - 1480 175
1654 # 1504
1654 - 1480 166
1654 # 1504
1654 - 1480 166
1654 # 1504
1654 - 1480 165
1654 # 1504
1654 - 1480 165
1654 + 1480
1654 + 1480
1655 # 1504
1655 - 1480 165
1655 # 1504
1655 - 1480 165
1655 # 1504
1655 - 1480 163
1655 # 1504
1655 - 1480 163
1655 # 1504
1655 - 1480 162
1655 # 1504
1655 - 1480 162
1655 # 1504
1655 - 1480 161
1655 # 1504
1655 - 1480 161
1655 # 1504
1655 - 1480 160
1655 # 1504
1655 - 1480 160
1655 # 1504
1655 - 1480 159
1655 # 1504
1655 - 1480 159
1655 # 1504
1655 - 1480 151
1655 + 1480
1655 + 1480
1656 # 1504
1656 - 1480 152
1656 # 1504
1656 - 1480 151
1656 # 1504
1656 - 1480 151
1656 # 1504
1656 - 1480 148
1656 # 1504
1656 - 1480 148
1656 + 1480
1656 + 1480
1657 # 1504
1657 - 1480 148
1657 + 1480
1657 + 1480
1658 + 1480
1658 + 1480
1659 + 1480
1659 + 1480
1660 # 1504
1660 - 1480 151
1661 + 1480
1661 + 1480
1662 # 1504
1662 - 1480 152
1662 + 1480
1662 + 1480
1663 # 1504
1663 - 1480 152
1663 + 1480
1663 + 1480
1664 # 1504
1664 - 1480 153
1664 + 1480
1664 + 1480
1665 # 1504
1665 - 1480 153
1665 + 1480
1665 + 1480
1666 + 1480
1666 + 1480
1668 + 1480
1668 + 1480
1669 # 1504
1669 - 1480 157
1669 # 1504
1669 - 1480 155
1669 + 1480
1669 + 1480
1670 # 1504
1670 - 1480 154
1670 # 1504
1670 - 1480 153
1670 + 1480
1670 + 1480
1671 # 1504
1671 - 1480 153
1671 + 1480
1671 + 1480
1672 # 1504
1672 - 1480 152
1672 + 1480
1672 + 1480
1673 # 1504
1673 - 1480 153
1673 + 1480
1673 + 1480
1674 # 1504
1674 - 1480 152
1675 + 1480
1675 + 1480
1676 # 1504
1676 - 1480 153
1676 + 1480
1676 + 1480
1677 # 1504
1677 - 1480 153
1677 + 1480
1677 + 1480
1678 # 1504
1678 - 1480 153
1678 + 1480
1678 + 1480
1679 # 1504
1679 - 1480 154
1679 + 1480
1679 + 1480
1680 # 1504
1680 - 1480 146
1680 + 1480
1680 + 1480
1682 # 1504
1682 - 1480 148
1682 # 1504
1682 - 1480 146
1682 + 1480
1682 + 1480
1683 # 1504
1683 - 1480 146
1683 - 1480 146
1683 + 1480
1683 + 1480
1684 # 1504
1684 - 1480 146
1684 + 1480
1685 # 1504
1685 - 1480 147
1685 + 1480
1685 + 1480
1685 + 1480
1686 # 1504
1686 - 1480 147
1686 + 1480
1686 + 1480
1687 # 1504
1687 - 1480 148
1687 + 1480
1687 + 1480
1688 # 1504
1688 - 1480 148
1688 + 1480
1688 + 1480
1689 # 1504
1689 - 1480 141
1690 + 1480
1690 + 1480
1691 + 1480
1691 + 1480
1692 + 1480
1692 + 1480
1693 + 1480
1693 d 1 1480
1693 + 1480
1693 d 1 1480
1694 + 1480
1694 d 1 1480
1694 + 1480
1694 d 1 1480
1695 + 1480
1695 d 1 1480
1695 + 1480
1695 d 1 1480
1697 + 1480
1697 d 1 1480
1697 + 1480
1697 d 1 1480
1698 # 1504
1698 - 1480 150
1698 # 1504
1698 - 1480 149
1698 # 1504
1698 - 1480 147
1698 # 1504
1698 - 1480 147
1698 # 1504
1698 - 1480 146
1698 # 1504
1698 - 1480 144
1698 # 1504
1698 - 1480 144
1698 + 1480
1698 + 1480
1699 + 1480
1699 + 1480
1700 + 1480
1700 + 1480
1701 # 1504
1701 - 1480 146
1701 + 1480
1701 + 1480
1702 # 1504
1702 - 1480 134
1702 + 1480
1702 + 1480
1703 # 1504
1703 - 1480 135
1703 + 1480
1704 # 1504
1704 - 1480 135
1704 # 1504
1704 - 1480 135
1704 + 1480
1705 # 1504
1705 - 1480 135
1705 + 1480
1705 + 1480
1706 + 1480
1706 + 1480
1706 d 1 1480
1707 # 1504
1707 - 1480 137
1707 + 1480
1707 + 1480
1707 d 1 1480
1708 # 1504
1708 - 1480 135
1708 + 1480
1708 + 1480
1708 d 1 1480
1709 + 1480
1709 d 1 1480
1709 + 1480
1709 d 1 1480
1710 # 1504
1710 - 1480 136
1710 # 1504
1710 - 1480 134
1710 + 1480
1710 + 1480
1711 # 1504
1711 - 1480 134
1712 # 1504
1712 - 1480 134
1712 + 1480
1712 + 1480
1713 # 1504
1713 - 1480 133
1713 + 1480
1713 + 1480
1713 d 1 1480
1714 # 1504
1714 - 1480 134
1714 # 1504
1714 - 1480 133
1714 + 1480
1714 + 1480
1715 + 1480
1715 d 1 1480
1715 + 1480
1715 d 1 1480
1716 + 1480
1716 d 1 1480
1716 + 1480
1716 d 1 1480
1717 + 1480
1717 d 1 1480
1717 + 1480
1717 d 1 1480
1718 # 1504
1718 - 1480 136
1719 + 1480
1719 + 1480
1720 + 1480
1720 d 1 1480
1720 + 1480
1720 d 1 1480
1721 + 1480
1721 d 1 1480
1721 + 1480
1721 d 1 1480
1722 + 1480
1722 d 1 1480
1722 + 1480
1722 d 1 1480
1723 + 1480
1723 d 1 1480
1723 + 1480
1723 d 1 1480
1724 + 1480
1724 d 1 1480
1724 + 1480
1724 d 1 1480
1725 # 1504
1725 - 1480 141
1726 + 1480
1726 + 1480
1726 d 1 1480
1727 # 1504
1727 - 1480 139
1727 # 1504
1727 - 1480 136
1727 + 1480
1727 + 1480
1728 # 1504
1728 - 1480 136
1728 # 1504
1728 - 1480 136
1728 + 1480
1728 + 1480
1729 + 1480
1729 d 1 1480
1729 + 1480
1729 d 1 1480
1730 # 1504
1730 - 1480 77
1730 # 1504
1730 - 1480 77
1730 + 1480
1730 + 1480
1731 + 1480
1731 + 1480
1731 d 1 1480
1732 # 1504
1732 - 1480 78
1732 # 1504
1732 - 1480 77
1732 # 1504
1732 - 1480 77
1732 + 1480
1732 + 1480
1734 + 1480
1734 + 1480
1734 d 1 1480
1735 # 1504
1735 - 1480 79
1735 + 1480
1735 + 1480
1735 d 1 1480
1736 # 1504
1736 - 1480 80
1736 + 1480
1736 + 1480
1736 d 1 1480
1737 # 1504
1737 - 1480 80
1737 + 1480
1737 + 1480
1737 d 1 1480
1738 + 1480
1738 d 1 1480
1738 + 1480
1738 d 1 1480
1739 + 1480
1739 d 1 1480
1739 + 1480
1739 d 1 1480
1741 + 1480
1741 d 1 1480
1741 + 1480
1741 d 1 1480
1742 + 1480
1742 d 1 1480
1742 + 1480
1742 d 1 1480
1743 + 1480
1743 d 1 1480
1743 + 1480
1743 d 1 1480
1744 # 1504
1744 - 1480 87
1744 + 1480
1744 + 1480
1745 # 1504
1745 - 1480 87
1745 + 1480
1745 + 1480
1745 d 1 1480
1746 + 1480
1746 d 1 1480
1746 + 1480
1746 d 1 1480
1748 + 1480
1748 d 1 1480
1748 + 1480
1748 d 1 1480
1749 # 1504
1749 - 1480 90
1749 + 1480
1749 + 1480
1749 d 1 1480
1750 # 1504
1750 - 1480 91
1750 + 1480
1750 + 1480
1750 d 1 1480
1751 # 1504
1751 - 1480 90
1751 + 1480
1751 + 1480
1751 d 1 1480
1752 + 1480
1752 d 1 1480
1752 + 1480
1752 d 1 1480
1753 # 1504
1753 - 1480 92
1753 + 1480
1753 + 1480
1754 + 1480
1754 d 1 1480
1754 + 1480
1754 d 1 1480
1756 + 1480
1756 d 1 1480
1756 + 1480
1756 d 1 1480
1757 + 1480
1757 d 1 1480
1757 + 1480
1757 d 1 1480
1758 + 1480
1758 d 1 1480
1758 + 1480
1758 d 1 1480
1759 + 1480
1759 d 1 1480
1759 + 1480
1759 d 1 1480
1760 + 1480
1760 d 1 1480
1760 + 1480
1760 d 1 1480
1761 + 1480
1761 d 1 1480
1761 + 1480
1761 d 1 1480
1763 + 1480
1763 d 1 1480
1763 + 1480
1763 d 1 1480
1764 + 1480
1764 d 1 1480
1764 + 1480
1764 d 1 1480
1765 + 1480
1765 d 1 1480
1765 + 1480
1765 d 1 1480
1766 + 1480
1766 d 1 1480
1766 + 1480
1766 d 1 1480
1767 + 1480
1767 d 1 1480
1767 + 1480
1767 d 1 1480
1768 + 1480
1768 d 1 1480
1768 + 1480
1768 d 1 1480
1770 + 1480
1770 d 1 1480
1770 + 1480
1770 d 1 1480
1771 # 1504
1771 - 1480 109
1771 + 1480
1771 + 1480
1772 # 1504
1772 - 1480 109
1772 + 1480
1772 + 1480
1772 d 1 1480
1773 # 1504
1773 - 1480 109
1773 # 1504
1773 - 1480 109
1773 # 1504
1773 - 1480 108
1773 + 1480
1773 + 1480
1774 + 1480
1774 + 1480
1774 d 1 1480
1775 # 1504
1775 - 1480 110
1775 + 1480
1775 + 1480
1775 d 1 1480
1776 + 1480
1776 d 1 1480
1776 + 1480
1776 d 1 1480
1777 # 1504
1777 - 1480 111
1778 + 1480
1778 + 1480
1779 + 1480
1779 d 1 1480
1779 + 1480
1779 d 1 1480
1780 + 1480
1780 d 1 1480
1780 + 1480
1780 d 1 1480
1781 + 1480
1781 d 1 1480
1781 + 1480
1781 d 1 1480
1782 + 1480
1782 d 1 1480
1782 + 1480
1782 d 1 1480
1783 + 1480
1783 d 1 1480
1783 + 1480
1783 d 1 1480
1785 + 1480
1785 d 1 1480
1785 + 1480
1785 d 1 1480
1786 + 1480
1786 d 1 1480
1786 + 1480
1786 d 1 1480
1787 + 1480
1787 d 1 1480
1787 + 1480
1787 d 1 1480
1788 # 1504
1788 - 1480 122
1788 + 1480
1788 + 1480
1789 + 1480
1789 d 1 1480
1789 + 1480
1789 d 1 1480
1790 + 1480
1790 d 1 1480
1790 + 1480
1790 d 1 1480
1792 + 1480
1792 d 1 1480
1792 + 1480
1792 d 1 1480
1793 # 1504
1793 - 1480 125
1793 + 1480
1793 + 1480
1793 d 1 1480
1794 + 1480
1794 d 1 1480
1794 + 1480
1794 d 1 1480
1795 + 1480
1795 d 1 1480
1795 + 1480
1795 d 1 1480
1796 # 1504
1796 - 1480 127
1796 + 1480
1796 + 1480
1796 d 1 1480
1797 + 1480
1797 d 1 1480
1797 + 1480
1797 d 1 1480
1799 + 1480
1799 d 1 1480
1799 + 1480
1799 d 1 1480
1800 + 1480
1800 d 1 1480
1800 + 1480
1800 d 1 1480
1801 + 1480
1801 d 1 1480
1801 + 1480
1801 d 1 1480
1802 + 1480
1802 d 1 1480
1802 + 1480
1802 d 1 1480
1803 + 1480
1803 d 1 1480
1803 + 1480
1803 d 1 1480
1804 + 1480
1804 d 1 1480
1804 + 1480
1804 d 1 1480
1805 + 1480
1805 d 1 1480
1805 + 1480
1805 d 1 1480
1807 + 1480
1807 d 1 1480
1807 + 1480
1807 d 1 1480
1808 + 1480
1808 d 1 1480
1808 + 1480
1808 d 1 1480
1809 # 1504
1809 - 1480 139
1809 + 1480
1809 + 1480
1810 + 1480
1810 d 1 1480
1810 + 1480
1810 d 1 1480
1811 # 1504
1811 - 1480 141
1811 + 1480
1811 + 1480
1812 + 1480
1812 d 1 1480
1812 + 1480
1812 d 1 1480
1814 + 1480
1814 d 1 1480
1814 + 1480
1814 d 1 1480
1815 + 1480
1815 d 1 1480
1815 + 1480
1815 d 1 1480
1816 # 1504
1816 - 1480 145
1816 - 1480 144
1816 + 1480
1816 + 1480
1816 d 1 1480
1817 + 1480
1817 d 1 1480
1817 + 1480
1817 d 1 1480
1818 + 1480
1818 d 1 1480
1818 + 1480
1818 d 1 1480
1819 + 1480
1819 d 1 1480
1819 + 1480
1819 d 1 1480
1821 # 1504
1821 - 1480 148
1821 + 1480
1821 + 1480
1822 + 1480
1822 + 1480
1822 d 1 1480
1823 + 1480
1823 d 1 1480
1823 + 1480
1823 d 1 1480
1824 # 1504
1824 - 1480 149
1824 + 1480
1824 + 1480
1824 d 1 1480
1825 + 1480
1825 d 1 1480
1825 + 1480
1825 d 1 1480
1826 # 1504
1826 - 1480 151
1826 + 1480
1826 + 1480
1826 d 1 1480
1827 + 1480
1827 d 1 1480
1827 + 1480
1827 d 1 1480
1828 # 1504
1828 - 1480 152
1829 + 1480
1829 + 1480
1829 d 1 1480
1830 # 1504
1830 - 1480 154
1830 + 1480
1830 + 1480
1830 d 1 1480
1831 # 1504
1831 - 1480 154
1831 + 1480
1831 + 1480
1831 d 1 1480
1832 + 1480
1832 d 1 1480
1832 + 1480
1832 d 1 1480
1833 # 1504
1833 - 1480 156
1833 + 1480
1833 + 1480
1834 + 1480
1834 d 1 1480
1834 + 1480
1834 d 1 1480
1835 # 1504
1835 - 1480 157
1836 # 1504
1836 - 1480 157
1836 + 1480
1836 + 1480
1837 + 1480
1837 d 1 1480
1837 + 1480
1837 d 1 1480
1838 # 1504
1838 - 1480 159
1838 + 1480
1838 + 1480
1838 d 1 1480
1839 + 1480
1839 d 1 1480
1839 + 1480
1839 d 1 1480
1840 # 1504
1840 - 1480 160
1840 + 1480
1840 + 1480
1840 d 1 1480
1841 # 1504
1841 - 1480 161
1841 + 1480
1841 + 1480
1841 d 1 1480
1843 # 1504
1843 - 1480 161
1843 + 1480
1843 + 1480
1844 + 1480
1844 d 1 1480
1844 + 1480
1844 d 1 1480
1845 # 1504
1845 - 1480 163
1845 + 1480
1845 + 1480
1845 d 1 1480
1846 + 1480
1846 d 1 1480
1846 + 1480
1846 d 1 1480
1847 # 1504
1847 - 1480 164
1847 + 1480
1847 + 1480
1847 d 1 1480
1848 + 1480
1848 d 1 1480
1848 + 1480
1848 d 1 1480
1849 + 1480
1849 d 1 1480
1849 + 1480
1849 d 1 1480
1850 + 1480
1850 d 1 1480
1851 + 1480
1851 d 1 1480
1852 + 1480
1852 d 1 1480
1852 + 1480
1852 d 1 1480
1853 + 1480
1853 d 1 1480
1853 + 1480
1853 d 1 1480
1854 + 1480
1854 d 1 1480
1854 + 1480
1854 d 1 1480
1855 + 1480
1855 d 1 1480
1855 + 1480
1855 d 1 1480
1856 + 1480
1856 d 1 1480
1856 + 1480
1856 d 1 1480
1857 # 1504
1857 - 1480 173
1858 # 1504
1858 - 1480 173
1858 # 1504
1858 - 1480 173
1858 + 1480
1858 + 1480
1859 # 1504
1859 - 1480 173
1859 # 1504
1859 - 1480 173
1859 + 1480
1859 + 1480
1860 + 1480
1860 + 1480
1861 + 1480
1861 d 1 1480
1861 + 1480
1861 d 1 1480
1862 + 1480
1862 d 1 1480
1862 + 1480
1862 d 1 1480
1863 + 1480
1863 d 1 1480
1863 + 1480
1863 d 1 1480
1864 # 1504
1864 - 1480 177
1864 # 1504
1864 - 1480 177
1864 # 1504
1864 - 1480 176
1864 # 1504
1864 - 1480 176
1865 + 1480
1865 + 1480
1866 + 1480
1866 + 1480
1867 + 1480
1867 d 1 1480
1867 + 1480
1867 d 1 1480
1868 + 1480
1868 d 1 1480
1868 + 1480
1868 d 1 1480
1869 + 1480
1869 d 1 1480
1869 + 1480
1869 d 1 1480
1870 + 1480
1870 d 1 1480
1870 + 1480
1870 d 1 1480
1871 + 1480
1871 d 1 1480
1871 + 1480
1871 d 1 1480
1873 + 1480
1873 d 1 1480
1873 + 1480
1873 d 1 1480
1874 # 1504
1874 - 1480 184
1874 # 1504
1874 - 1480 184
1874 # 1504
1874 - 1480 183
1874 # 1504
1874 - 1480 182
1874 # 1504
1874 - 1480 182
1874 + 1480
1874 + 1480
1875 + 1480
1875 + 1480
1876 + 1480
1876 + 1480
1877 # 1504
1877 - 1480 179
1877 + 1480
1877 + 1480
1878 # 1504
1878 - 1480 180
1878 + 1480
1878 + 1480
1878 d 1 1480
1880 + 1480
1880 d 1 1480
1880 + 1480
1880 d 1 1480
1881 + 1480
1881 d 1 1480
1881 + 1480
1881 d 1 1480
1882 # 1504
1882 - 1480 183
1882 # 1504
1882 - 1480 182
1882 + 1480
1882 + 1480
1883 + 1480
1883 d 1 1480
1883 + 1480
1883 d 1 1480
1884 + 1480
1884 d 1 1480
1884 + 1480
1884 d 1 1480
1885 # 1504
1885 - 1480 185
1885 + 1480
1885 + 1480
1885 d 1 1480
1886 # 1504
1886 - 1480 185
1887 + 1480
1887 + 1480
1887 d 1 1480
1888 # 1504
1888 - 1480 187
1888 + 1480
1888 + 1480
1889 # 1504
1889 - 1480 187
1889 + 1480
1889 + 1480
1889 d 1 1480
1890 + 1480
1890 d 1 1480
1890 + 1480
1890 d 1 1480
1891 # 1504
1891 - 1480 188
1891 + 1480
1891 + 1480
1891 d 1 1480
1892 + 1480
1892 d 1 1480
1892 + 1480
1892 d 1 1480
1893 # 1504
1893 - 1480 189
1893 + 1480
1893 + 1480
1893 d 1 1480
1895 # 1504
1895 - 1480 190
1895 + 1480
1895 + 1480
1895 d 1 1480
1896 # 1504
1896 - 1480 191
1896 + 1480
1896 + 1480
1896 d 1 1480
1897 + 1480
1897 d 1 1480
1897 + 1480
1897 d 1 1480
1898 + 1480
1898 d 1 1480
1898 + 1480
1898 d 1 1480
1899 + 1480
1899 d 1 1480
1899 + 1480
1899 d 1 1480
1900 + 1480
1900 d 1 1480
1900 + 1480
1900 d 1 1480
1902 + 1480
1902 d 1 1480
1902 + 1480
1902 d 1 1480
1903 + 1480
1903 d 1 1480
1903 + 1480
1903 d 1 1480
1904 + 1480
1904 d 1 1480
1904 + 1480
1904 d 1 1480
1905 # 1504
1905 - 1480 199
1905 + 1480
1905 + 1480
1906 + 1480
1906 d 1 1480
1906 + 1480
1906 d 1 1480
1907 + 1480
1907 d 1 1480
1907 + 1480
1907 d 1 1480
1908 # 1504
1908 - 1480 201
1909 # 1504
1909 - 1480 199
1909 # 1504
1909 - 1480 199
1909 # 1504
1909 - 1480 197
1909 + 1480
1909 + 1480
1910 + 1480
1910 + 1480
1911 + 1480
1911 + 1480
1911 d 1 1480
1912 + 1480
1912 d 1 1480
1912 + 1480
1912 d 1 1480
1913 + 1480
1913 d 1 1480
1913 + 1480
1913 d 1 1480
1914 + 1480
1914 d 1 1480
1914 + 1480
1914 d 1 1480
1915 # 1504
1915 - 1480 202
1915 + 1480
1915 + 1480
1915 d 1 1480
1917 + 1480
1917 d 1 1480
1917 + 1480
1917 d 1 1480
1918 + 1480
1918 d 1 1480
1918 + 1480
1918 d 1 1480
1919 + 1480
1919 d 1 1480
1919 + 1480
1919 d 1 1480
1920 + 1480
1920 d 1 1480
1920 + 1480
1920 d 1 1480
1921 # 1504
1921 - 1480 207
1921 # 1504
1921 - 1480 207
1921 + 1480
1921 + 1480
1922 + 1480
1922 + 1480
1922 d 1 1480
1924 + 1480
1924 d 1 1480
1924 + 1480
1924 d 1 1480
1925 + 1480
1925 d 1 1480
1925 + 1480
1925 d 1 1480
1926 + 1480
1926 d 1 1480
1926 + 1480
1926 d 1 1480
1927 + 1480
1927 d 1 1480
1927 + 1480
1927 d 1 1480
1928 # 1504
1928 - 1480 209
1928 # 1504
1928 - 1480 202
1928 + 1480
1928 + 1480
1929 + 1480
1929 d 1 1480
1929 + 1480
1929 d 1 1480
1930 # 1504
1930 - 1480 203
1931 + 1480
1931 + 1480
1932 + 1480
1932 d 1 1480
1932 + 1480
1932 d 1 1480
1933 # 1504
1933 - 1480 206
1933 + 1480
1933 + 1480
1933 d 1 1480
1934 + 1480
1934 d 1 1480
1934 + 1480
1934 d 1 1480
1935 + 1480
1935 d 1 1480
1935 + 1480
1935 d 1 1480
1936 # 1504
1936 - 1480 208
1936 + 1480
1936 + 1480
1936 d 1 1480
1937 + 1480
1937 d 1 1480
1938 # 1504
1938 - 1480 208
1938 + 1480
1939 + 1480
1939 d 1 1480
1939 + 1480
1939 d 1 1480
1940 # 1504
1940 - 1480 210
1940 + 1480
1940 + 1480
1941 + 1480
1941 d 1 1480
1941 + 1480
1941 d 1 1480
1942 + 1480
1942 d 1 1480
1942 + 1480
1942 d 1 1480
1943 + 1480
1943 d 1 1480
1943 + 1480
1943 d 1 1480
1944 + 1480
1944 d 1 1480
1944 + 1480
1944 d 1 1480
1946 + 1480
1946 d 1 1480
1946 + 1480
1946 d 1 1480
1947 + 1480
1947 d 1 1480
1947 + 1480
1947 d 1 1480
1948 + 1480
1948 d 1 1480
1948 + 1480
1948 d 1 1480
1949 + 1480
1949 d 1 1480
1949 + 1480
1949 d 1 1480
1950 + 1480
1950 d 1 1480
1950 + 1480
1950 d 1 1480
1951 + 1480
1951 d 1 1480
1951 + 1480
1951 d 1 1480
1952 # 1504
1952 - 1480 221
1952 # 1504
1952 - 1480 220
1952 # 1504
1952 - 1480 217
1952 # 1504
1952 - 1480 216
1953 + 1480
1953 + 1480
1954 # 1504
1954 - 1480 217
1954 + 1480
1954 + 1480
1955 + 1480
1955 + 1480
1956 # 1504
1956 - 1480 212
1956 - 1480 212
1956 + 1480
1956 + 1480
1957 + 1480
1957 d 1 1480
1957 + 1480
1957 d 1 1480
1958 + 1480
1958 d 1 1480
1958 + 1480
1958 d 1 1480
1960 # 1504
1960 - 1480 215
1960 + 1480
1960 + 1480
1961 # 1504
1961 - 1480 212
1961 + 1480
1961 + 1480
1961 d 1 1480
1962 + 1480
1962 d 1 1480
1962 + 1480
1962 d 1 1480
1963 # 1504
1963 - 1480 212
1963 + 1480
1963 + 1480
1963 d 1 1480
1964 + 1480
1964 d 1 1480
1964 + 1480
1964 d 1 1480
1965 # 1504
1965 - 1480 212
1965 + 1480
1965 + 1480
1965 d 1 1480
1966 + 1480
1966 d 1 1480
1966 + 1480
1966 d 1 1480
1967 # 1504
1967 - 1480 214
1968 + 1480
1968 + 1480
1968 d 1 1480
1969 + 1480
1969 d 1 1480
1969 + 1480
1969 d 1 1480
1970 + 1480
1970 d 1 1480
1970 + 1480
1970 d 1 1480
1971 # 1504
1971 - 1480 200
1971 # 1504
1971 - 1480 200
1971 # 1504
1971 - 1480 198
1971 + 1480
1971 + 1480
1972 # 1504
1972 - 1480 199
1972 + 1480
1972 + 1480
1973 # 1504
1973 - 1480 199
1973 + 1480
1973 + 1480
1975 + 1480
1975 d 1 1480
1975 + 1480
1975 d 1 1480
1976 # 1504
1976 - 1480 201
1976 + 1480
1976 + 1480
1976 d 1 1480
1977 + 1480
1977 d 1 1480
1977 + 1480
1977 d 1 1480
1978 # 1504
1978 - 1480 200
1978 + 1480
1978 + 1480
1978 d 1 1480
1979 # 1504
1979 - 1480 201
1979 + 1480
1979 + 1480
1979 d 1 1480
1980 # 1504
1980 - 1480 192
1980 + 1480
1980 + 1480
1981 # 1504
1981 - 1480 193
1982 + 1480
1982 + 1480
1982 d 1 1480
1983 + 1480
1983 d 1 1480
1983 + 1480
1983 d 1 1480
1984 # 1504
1984 - 1480 188
1984 + 1480
1985 + 1480
1985 d 1 1480
1985 + 1480
1985 d 1 1480
1985 + 1480
1985 d 1 1480
1986 # 1504
1986 - 1480 177
1986 + 1480
1986 + 1480
1986 d 1 1480
1987 + 1480
1987 d 1 1480
1987 + 1480
1987 d 1 1480
1988 + 1480
1988 d 1 1480
1988 + 1480
1988 d 1 1480
1990 + 1480
1990 d 1 1480
1990 + 1480
1990 d 1 1480
1991 + 1480
1991 d 1 1480
1991 + 1480
1991 d 1 1480
1992 + 1480
1992 d 1 1480
1992 + 1480
1992 d 1 1480
1993 + 1480
1993 d 1 1480
1993 + 1480
1993 d 1 1480
1994 + 1480
1994 d 1 1480
1994 + 1480
1994 d 1 1480
1995 + 1480
1995 d 1 1480
1995 + 1480
1995 d 1 1480
1997 + 1480
1997 d 1 1480
1997 + 1480
1997 d 1 1480
1998 + 1480
1998 d 1 1480
1998 + 1480
1998 d 1 1480
1999 + 1480
1999 d 1 1480
1999 + 1480
1999 d 1 1480
2000 + 1480
2000 d 1 1480
2000 + 1480
2000 d 1 1480
2001 + 1480
2001 d 1 1480
2001 + 1480
2001 d 1 1480
2002 + 1480
2002 d 1 1480
2002 + 1480
2002 d 1 1480
2004 + 1480
2004 d 1 1480
2004 + 1480
2004 d 1 1480
2005 + 1480
2005 d 1 1480
2005 + 1480
2005 d 1 1480
2006 + 1480
2006 d 1 1480
2006 + 1480
2006 d 1 1480
2007 + 1480
2007 d 1 1480
2007 + 1480
2007 d 1 1480
2008 + 1480
2008 d 1 1480
2008 + 1480
2008 d 1 1480
2009 + 1480
2009 d 1 1480
2009 + 1480
2009 d 1 1480
2010 + 1480
2010 d 1 1480
2010 + 1480
2010 d 1 1480
2011 # 1504
2011 - 1480 202
2011 # 1504
2011 - 1480 200
2011 # 1504
2011 - 1480 190
2011 # 1504
2011 - 1480 189
2011 # 1504
2011 - 1480 187
2012 # 1504
2012 - 1480 186
2012 + 1480
2012 + 1480
2013 + 1480
2013 + 1480
2014 # 1504
2014 - 1480 185
2014 # 1504
2014 - 1480 184
2014 # 1504
2014 - 1480 183
2014 + 1480
2014 + 1480
2015 + 1480
2015 + 1480
2016 + 1480
2016 + 1480
2017 # 1504
2017 - 1480 184
2017 + 1480
2017 + 1480
2018 # 1504
2018 - 1480 185
2018 # 1504
2018 - 1480 182
2019 + 1480
2019 + 1480
2020 + 1480
2020 + 1480
2020 d 1 1480
2021 # 1504
2021 - 1480 185
2021 + 1480
2021 + 1480
2022 + 1480
2022 d 1 1480
2022 + 1480
2022 d 1 1480
2023 + 1480
2023 d 1 1480
2023 + 1480
2023 d 1 1480
2024 # 1504
2024 - 1480 186
2024 + 1480
2024 + 1480
2024 d 1 1480
2026 + 1480
2026 d 1 1480
2026 + 1480
2026 d 1 1480
2027 + 1480
2027 d 1 1480
2027 + 1480
2027 d 1 1480
2028 + 1480
2028 d 1 1480
2028 + 1480
2028 d 1 1480
2029 + 1480
2029 d 1 1480
2029 + 1480
2029 d 1 1480
2030 + 1480
2030 d 1 1480
2030 + 1480
2030 d 1 1480
2031 + 1480
2031 d 1 1480
2031 + 1480
2031 d 1 1480
2032 + 1480
2032 d 1 1480
2032 + 1480
2032 d 1 1480
2034 + 1480
2034 d 1 1480
2034 + 1480
2034 d 1 1480
2035 # 1504
2035 - 1480 194
2035 # 1504
2035 - 1480 192
2035 # 1504
2035 - 1480 190
2035 + 1480
2035 + 1480
2036 + 1480
2036 + 1480
2037 + 1480
2037 d 1 1480
2037 + 1480
2037 d 1 1480
2038 + 1480
2038 d 1 1480
2038 + 1480
2038 d 1 1480
2039 + 1480
2039 d 1 1480
2039 + 1480
2039 d 1 1480
2041 # 1504
2041 - 1480 194
2041 + 1480
2041 + 1480
2042 + 1480
2042 d 1 1480
2042 + 1480
2042 d 1 1480
2043 # 1504
2043 - 1480 185
2043 + 1480
2043 + 1480
2043 d 1 1480
2044 # 1504
2044 - 1480 185
2044 + 1480
2044 + 1480
2044 d 1 1480
2045 + 1480
2045 d 1 1480
2045 + 1480
2045 d 1 1480
2046 # 1504
2046 - 1480 187
2046 + 1480
2046 + 1480
2046 d 1 1480
2047 # 1504
2047 - 1480 187
2048 + 1480
2048 + 1480
2048 d 1 1480
2049 + 1480
2049 d 1 1480
2049 + 1480
2049 d 1 1480
2050 + 1480
2050 d 1 1480
2050 + 1480
2050 d 1 1480
2051 # 1504
2051 - 1480 191
2051 + 1480
2051 + 1480
2052 + 1480
2052 d 1 1480
2052 + 1480
2052 d 1 1480
2053 + 1480
2053 d 1 1480
2053 + 1480
2053 d 1 1480
2054 + 1480
2054 d 1 1480
2055 + 1480
2055 d 1 1480
2056 # 1504
2056 - 1480 191
2056 + 1480
2056 + 1480
2056 d 1 1480
2057 + 1480
2057 d 1 1480
2057 + 1480
2057 d 1 1480
2058 + 1480
2058 d 1 1480
2058 + 1480
2058 d 1 1480
2059 # 1504
2059 - 1480 193
2059 + 1480
2059 + 1480
2059 d 1 1480
2060 + 1480
2060 d 1 1480
2060 + 1480
2060 d 1 1480
2061 # 1504
2061 - 1480 195
2061 + 1480
2061 + 1480
2063 + 1480
2063 d 1 1480
2063 + 1480
2063 d 1 1480
2064 + 1480
2064 d 1 1480
2064 + 1480
2064 d 1 1480
2065 + 1480
2065 d 1 1480
2065 + 1480
2065 d 1 1480
2066 + 1480
2066 d 1 1480
2066 + 1480
2066 d 1 1480
2067 + 1480
2067 d 1 1480
2067 + 1480
2067 d 1 1480
2068 + 1480
2068 d 1 1480
2068 + 1480
2068 d 1 1480
2070 + 1480
2070 d 1 1480
2070 + 1480
2070 d 1 1480
2071 # 1504
2071 - 1480 197
2071 # 1504
2071 - 1480 196
2071 + 1480
2071 + 1480
2072 + 1480
2072 + 1480
2072 d 1 1480
2073 + 1480
2073 d 1 1480
2073 + 1480
2073 d 1 1480
2074 + 1480
2074 d 1 1480
2074 + 1480
2074 d 1 1480
2075 + 1480
2075 d 1 1480
2075 + 1480
2075 d 1 1480
2076 # 1504
2076 - 1480 200
2077 # 1504
2077 - 1480 201
2077 + 1480
2077 + 1480
2078 + 1480
2078 d 1 1480
2078 + 1480
2078 d 1 1480
2079 # 1504
2079 - 1480 202
2079 + 1480
2079 + 1480
2079 d 1 1480
2080 + 1480
2080 d 1 1480
2080 + 1480
2080 d 1 1480
2081 # 1504
2081 - 1480 204
2081 + 1480
2081 + 1480
2082 + 1480
2082 d 1 1480
2082 + 1480
2082 d 1 1480
2083 # 1504
2083 - 1480 205
2083 + 1480
2083 + 1480
2083 d 1 1480
2085 # 1504
2085 - 1480 203
2085 + 1480
2085 + 1480
2085 d 1 1480
2086 + 1480
2086 d 1 1480
2086 + 1480
2086 d 1 1480
2087 # 1504
2087 - 1480 202
2087 + 1480
2087 + 1480
2087 d 1 1480
2088 + 1480
2088 d 1 1480
2088 + 1480
2088 d 1 1480
2089 # 1504
2089 - 1480 202
2089 + 1480
2089 + 1480
2089 d 1 1480
2090 # 1504
2090 - 1480 202
2090 + 1480
2090 + 1480
2092 + 1480
2092 d 1 1480
2092 + 1480
2092 d 1 1480
2093 # 1504
2093 - 1480 205
2093 # 1504
2093 - 1480 202
2093 + 1480
2093 + 1480
2094 # 1504
2094 - 1480 201
2094 + 1480
2094 + 1480
2094 d 1 1480
2095 + 1480
2095 d 1 1480
2095 + 1480
2095 d 1 1480
2096 # 1504
2096 - 1480 201
2096 # 1504
2096 - 1480 200
2096 + 1480
2096 + 1480
2097 + 1480
2097 d 1 1480
2097 + 1480
2097 d 1 1480
2099 # 1504
2099 - 1480 194
2099 + 1480
2099 + 1480
2099 d 1 1480
2100 # 1504
2100 - 1480 195
2100 + 1480
2100 + 1480
2101 + 1480
2101 d 1 1480
2101 + 1480
2101 d 1 1480
2102 # 1504
2102 - 1480 193
2102 - 1480 192
2102 + 1480
2102 + 1480
2103 + 1480
2103 d 1 1480
2103 + 1480
2103 d 1 1480
2104 # 1504
2104 - 1480 194
2104 + 1480
2104 + 1480
2104 d 1 1480
2105 # 1504
2105 - 1480 194
2105 + 1480
2105 + 1480
2105 d 1 1480
2106 # 1504
2106 - 1480 191
2107 # 1504
2107 - 1480 186
2107 + 1480
2107 + 1480
2108 + 1480
2108 d 1 1480
2108 + 1480
2108 d 1 1480
2109 + 1480
2109 d 1 1480
2109 + 1480
2109 d 1 1480
2110 # 1504
2110 - 1480 189
2110 + 1480
2110 + 1480
2111 + 1480
2111 d 1 1480
2111 + 1480
2111 d 1 1480
2112 + 1480
2112 d 1 1480
2112 + 1480
2112 d 1 1480
2113 # 1504
2113 - 1480 191
2114 # 1504
2114 - 1480 186
2114 + 1480
2114 + 1480
2115 # 1504
2115 - 1480 184
2115 + 1480
2115 + 1480
2115 d 1 1480
2116 + 1480
2116 d 1 1480
2116 + 1480
2116 d 1 1480
2117 + 1480
2117 d 1 1480
2117 + 1480
2117 d 1 1480
2118 + 1480
2118 d 1 1480
2118 + 1480
2118 d 1 1480
2119 + 1480
2119 d 1 1480
2119 + 1480
2119 d 1 1480
2121 + 1480
2121 d 1 1480
2121 + 1480
2121 d 1 1480
2122 + 1480
2122 d 1 1480
2122 + 1480
2122 d 1 1480
2123 # 1504
2123 - 1480 192
2123 + 1480
2123 + 1480
2124 + 1480
2124 d 1 1480
2124 + 1480
2124 d 1 1480
2125 + 1480
2125 d 1 1480
2125 + 1480
2125 d 1 1480
2126 + 1480
2126 d 1 1480
2126 + 1480
2126 d 1 1480
2127 # 1504
2127 - 1480 194
2127 + 1480
2127 + 1480
2129 + 1480
2129 d 1 1480
2129 + 1480
2129 d 1 1480
2130 + 1480
2130 d 1 1480
2130 + 1480
2130 d 1 1480
2131 # 1504
2131 - 1480 193
2131 + 1480
2131 + 1480
2131 d 1 1480
2132 + 1480
2132 d 1 1480
2132 + 1480
2132 d 1 1480
2133 # 1504
2133 - 1480 193
2133 + 1480
2133 + 1480
2133 d 1 1480
2134 + 1480
2134 d 1 1480
2134 + 1480
2134 d 1 1480
2135 # 1504
2135 - 1480 182
2136 # 1504
2136 - 1480 183
2136 + 1480
2136 + 1480
2137 + 1480
2137 + 1480
2137 d 1 1480
2138 # 1504
2138 - 1480 184
2138 + 1480
2138 + 1480
2138 d 1 1480
2139 # 1504
2139 - 1480 184
2139 + 1480
2139 + 1480
2139 d 1 1480
2140 + 1480
2140 d 1 1480
2140 + 1480
2140 d 1 1480
2141 # 1504
2141 - 1480 186
2141 + 1480
2141 + 1480
2141 d 1 1480
2142 # 1504
2142 - 1480 186
2143 + 1480
2143 + 1480
2143 d 1 1480
2144 # 1504
2144 - 1480 188
2144 + 1480
2144 + 1480
2144 d 1 1480
2145 # 1504
2145 - 1480 185
2145 + 1480
2145 + 1480
2146 # 1504
2146 - 1480 186
2146 + 1480
2146 + 1480
2146 d 1 1480
2147 + 1480
2147 d 1 1480
2147 + 1480
2147 d 1 1480
2148 + 1480
2148 d 1 1480
2148 + 1480
2148 d 1 1480
2149 + 1480
2149 d 1 1480
2149 + 1480
2149 d 1 1480
2150 + 1480
2150 d 1 1480
2151 # 1504
2151 - 1480 188
2151 + 1480
2152 + 1480
2152 d 1 1480
2152 + 1480
2152 d 1 1480
2153 + 1480
2153 d 1 1480
2153 + 1480
2153 d 1 1480
2154 + 1480
2154 d 1 1480
2154 + 1480
2154 d 1 1480
2155 # 1504
2155 - 1480 190
2155 + 1480
2155 + 1480
2156 + 1480
2156 d 1 1480
2156 + 1480
2156 d 1 1480
2158 # 1504
2158 - 1480 190
2158 # 1504
2158 - 1480 187
2158 + 1480
2158 + 1480
2159 # 1504
2159 - 1480 187
2159 + 1480
2159 + 1480
2159 d 1 1480
2160 + 1480
2160 d 1 1480
2160 + 1480
2160 d 1 1480
2161 + 1480
2161 d 1 1480
2161 + 1480
2161 d 1 1480
2162 + 1480
2162 d 1 1480
2162 + 1480
2162 d 1 1480
2163 + 1480
2163 d 1 1480
2163 + 1480
2163 d 1 1480
2165 + 1480
2165 d 1 1480
2165 + 1480
2165 d 1 1480
2166 + 1480
2166 d 1 1480
2166 + 1480
2166 d 1 1480
2167 + 1480
2167 d 1 1480
2167 + 1480
2167 d 1 1480
2168 + 1480
2168 d 1 1480
2168 + 1480
2168 d 1 1480
2169 # 1504
2169 - 1480 197
2169 # 1504
2169 - 1480 196
2169 # 1504
2169 - 1480 193
2169 # 1504
2169 - 1480 191
2169 # 1504
2169 - 1480 190
2169 # 1504
2169 - 1480 189
2169 + 1480
2169 + 1480
2170 + 1480
2170 + 1480
2172 + 1480
2172 + 1480
2173 + 1480
2173 + 1480
2173 d 1 1480
2174 + 1480
2174 d 1 1480
2174 + 1480
2174 d 1 1480
2175 # 1504
2175 - 1480 195
2175 # 1504
2175 - 1480 193
2175 # 1504
2175 - 1480 189
2175 + 1480
2175 + 1480
2176 # 1504
2176 - 1480 164
2176 # 1504
2176 - 1480 164
2176 # 1504
2176 - 1480 163
2176 # 1504
2176 - 1480 163
2176 # 1504
2176 - 1480 162
2176 # 1504
2176 - 1480 162
2176 # 1504
2176 - 1480 161
2176 + 1480
2176 + 1480
2177 + 1480
2177 + 1480
2178 # 1504
2178 - 1480 163
2178 # 1504
2178 - 1480 162
2178 + 1480
2178 + 1480
2179 # 1504
2179 - 1480 163
2180 # 1504
2180 - 1480 163
2180 + 1480
2180 + 1480
2181 # 1504
2181 - 1480 164
2181 + 1480
2181 + 1480
2182 # 1504
2182 - 1480 163
2182 # 1504
2182 - 1480 162
2182 + 1480
2182 + 1480
2183 # 1504
2183 - 1480 162
2183 + 1480
2183 + 1480
2184 # 1504
2184 - 1480 163
2184 + 1480
2184 + 1480
2185 # 1504
2185 - 1480 161
2185 + 1480
2185 + 1480
2186 # 1504
2186 - 1480 151
2186 # 1504
2186 - 1480 151
2187 + 1480
2187 + 1480
2188 # 1504
2188 - 1480 152
2188 # 1504
2188 - 1480 152
2188 + 1480
2188 + 1480
2189 + 1480
2189 + 1480
2190 # 1504
2190 - 1480 149
2190 # 1504
2190 - 1480 149
2190 # 1504
2190 - 1480 146
2190 + 1480
2190 + 1480
2191 + 1480
2191 + 1480
2192 # 1504
2192 - 1480 146
2192 # 1504
2192 - 1480 144
2192 - 1480 141
2192 # 1504
2192 - 1480 141
2192 + 1480
2192 + 1480
2193 # 1504
2193 - 1480 137
2193 # 1504
2193 - 1480 134
2194 # 1504
2194 - 1480 133
2194 + 1480
2194 + 1480
2195 # 1504
2195 - 1480 134
2195 # 1504
2195 - 1480 124
2195 + 1480
2195 + 1480
2196 # 1504
2196 - 1480 125
2196 + 1480
2196 + 1480
2197 # 1504
2197 - 1480 125
2197 # 1504
2197 - 1480 120
2197 + 1480
2197 + 1480
2198 # 1504
2198 - 1480 121
2198 + 1480
2198 + 1480
2199 # 1504
2199 - 1480 120
2199 # 1504
2199 - 1480 118
2199 + 1480
2199 + 1480
2200 # 1504
2200 - 1480 117
2200 + 1480
2201 # 1504
2201 - 1480 116
2201 + 1480
2202 # 1504
2202 - 1480 115
2202 # 1504
2202 - 1480 113
2202 + 1480
2202 + 1480
2203 # 1504
2203 - 1480 113
2203 + 1480
2203 + 1480
2204 # 1504
2204 - 1480 114
2204 # 1504
2204 - 1480 111
2204 + 1480
2204 + 1480
2205 # 1504
2205 - 1480 112
2205 + 1480
2205 + 1480
2206 # 1504
2206 - 1480 112
2206 + 1480
2206 + 1480
2206 d 1 1480
2207 # 1504
2207 - 1480 111
2207 # 1504
2207 - 1480 111
2207 + 1480
2207 + 1480
2208 # 1504
2208 - 1480 109
2209 # 1504
2209 - 1480 109
2209 + 1480
2209 + 1480
2210 # 1504
2210 - 1480 108
2210 + 1480
2210 + 1480
2211 # 1504
2211 - 1480 109
2211 + 1480
2211 + 1480
2211 d 1 1480
2212 # 1504
2212 - 1480 108
2212 + 1480
2212 + 1480
2212 d 1 1480
2213 # 1504
2213 - 1480 108
2213 + 1480
2213 + 1480
2213 d 1 1480
2214 # 1504
2214 - 1480 107
2214 # 1504
2214 - 1480 107
2214 + 1480
2214 + 1480
2215 # 1504
2215 - 1480 105
2216 + 1480
2216 + 1480
2216 d 1 1480
2217 # 1504
2217 - 1480 107
2217 # 1504
2217 - 1480 103
2217 + 1480
2217 + 1480
2218 # 1504
2218 - 1480 103
2218 # 1504
2218 - 1480 95
2218 + 1480
2218 + 1480
2219 # 1504
2219 - 1480 96
2219 + 1480
2219 + 1480
2220 + 1480
2220 d 1 1480
2220 + 1480
2220 d 1 1480
2221 + 1480
2221 d 1 1480
2221 + 1480
2221 d 1 1480
2222 + 1480
2222 d 1 1480
2222 + 1480
2222 d 1 1480
2224 + 1480
2224 d 1 1480
2224 + 1480
2224 d 1 1480
2225 + 1480
2225 d 1 1480
2225 + 1480
2225 d 1 1480
2226 + 1480
2226 d 1 1480
2226 + 1480
2226 d 1 1480
2227 + 1480
2227 d 1 1480
2227 + 1480
2227 d 1 1480
2228 # 1504
2228 - 1480 101
2228 # 1504
2228 - 1480 101
2228 + 1480
2228 + 1480
2229 # 1504
2229 - 1480 96
2229 + 1480
2229 + 1480
2231 # 1504
2231 - 1480 95
2231 # 1504
2231 - 1480 95
2231 # 1504
2231 - 1480 94
2231 # 1504
2231 - 1480 93
2231 # 1504
2231 - 1480 92
2231 # 1504
2231 - 1480 90
2231 # 1504
2231 - 1480 88
2231 + 1480
2231 + 1480
2232 + 1480
2232 + 1480
2233 + 1480
2233 + 1480
2234 # 1504
2234 - 1480 90
2234 + 1480
2234 + 1480
2235 # 1504
2235 - 1480 90
2235 + 1480
2235 + 1480
2236 + 1480
2236 d 1 1480
2236 + 1480
2236 d 1 1480
2237 # 1504
2237 - 1480 92
2238 + 1480
2238 + 1480
2238 d 1 1480
2239 # 1504
2239 - 1480 88
2239 + 1480
2239 + 1480
2239 d 1 1480
2240 # 1504
2240 - 1480 85
2240 + 1480
2240 + 1480
2240 d 1 1480
2241 # 1504
2241 - 1480 86
2241 + 1480
2241 + 1480
2241 d 1 1480
2242 + 1480
2242 d 1 1480
2242 + 1480
2242 d 1 1480
2243 # 1504
2243 - 1480 85
2243 + 1480
2243 + 1480
2243 d 1 1480
2244 + 1480
2244 d 1 1480
2244 + 1480
2244 d 1 1480
2245 # 1504
2245 - 1480 87
2246 # 1504
2246 - 1480 87
2246 + 1480
2246 + 1480
2247 + 1480
2247 + 1480
2247 d 1 1480
2248 + 1480
2248 d 1 1480
2248 + 1480
2248 d 1 1480
2249 + 1480
2249 d 1 1480
2249 + 1480
2249 d 1 1480
2250 + 1480
2250 d 1 1480
2250 + 1480
2250 d 1 1480
2251 # 1504
2251 - 1480 82
2251 + 1480
2252 + 1480
2252 d 1 1480
2253 # 1504
2253 - 1480 83
2253 + 1480
2253 + 1480
2254 # 1504
2254 - 1480 84
2254 + 1480
2254 + 1480
2254 d 1 1480
2255 + 1480
2255 d 1 1480
2255 + 1480
2255 d 1 1480
2256 # 1504
2256 - 1480 84
2256 + 1480
2256 + 1480
2256 d 1 1480
2257 + 1480
2257 d 1 1480
2257 + 1480
2257 d 1 1480
2258 # 1504
2258 - 1480 85
2258 + 1480
2258 + 1480
2258 d 1 1480
2259 # 1504
2259 - 1480 84
2259 - 1480 84
2260 # 1504
2260 - 1480 84
2260 + 1480
2260 + 1480
2261 # 1504
2261 - 1480 85
2261 + 1480
2261 + 1480
2262 # 1504
2262 - 1480 85
2262 + 1480
2262 + 1480
2263 + 1480
2263 d 1 1480
2263 + 1480
2263 d 1 1480
2264 # 1504
2264 - 1480 87
2264 # 1504
2264 - 1480 86
2264 + 1480
2264 + 1480
2265 + 1480
2265 d 1 1480
2265 + 1480
2265 d 1 1480
2266 # 1504
2266 - 1480 86
2266 # 1504
2266 - 1480 86
2266 + 1480
2266 + 1480
2267 # 1504
2267 - 1480 86
2267 + 1480
2268 # 1504
2268 - 1480 87
2268 + 1480
2269 # 1504
2269 - 1480 87
2269 + 1480
2269 + 1480
2269 d 1 1480
2270 + 1480
2270 d 1 1480
2270 + 1480
2270 d 1 1480
2271 + 1480
2271 d 1 1480
2271 + 1480
2271 d 1 1480
2272 # 1504
2272 - 1480 90
2272 # 1504
2272 - 1480 89
2272 + 1480
2272 + 1480
2273 # 1504
2273 - 1480 89
2273 + 1480
2273 + 1480
2274 # 1504
2274 - 1480 90
2275 # 1504
2275 - 1480 90
2275 + 1480
2275 + 1480
2276 # 1504
2276 - 1480 91
2276 + 1480
2276 + 1480
2276 d 1 1480
2277 # 1504
2277 - 1480 90
2277 + 1480
2277 + 1480
2277 d 1 1480
2278 # 1504
2278 - 1480 91
2278 + 1480
2278 + 1480
2278 d 1 1480
2279 # 1504
2279 - 1480 91
2279 + 1480
2279 + 1480
2279 d 1 1480
2280 + 1480
2280 d 1 1480
2280 + 1480
2280 d 1 1480
2282 + 1480
2282 d 1 1480
2282 + 1480
2282 d 1 1480
2283 + 1480
2283 d 1 1480
2283 + 1480
2283 d 1 1480
2284 + 1480
2284 d 1 1480
2284 + 1480
2284 d 1 1480
2285 + 1480
2285 d 1 1480
2285 + 1480
2285 d 1 1480
2286 + 1480
2286 d 1 1480
2286 + 1480
2286 d 1 1480
2287 + 1480
2287 d 1 1480
2287 + 1480
2287 d 1 1480
2288 + 1480
2288 d 1 1480
2289 # 1504
2289 - 1480 101
2289 # 1504
2289 - 1480 100
2289 # 1504
2289 - 1480 99
2289 # 1504
2289 - 1480 98
2289 # 1504
2289 - 1480 98
2289 # 1504
2289 - 1480 97
2289 # 1504
2289 - 1480 97
2289 # 1504
2289 - 1480 95
2289 # 1504
2289 - 1480 95
2289 + 1480
2290 + 1480
2290 + 1480
2291 + 1480
2291 + 1480
2292 # 1504
2292 - 1480 97
2292 + 1480
2292 + 1480
2293 # 1504
2293 - 1480 98
2293 # 1504
2293 - 1480 97
2293 + 1480
2293 + 1480
2294 + 1480
2294 + 1480
2295 # 1504
2295 - 1480 99
2295 + 1480
2295 + 1480
2296 # 1504
2296 - 1480 99
2297 + 1480
2297 + 1480
2298 # 1504
2298 - 1480 101
2298 + 1480
2298 + 1480
2299 # 1504
2299 - 1480 101
2299 + 1480
2299 + 1480
2300 + 1480
2300 d 1 1480
2300 + 1480
2300 d 1 1480
2301 + 1480
2301 d 1 1480
2301 + 1480
2301 d 1 1480
2302 + 1480
2302 d 1 1480
2302 + 1480
2302 d 1 1480
2304 + 1480
2304 d 1 1480
2304 + 1480
2304 d 1 1480
2305 + 1480
2305 d 1 1480
2305 + 1480
2305 d 1 1480
2306 # 1504
2306 - 1480 107
2306 + 1480
2306 + 1480
2306 d 1 1480
2307 + 1480
2307 d 1 1480
2307 + 1480
2307 d 1 1480
2308 + 1480
2308 d 1 1480
2308 + 1480
2308 d 1 1480
2309 + 1480
2309 d 1 1480
2309 + 1480
2309 d 1 1480
2311 + 1480
2311 d 1 1480
2311 + 1480
2311 d 1 1480
2312 + 1480
2312 d 1 1480
2312 + 1480
2312 d 1 1480
2313 + 1480
2313 d 1 1480
2313 + 1480
2313 d 1 1480
2314 + 1480
2314 d 1 1480
2314 + 1480
2314 d 1 1480
2315 # 1504
2315 - 1480 116
2315 # 1504
2315 - 1480 115
2315 # 1504
2315 - 1480 113
2315 # 1504
2315 - 1480 112
2315 + 1480
2315 + 1480
2316 + 1480
2316 + 1480
2317 # 1504
2317 - 1480 114
2317 + 1480
2317 + 1480
2319 # 1504
2319 - 1480 115
2319 + 1480
2319 + 1480
2320 + 1480
2320 d 1 1480
2320 + 1480
2320 d 1 1480
2321 + 1480
2321 d 1 1480
2321 + 1480
2321 d 1 1480
2322 + 1480
2322 d 1 1480
2322 + 1480
2322 d 1 1480
2323 + 1480
2323 d 1 1480
2323 + 1480
2323 d 1 1480
2324 + 1480
2324 d 1 1480
2324 + 1480
2324 d 1 1480
2326 + 1480
2326 d 1 1480
2326 + 1480
2326 d 1 1480
2327 + 1480
2327 d 1 1480
2327 + 1480
2327 d 1 1480
2328 # 1504
2328 - 1480 124
2328 # 1504
2328 - 1480 123
2328 # 1504
2328 - 1480 122
2328 # 1504
2328 - 1480 121
2328 + 1480
2328 + 1480
2329 # 1504
2329 - 1480 122
2329 # 1504
2329 - 1480 120
2329 # 1504
2329 - 1480 120
2329 # 1504
2329 - 1480 119
2329 + 1480
2329 + 1480
2330 # 1504
2330 - 1480 120
2330 + 1480
2330 + 1480
2331 # 1504
2331 - 1480 120
2331 + 1480
2331 + 1480
2332 # 1504
2332 - 1480 120
2333 # 1504
2333 - 1480 119
2333 + 1480
2333 + 1480
2334 + 1480
2334 + 1480
2334 + 1480
2335 # 1504
2335 - 1480 121
2335 # 1504
2335 - 1480 119
2335 + 1480
2336 + 1480
2336 + 1480
2337 + 1480
2337 d 1 1480
2337 + 1480
2337 d 1 1480
2338 + 1480
2338 d 1 1480
2338 + 1480
2338 d 1 1480
2339 + 1480
2339 d 1 1480
2339 + 1480
2339 d 1 1480
2341 + 1480
2341 d 1 1480
2341 + 1480
2341 d 1 1480
2342 + 1480
2342 d 1 1480
2342 + 1480
2342 d 1 1480
2343 + 1480
2343 d 1 1480
2343 + 1480
2343 d 1 1480
2344 + 1480
2344 d 1 1480
2344 + 1480
2344 d 1 1480
2345 # 1504
2345 - 1480 128
2345 # 1504
2345 - 1480 128
2345 # 1504
2345 - 1480 127
2345 + 1480
2345 + 1480
2346 # 1504
2346 - 1480 127
2346 + 1480
2346 + 1480
2348 + 1480
2348 + 1480
2348 d 1 1480
2349 + 1480
2349 d 1 1480
2349 + 1480
2349 d 1 1480
2350 + 1480
2350 d 1 1480
2350 + 1480
2350 d 1 1480
2351 + 1480
2351 d 1 1480
2351 + 1480
2351 d 1 1480
2352 + 1480
2352 d 1 1480
2352 + 1480
2352 d 1 1480
2353 # 1504
2353 - 1480 134
2353 + 1480
2353 + 1480
2354 # 1504
2354 - 1480 126
2354 - 1480 125
2355 # 1504
2355 - 1480 126
2355 + 1480
2355 + 1480
2356 + 1480
2356 + 1480
2357 + 1480
2357 d 1 1480
2357 + 1480
2357 d 1 1480
2358 + 1480
2358 d 1 1480
2358 + 1480
2358 d 1 1480
2359 + 1480
2359 d 1 1480
2359 + 1480
2359 d 1 1480
2360 + 1480
2360 d 1 1480
2360 + 1480
2360 d 1 1480
2361 + 1480
2361 d 1 1480
2361 + 1480
2361 d 1 1480
2363 + 1480
2363 d 1 1480
2363 + 1480
2363 d 1 1480
2364 # 1504
2364 - 1480 133
2364 # 1504
2364 - 1480 132
2364 # 1504
2364 - 1480 131
2364 # 1504
2364 - 1480 131
2364 + 1480
2364 + 1480
2365 + 1480
2365 + 1480
2366 + 1480
2366 + 1480
2366 d 1 1480
2367 + 1480
2367 d 1 1480
2367 + 1480
2367 d 1 1480
2368 # 1504
2368 - 1480 134
2368 # 1504
2368 - 1480 134
2368 # 1504
2368 - 1480 133
2368 # 1504
2368 - 1480 133
2368 # 1504
2368 - 1480 130
2368 # 1504
2368 - 1480 129
2368 + 1480
2368 + 1480
2369 # 1504
2369 - 1480 129
2369 # 1504
2369 - 1480 128
2370 + 1480
2370 + 1480
2371 + 1480
2371 + 1480
2372 + 1480
2372 + 1480
2373 + 1480
2373 d 1 1480
2373 + 1480
2373 d 1 1480
2374 + 1480
2374 d 1 1480
2374 + 1480
2374 d 1 1480
2375 # 1504
2375 - 1480 132
2375 # 1504
2375 - 1480 129
2375 # 1504
2375 - 1480 128
2375 # 1504
2375 - 1480 124
2375 + 1480
2375 + 1480
2376 # 1504
2376 - 1480 123
2377 # 1504
2377 - 1480 124
2377 + 1480
2377 + 1480
2378 # 1504
2378 - 1480 124
2378 + 1480
2378 + 1480
2379 + 1480
2379 + 1480
2380 + 1480
2380 d 1 1480
2380 + 1480
2380 d 1 1480
2381 + 1480
2381 d 1 1480
2381 + 1480
2381 d 1 1480
2382 + 1480
2382 d 1 1480
2382 + 1480
2382 d 1 1480
2383 + 1480
2383 d 1 1480
2383 + 1480
2383 d 1 1480
2385 + 1480
2385 d 1 1480
2385 + 1480
2385 d 1 1480
2386 + 1480
2386 d 1 1480
2386 + 1480
2386 d 1 1480
2387 # 1504
2387 - 1480 131
2387 # 1504
2387 - 1480 129
2387 + 1480
2387 + 1480
2388 # 1504
2388 - 1480 127
2388 # 1504
2388 - 1480 127
2388 # 1504
2388 - 1480 126
2388 # 1504
2388 - 1480 126
2388 # 1504
2388 - 1480 124
2388 # 1504
2388 - 1480 124
2388 + 1480
2388 + 1480
2389 + 1480
2389 + 1480
2390 # 1504
2390 - 1480 124
2390 + 1480
2390 + 1480
2391 # 1504
2391 - 1480 125
2392 # 1504
2392 - 1480 125
2392 + 1480
2392 + 1480
2393 # 1504
2393 - 1480 125
2393 + 1480
2393 + 1480
2394 # 1504
2394 - 1480 125
2394 + 1480
2394 + 1480
2395 + 1480
2395 + 1480
2395 d 1 1480
2396 + 1480
2396 d 1 1480
2396 + 1480
2396 d 1 1480
2397 + 1480
2397 d 1 1480
2397 + 1480
2397 d 1 1480
2399 + 1480
2399 d 1 1480
2399 + 1480
2399 d 1 1480
2400 + 1480
2400 d 1 1480
2400 + 1480
2400 d 1 1480
2401 + 1480
2401 d 1 1480
2401 + 1480
2401 d 1 1480
2402 + 1480
2402 d 1 1480
2402 + 1480
2402 d 1 1480
2403 # 1504
2403 - 1480 131
2403 + 1480
2403 + 1480
2404 # 1504
2404 - 1480 132
2404 + 1480
2404 + 1480
2405 # 1504
2405 - 1480 130
2405 # 1504
2405 - 1480 130
2405 # 1504
2405 - 1480 129
2405 + 1480
2406 + 1480
2407 + 1480
2407 + 1480
2407 d 1 1480
2408 # 1504
2408 - 1480 131
2408 # 1504
2408 - 1480 130
2408 # 1504
2408 - 1480 129
2408 + 1480
2408 + 1480
2409 # 1504
2409 - 1480 120
2409 # 1504
2409 - 1480 119
2409 # 1504
2409 - 1480 119
2409 + 1480
2409 + 1480
2410 + 1480
2410 + 1480
2411 + 1480
2411 d 1 1480
2411 + 1480
2411 d 1 1480
2412 # 1504
2412 - 1480 121
2412 + 1480
2412 + 1480
2414 # 1504
2414 - 1480 123
2414 + 1480
2414 + 1480
2414 d 1 1480
2415 # 1504
2415 - 1480 123
2415 + 1480
2415 + 1480
2415 d 1 1480
2416 + 1480
2416 d 1 1480
2416 + 1480
2416 d 1 1480
2417 # 1504
2417 - 1480 124
2417 + 1480
2417 + 1480
2417 d 1 1480
2418 # 1504
2418 - 1480 125
2418 + 1480
2418 + 1480
2418 d 1 1480
2419 + 1480
2419 d 1 1480
2419 + 1480
2419 d 1 1480
2421 # 1504
2421 - 1480 127
2421 + 1480
2421 + 1480
2422 # 1504
2422 - 1480 128
2422 + 1480
2422 + 1480
2422 d 1 1480
2423 + 1480
2423 d 1 1480
2423 + 1480
2423 d 1 1480
2424 # 1504
2424 - 1480 129
2424 + 1480
2424 + 1480
2424 d 1 1480
2425 # 1504
2425 - 1480 128
2425 + 1480
2425 + 1480
2425 d 1 1480
2426 + 1480
2426 d 1 1480
2426 + 1480
2426 d 1 1480
2427 # 1504
2427 - 1480 130
2428 # 1504
2428 - 1480 130
2428 + 1480
2428 + 1480
2429 + 1480
2429 + 1480
2429 d 1 1480
2430 + 1480
2430 d 1 1480
2430 + 1480
2430 d 1 1480
2431 # 1504
2431 - 1480 132
2431 # 1504
2431 - 1480 132
2431 # 1504
2431 - 1480 125
2431 + 1480
2431 + 1480
2432 + 1480
2432 + 1480
2432 d 1 1480
2433 + 1480
2433 d 1 1480
2433 + 1480
2433 d 1 1480
2434 # 1504
2434 - 1480 119
2434 # 1504
2434 - 1480 119
2434 # 1504
2434 - 1480 118
2434 - 1480 118
2434 + 1480
2434 + 1480
2436 + 1480
2436 + 1480
2436 d 1 1480
2437 + 1480
2437 d 1 1480
2437 + 1480
2437 d 1 1480
2438 + 1480
2438 d 1 1480
2438 + 1480
2438 d 1 1480
2439 + 1480
2439 d 1 1480
2439 + 1480
2439 d 1 1480
2440 + 1480
2440 d 1 1480
2440 + 1480
2440 d 1 1480
2441 + 1480
2441 d 1 1480
2441 + 1480
2441 d 1 1480
2443 + 1480
2443 d 1 1480
2443 + 1480
2443 d 1 1480
2444 # 1504
2444 - 1480 127
2444 # 1504
2444 - 1480 125
2444 # 1504
2444 - 1480 116
2444 # 1504
2444 - 1480 116
2444 # 1504
2444 - 1480 115
2444 # 1504
2444 - 1480 115
2444 # 1504
2444 - 1480 114
2444 # 1504
2444 - 1480 114
2444 + 1480
2444 + 1480
2445 # 1504
2445 - 1480 114
2445 + 1480
2445 + 1480
2446 + 1480
2446 + 1480
2447 # 1504
2447 - 1480 116
2447 # 1504
2447 - 1480 114
2447 + 1480
2447 + 1480
2448 # 1504
2448 - 1480 115
2448 + 1480
2448 + 1480
2449 # 1504
2449 - 1480 115
2450 + 1480
2450 + 1480
2450 + 1480
2451 # 1504
2451 - 1480 117
2451 + 1480
2452 + 1480
2452 + 1480
2453 # 1504
2453 - 1480 119
2453 + 1480
2453 + 1480
2454 # 1504
2454 - 1480 118
2454 # 1504
2454 - 1480 118
2454 + 1480
2454 + 1480
2455 # 1504
2455 - 1480 110
2455 + 1480
2455 + 1480
2456 # 1504
2456 - 1480 111
2456 + 1480
2456 + 1480
2456 d 1 1480
2457 # 1504
2457 - 1480 111
2458 + 1480
2458 + 1480
2458 d 1 1480
2459 + 1480
2459 d 1 1480
2459 + 1480
2459 d 1 1480
2460 + 1480
2460 d 1 1480
2460 + 1480
2460 d 1 1480
2461 + 1480
2461 d 1 1480
2461 + 1480
2461 d 1 1480
2462 + 1480
2462 d 1 1480
2462 + 1480
2462 d 1 1480
2463 + 1480
2463 d 1 1480
2463 + 1480
2463 d 1 1480
2465 + 1480
2465 d 1 1480
2465 + 1480
2465 d 1 1480
2466 + 1480
2466 d 1 1480
2466 + 1480
2466 d 1 1480
2467 + 1480
2467 d 1 1480
2467 + 1480
2467 d 1 1480
2468 # 1504
2468 - 1480 122
2468 + 1480
2468 + 1480
2469 # 1504
2469 - 1480 121
2469 # 1504
2469 - 1480 114
2469 # 1504
2469 - 1480 114
2469 + 1480
2469 + 1480
2470 + 1480
2470 + 1480
2472 + 1480
2472 d 1 1480
2472 + 1480
2472 d 1 1480
2473 + 1480
2473 d 1 1480
2473 + 1480
2473 d 1 1480
2474 # 1504
2474 - 1480 118
2474 + 1480
2474 + 1480
2474 d 1 1480
2475 # 1504
2475 - 1480 119
2475 # 1504
2475 - 1480 111
2475 # 1504
2475 - 1480 110
2475 # 1504
2475 - 1480 110
2475 # 1504
2475 - 1480 109
2475 # 1504
2475 - 1480 107
2475 # 1504
2475 - 1480 107
2475 # 1504
2475 - 1480 105
2475 + 1480
2475 + 1480
2476 # 1504
2476 - 1480 106
2476 # 1504
2476 - 1480 105
2476 + 1480
2476 + 1480
2477 # 1504
2477 - 1480 106
2477 + 1480
2477 + 1480
2478 # 1504
2478 - 1480 106
2478 + 1480
2478 + 1480
2479 # 1504
2479 - 1480 107
2480 # 1504
2480 - 1480 105
2480 + 1480
2480 + 1480
2481 # 1504
2481 - 1480 106
2481 + 1480
2481 + 1480
2482 # 1504
2482 - 1480 105
2482 + 1480
2482 + 1480
2484 + 1480
2484 + 1480
2484 + 1480
2484 + 1480
2484 d 1 1480
2485 # 1504
2485 - 1480 108
2485 # 1504
2485 - 1480 107
2485 # 1504
2485 - 1480 106
2485 + 1480
2485 + 1480
2486 # 1504
2486 - 1480 107
2487 # 1504
2487 - 1480 100
2487 + 1480
2487 + 1480
2488 # 1504
2488 - 1480 101
2488 # 1504
2488 - 1480 100
2488 # 1504
2488 - 1480 100
2488 + 1480
2488 + 1480
2489 + 1480
2489 + 1480
2490 + 1480
2490 + 1480
2490 d 1 1480
2491 # 1504
2491 - 1480 102
2491 + 1480
2491 + 1480
2492 # 1504
2492 - 1480 103
2492 + 1480
2492 + 1480
2492 d 1 1480
2493 # 1504
2493 - 1480 103
2493 # 1504
2493 - 1480 101
2494 # 1504
2494 - 1480 102
2494 + 1480
2494 + 1480
2495 + 1480
2495 + 1480
2495 d 1 1480
2496 + 1480
2496 d 1 1480
2496 + 1480
2496 d 1 1480
2497 + 1480
2497 d 1 1480
2497 + 1480
2497 d 1 1480
2498 + 1480
2498 d 1 1480
2498 + 1480
2498 d 1 1480
2499 + 1480
2499 d 1 1480
2499 + 1480
2499 d 1 1480
2500 + 1480
2500 d 1 1480
2500 + 1480
2500 d 1 1480
2502 + 1480
2502 d 1 1480
2502 + 1480
2502 d 1 1480
2503 # 1504
2503 - 1480 110
2503 # 1504
2503 - 1480 110
2503 # 1504
2503 - 1480 109
2503 # 1504
2503 - 1480 108
2503 # 1504
2503 - 1480 100
2503 # 1504
2503 - 1480 100
2503 + 1480
2503 + 1480
2504 + 1480
2504 + 1480
2505 + 1480
2505 + 1480
2506 + 1480
2506 + 1480
2506 d 1 1480
2507 + 1480
2507 d 1 1480
2507 + 1480
2507 d 1 1480
2509 # 1504
2509 - 1480 105
2509 # 1504
2509 - 1480 105
2509 - 1480 103
2509 # 1504
2509 - 1480 102
2509 # 1504
2509 - 1480 101
2509 # 1504
2509 - 1480 101
2509 # 1504
2509 - 1480 100
2509 # 1504
2509 - 1480 100
2509 # 1504
2509 - 1480 99
2509 # 1504
2509 - 1480 99
2509 # 1504
2509 - 1480 97
2509 # 1504
2509 - 1480 97
2509 + 1480
2509 + 1480
2510 + 1480
2510 + 1480
2511 + 1480
2511 + 1480
2512 + 1480
2512 + 1480
2513 + 1480
2513 + 1480
2514 + 1480
2514 + 1480
2516 + 1480
2516 + 1480
2516 d 1 1480
2517 + 1480
2517 d 1 1480
2517 + 1480
2517 d 1 1480
2518 # 1504
2518 - 1480 104
2518 + 1480
2518 + 1480
2519 # 1504
2519 - 1480 104
2519 + 1480
2519 + 1480
2519 d 1 1480
2520 # 1504
2520 - 1480 102
2520 + 1480
2520 + 1480
2520 d 1 1480
2521 # 1504
2521 - 1480 100
2521 # 1504
2521 - 1480 100
2521 # 1504
2521 - 1480 99
2521 + 1480
2521 + 1480
2522 # 1504
2522 - 1480 98
2523 + 1480
2523 + 1480
2524 # 1504
2524 - 1480 99
2524 + 1480
2524 + 1480
2525 + 1480
2525 d 1 1480
2525 + 1480
2525 d 1 1480
2526 # 1504
2526 - 1480 98
2526 # 1504
2526 - 1480 97
2526 + 1480
2526 + 1480
2527 + 1480
2527 d 1 1480
2527 + 1480
2527 d 1 1480
2528 + 1480
2528 d 1 1480
2528 + 1480
2528 d 1 1480
2529 # 1504
2529 - 1480 98
2529 + 1480
2529 + 1480
2529 d 1 1480
2530 # 1504
2530 - 1480 99
2530 # 1504
2530 - 1480 98
2530 # 1504
2530 - 1480 96
2530 # 1504
2530 - 1480 96
2531 + 1480
2531 + 1480
2532 + 1480
2532 + 1480
2533 # 1504
2533 - 1480 97
2533 + 1480
2533 + 1480
2534 + 1480
2534 d 1 1480
2534 + 1480
2534 d 1 1480
2535 # 1504
2535 - 1480 91
2535 + 1480
2535 + 1480
2535 d 1 1480
2536 # 1504
2536 - 1480 91
2536 + 1480
2536 + 1480
2536 d 1 1480
2537 # 1504
2537 - 1480 92
2538 + 1480
2538 + 1480
2538 d 1 1480
2539 + 1480
2539 d 1 1480
2539 + 1480
2539 d 1 1480
2540 + 1480
2540 d 1 1480
2540 + 1480
2540 d 1 1480
2541 + 1480
2541 d 1 1480
2541 + 1480
2541 d 1 1480
2542 + 1480
2542 d 1 1480
2542 + 1480
2542 d 1 1480
2543 + 1480
2543 d 1 1480
2543 + 1480
2543 d 1 1480
2544 # 1504
2544 - 1480 98
2545 # 1504
2545 - 1480 99
2545 + 1480
2545 + 1480
2546 + 1480
2546 + 1480
2546 d 1 1480
2547 + 1480
2547 d 1 1480
2547 + 1480
2547 d 1 1480
2548 + 1480
2548 d 1 1480
2548 + 1480
2548 d 1 1480
2549 + 1480
2549 d 1 1480
2549 + 1480
2549 d 1 1480
2550 + 1480
2550 d 1 1480
2550 + 1480
2550 d 1 1480
2551 + 1480
2551 d 1 1480
2551 + 1480
2551 d 1 1480
2553 # 1504
2553 - 1480 106
2553 + 1480
2553 + 1480
2554 + 1480
2554 d 1 1480
2554 + 1480
2554 d 1 1480
2555 + 1480
2555 d 1 1480
2555 + 1480
2555 d 1 1480
2556 + 1480
2556 d 1 1480
2556 + 1480
2556 d 1 1480
2557 + 1480
2557 d 1 1480
2557 + 1480
2557 d 1 1480
2558 + 1480
2558 d 1 1480
2558 + 1480
2558 d 1 1480
2560 + 1480
2560 d 1 1480
2560 + 1480
2560 d 1 1480
2561 + 1480
2561 d 1 1480
2561 + 1480
2561 d 1 1480
2562 + 1480
2562 d 1 1480
2562 + 1480
2562 d 1 1480
2563 # 1504
2563 - 1480 115
2563 + 1480
2563 + 1480
2564 + 1480
2564 + 1480
2564 d 1 1480
2565 + 1480
2565 d 1 1480
2565 + 1480
2565 d 1 1480
2566 # 1504
2566 - 1480 116
2566 # 1504
2566 - 1480 115
2566 # 1504
2566 - 1480 114
2567 # 1504
2567 - 1480 115
2567 + 1480
2567 + 1480
2567 + 1480
2568 + 1480
2569 + 1480
2569 d 1 1480
2569 + 1480
2569 d 1 1480
2570 + 1480
2570 d 1 1480
2570 + 1480
2570 d 1 1480
2571 + 1480
2571 d 1 1480
2571 + 1480
2571 d 1 1480
2572 + 1480
2572 d 1 1480
2572 + 1480
2572 d 1 1480
2573 + 1480
2573 d 1 1480
2573 + 1480
2573 d 1 1480
2575 + 1480
2575 d 1 1480
2575 + 1480
2575 d 1 1480
2576 + 1480
2576 d 1 1480
2576 + 1480
2576 d 1 1480
2577 + 1480
2577 d 1 1480
2577 + 1480
2577 d 1 1480
2578 + 1480
2578 d 1 1480
2578 + 1480
2578 d 1 1480
2579 # 1504
2579 - 1480 126
2579 # 1504
2579 - 1480 126
2579 # 1504
2579 - 1480 124
2579 # 1504
2579 - 1480 124
2579 # 1504
2579 - 1480 123
2579 # 1504
2579 - 1480 121
2579 + 1480
2579 + 1480
2580 # 1504
2580 - 1480 112
2580 + 1480
2580 + 1480
2582 + 1480
2582 + 1480
2583 # 1504
2583 - 1480 115
2583 + 1480
2583 + 1480
2584 + 1480
2584 + 1480
2585 + 1480
2585 d 1 1480
2585 + 1480
2585 d 1 1480
2586 # 1504
2586 - 1480 117
2586 + 1480
2586 + 1480
2587 # 1504
2587 - 1480 118
2587 + 1480
2587 + 1480
2587 d 1 1480
2588 # 1504
2588 - 1480 118
2589 + 1480
2589 + 1480
2589 d 1 1480
2590 + 1480
2590 d 1 1480
2590 + 1480
2590 d 1 1480
2591 + 1480
2591 d 1 1480
2591 + 1480
2591 d 1 1480
2592 # 1504
2592 - 1480 118
2592 + 1480
2592 + 1480
2593 # 1504
2593 - 1480 118
2593 + 1480
2593 + 1480
2593 d 1 1480
2594 + 1480
2594 d 1 1480
2594 + 1480
2594 d 1 1480
2595 # 1504
2595 - 1480 119
2595 + 1480
2595 + 1480
2595 d 1 1480
2596 # 1504
2596 - 1480 120
2597 + 1480
2597 + 1480
2597 d 1 1480
2598 # 1504
2598 - 1480 121
2598 + 1480
2598 + 1480
2598 d 1 1480
2599 + 1480
2599 d 1 1480
2599 + 1480
2599 d 1 1480
2600 # 1504
2600 - 1480 123
2600 + 1480
2600 + 1480
2601 # 1504
2601 - 1480 123
2601 + 1480
2601 + 1480
2601 d 1 1480
2602 + 1480
2602 d 1 1480
2602 + 1480
2602 d 1 1480
2603 # 1504
2603 - 1480 123
2604 # 1504
2604 - 1480 124
2604 + 1480
2604 + 1480
2605 + 1480
2605 d 1 1480
2605 + 1480
2605 d 1 1480
2606 # 1504
2606 - 1480 125
2606 + 1480
2606 + 1480
2607 + 1480
2607 d 1 1480
2607 + 1480
2607 d 1 1480
2608 # 1504
2608 - 1480 127
2608 + 1480
2608 + 1480
2608 d 1 1480
2609 + 1480
2609 d 1 1480
2609 + 1480
2609 d 1 1480
2610 # 1504
2610 - 1480 128
2611 + 1480
2611 + 1480
2611 d 1 1480
2612 + 1480
2612 d 1 1480
2612 + 1480
2612 d 1 1480
2613 + 1480
2613 d 1 1480
2613 + 1480
2613 d 1 1480
2614 # 1504
2614 - 1480 130
2614 # 1504
2614 - 1480 130
2614 + 1480
2614 + 1480
2615 + 1480
2615 + 1480
2615 d 1 1480
2616 # 1504
2616 - 1480 131
2616 - 1480 131
2616 + 1480
2616 + 1480
2617 + 1480
2617 d 1 1480
2617 + 1480
2617 d 1 1480
2618 # 1504
2618 - 1480 131
2618 + 1480
2619 + 1480
2619 d 1 1480
2620 + 1480
2620 d 1 1480
2620 + 1480
2620 d 1 1480
2621 + 1480
2621 d 1 1480
2621 + 1480
2621 d 1 1480
2622 + 1480
2622 d 1 1480
2622 + 1480
2622 d 1 1480
2623 + 1480
2623 d 1 1480
2623 + 1480
2623 d 1 1480
2624 + 1480
2624 d 1 1480
2624 + 1480
2624 d 1 1480
2626 + 1480
2626 d 1 1480
2626 + 1480
2626 d 1 1480
2627 + 1480
2627 d 1 1480
2627 + 1480
2627 d 1 1480
2628 # 1504
2628 - 1480 141
2628 # 1504
2628 - 1480 140
2628 + 1480
2628 + 1480
2629 + 1480
2629 + 1480
2630 + 1480
2630 d 1 1480
2630 + 1480
2630 d 1 1480
2631 # 1504
2631 - 1480 142
2631 # 1504
2631 - 1480 141
2631 # 1504
2631 - 1480 140
2631 + 1480
2631 + 1480
2632 # 1504
2632 - 1480 141
2633 + 1480
2633 + 1480
2634 + 1480
2634 d 1 1480
2634 + 1480
2634 d 1 1480
2635 # 1504
2635 - 1480 143
2635 + 1480
2635 + 1480
2636 # 1504
2636 - 1480 142
2636 + 1480
2636 + 1480
2636 d 1 1480
2637 + 1480
2637 d 1 1480
2637 + 1480
2637 d 1 1480
2638 + 1480
2638 d 1 1480
2638 + 1480
2638 d 1 1480
2639 # 1504
2639 - 1480 144
2639 + 1480
2640 + 1480
2640 d 1 1480
2641 # 1504
2641 - 1480 138
2641 + 1480
2641 + 1480
2642 + 1480
2642 d 1 1480
2642 + 1480
2642 d 1 1480
2643 # 1504
2643 - 1480 140
2643 + 1480
2643 + 1480
2643 d 1 1480
2644 # 1504
2644 - 1480 140
2644 + 1480
2644 + 1480
2644 d 1 1480
2645 + 1480
2645 d 1 1480
2645 + 1480
2645 d 1 1480
2646 # 1504
2646 - 1480 141
2646 + 1480
2646 + 1480
2646 d 1 1480
2648 # 1504
2648 - 1480 143
2648 + 1480
2648 + 1480
2649 + 1480
2649 d 1 1480
2649 + 1480
2649 d 1 1480
2650 # 1504
2650 - 1480 144
2650 + 1480
2650 + 1480
2650 d 1 1480
2651 # 1504
2651 - 1480 142
2651 + 1480
2651 + 1480
2651 d 1 1480
2652 + 1480
2652 d 1 1480
2652 + 1480
2652 d 1 1480
2653 # 1504
2653 - 1480 143
2653 + 1480
2653 + 1480
2653 d 1 1480
2654 # 1504
2654 - 1480 144
2655 + 1480
2655 + 1480
2655 d 1 1480
2656 + 1480
2656 d 1 1480
2656 + 1480
2656 d 1 1480
2657 + 1480
2657 d 1 1480
2657 + 1480
2657 d 1 1480
2658 # 1504
2658 - 1480 147
2658 # 1504
2658 - 1480 147
2658 + 1480
2658 + 1480
2659 + 1480
2659 + 1480
2659 d 1 1480
2660 # 1504
2660 - 1480 148
2660 # 1504
2660 - 1480 147
2660 + 1480
2660 + 1480
2662 + 1480
2662 d 1 1480
2662 + 1480
2662 d 1 1480
2663 + 1480
2663 d 1 1480
2663 + 1480
2663 d 1 1480
2664 + 1480
2664 d 1 1480
2664 + 1480
2664 d 1 1480
2665 + 1480
2665 d 1 1480
2665 + 1480
2665 d 1 1480
2666 + 1480
2666 d 1 1480
2666 + 1480
2666 d 1 1480
2667 + 1480
2667 d 1 1480
2667 + 1480
2667 d 1 1480
2668 + 1480
2668 d 1 1480
2668 + 1480
2668 d 1 1480
2670 + 1480
2670 d 1 1480
2670 + 1480
2670 d 1 1480
2671 # 1504
2671 - 1480 158
2671 + 1480
2671 + 1480
2672 # 1504
2672 - 1480 158
2672 # 1504
2672 - 1480 154
2672 + 1480
2672 + 1480
2673 + 1480
2673 + 1480
2673 d 1 1480
2674 + 1480
2674 d 1 1480
2674 + 1480
2674 d 1 1480
2675 + 1480
2675 d 1 1480
2675 + 1480
2675 d 1 1480
2676 # 1504
2676 - 1480 158
2676 # 1504
2676 - 1480 157
2676 # 1504
2676 - 1480 155
2676 # 1504
2676 - 1480 155
2677 + 1480
2677 + 1480
2678 # 1504
2678 - 1480 155
2678 + 1480
2678 + 1480
2679 + 1480
2679 + 1480
2680 # 1504
2680 - 1480 157
2680 + 1480
2680 + 1480
2680 d 1 1480
2681 # 1504
2681 - 1480 157
2681 + 1480
2681 + 1480
2681 d 1 1480
2682 + 1480
2682 d 1 1480
2682 + 1480
2682 d 1 1480
2683 # 1504
2683 - 1480 159
2683 + 1480
2683 + 1480
2685 # 1504
2685 - 1480 159
2685 + 1480
2685 + 1480
2685 d 1 1480
2686 + 1480
2686 d 1 1480
2686 + 1480
2686 d 1 1480
2687 # 1504
2687 - 1480 158
2687 + 1480
2687 + 1480
2687 d 1 1480
2688 # 1504
2688 - 1480 157
2688 + 1480
2688 + 1480
2688 d 1 1480
2689 + 1480
2689 d 1 1480
2689 + 1480
2689 d 1 1480
2690 + 1480
2690 d 1 1480
2690 + 1480
2690 d 1 1480
2692 # 1504
2692 - 1480 161
2692 + 1480
2692 + 1480
2693 + 1480
2693 d 1 1480
2693 + 1480
2693 d 1 1480
2694 + 1480
2694 d 1 1480
2694 + 1480
2694 d 1 1480
2695 + 1480
2695 d 1 1480
2695 + 1480
2695 d 1 1480
2696 + 1480
2696 d 1 1480
2696 + 1480
2696 d 1 1480
2697 + 1480
2697 d 1 1480
2697 + 1480
2697 d 1 1480
2699 + 1480
2699 d 1 1480
2699 + 1480
2699 d 1 1480
2700 + 1480
2700 d 1 1480
2700 + 1480
2700 d 1 1480
2701 # 1504
2701 - 1480 169
2701 # 1504
2701 - 1480 168
2701 # 1504
2701 - 1480 166
2701 # 1504
2701 - 1480 165
2701 + 1480
2701 + 1480
2702 + 1480
2702 + 1480
2703 + 1480
2703 + 1480
2703 d 1 1480
2704 # 1504
2704 - 1480 166
2704 # 1504
2704 - 1480 159
2704 + 1480
2704 + 1480
2706 + 1480
2706 + 1480
2706 d 1 1480
2707 # 1504
2707 - 1480 161
2707 # 1504
2707 - 1480 154
2707 + 1480
2707 + 1480
2708 + 1480
2708 d 1 1480
2708 + 1480
2708 d 1 1480
2709 + 1480
2709 d 1 1480
2709 + 1480
2709 d 1 1480
2710 + 1480
2710 d 1 1480
2710 + 1480
2710 d 1 1480
2711 # 1504
2711 - 1480 158
2711 + 1480
2711 + 1480
2712 # 1504
2712 - 1480 149
2712 + 1480
2712 + 1480
2712 d 1 1480
2714 # 1504
2714 - 1480 150
2714 + 1480
2714 + 1480
2714 d 1 1480
2715 # 1504
2715 - 1480 148
2715 + 1480
2715 + 1480
2715 d 1 1480
2716 + 1480
2716 d 1 1480
2716 + 1480
2716 d 1 1480
2717 # 1504
2717 - 1480 150
2717 + 1480
2717 + 1480
2717 d 1 1480
2718 + 1480
2718 d 1 1480
2718 + 1480
2718 d 1 1480
2719 + 1480
2719 d 1 1480
2719 + 1480
2719 d 1 1480
2721 + 1480
2721 d 1 1480
2721 + 1480
2721 d 1 1480
2722 + 1480
2722 d 1 1480
2722 + 1480
2722 d 1 1480
2723 + 1480
2723 d 1 1480
2723 + 1480
2723 d 1 1480
2724 + 1480
2724 d 1 1480
2724 + 1480
2724 d 1 1480
2725 + 1480
2725 d 1 1480
2725 + 1480
2725 d 1 1480
2726 # 1504
2726 - 1480 159
2726 # 1504
2726 - 1480 158
2726 # 1504
2726 - 1480 146
2726 # 1504
2726 - 1480 146
2726 # 1504
2726 - 1480 144
2726 + 1480
2726 + 1480
2727 # 1504
2727 - 1480 145
2728 # 1504
2728 - 1480 145
2728 + 1480
2728 + 1480
2729 + 1480
2729 + 1480
2730 + 1480
2730 + 1480
2731 + 1480
2731 + 1480
2731 d 1 1480
2732 # 1504
2732 - 1480 149
2732 + 1480
2732 + 1480
2733 # 1504
2733 - 1480 149
2733 + 1480
2733 + 1480
2733 d 1 1480
2734 # 1504
2734 - 1480 148
2734 - 1480 148
2734 + 1480
2734 + 1480
2734 d 1 1480
2736 # 1504
2736 - 1480 149
2736 + 1480
2736 + 1480
2737 + 1480
2737 d 1 1480
2737 + 1480
2737 d 1 1480
2738 # 1504
2738 - 1480 149
2738 + 1480
2738 + 1480
2738 d 1 1480
2739 # 1504
2739 - 1480 147
2739 + 1480
2739 + 1480
2740 + 1480
2740 d 1 1480
2740 + 1480
2740 d 1 1480
2741 # 1504
2741 - 1480 149
2741 + 1480
2741 + 1480
2741 d 1 1480
2742 # 1504
2742 - 1480 147
2743 + 1480
2743 + 1480
2743 d 1 1480
2744 + 1480
2744 d 1 1480
2744 + 1480
2744 d 1 1480
2745 # 1504
2745 - 1480 148
2745 + 1480
2745 + 1480
2745 d 1 1480
2746 # 1504
2746 - 1480 148
2746 + 1480
2746 + 1480
2747 # 1504
2747 - 1480 147
2747 + 1480
2747 + 1480
2747 d 1 1480
2748 + 1480
2748 d 1 1480
2748 + 1480
2748 d 1 1480
2749 # 1504
2749 - 1480 148
2750 # 1504
2750 - 1480 146
2751 + 1480
2751 + 1480
2751 + 1480
2751 d 1 1480
2751 + 1480
2751 d 1 1480
2752 # 1504
2752 - 1480 148
2752 + 1480
2752 + 1480
2752 d 1 1480
2753 # 1504
2753 - 1480 147
2753 + 1480
2753 + 1480
2754 + 1480
2754 d 1 1480
2754 + 1480
2754 d 1 1480
2755 # 1504
2755 - 1480 149
2755 + 1480
2755 + 1480
2755 d 1 1480
2756 # 1504
2756 - 1480 145
2756 # 1504
2756 - 1480 142
2756 + 1480
2757 + 1480
2758 # 1504
2758 - 1480 144
2758 + 1480
2758 + 1480
2758 d 1 1480
2759 + 1480
2759 d 1 1480
2759 + 1480
2759 d 1 1480
2760 # 1504
2760 - 1480 145
2760 + 1480
2760 + 1480
2761 # 1504
2761 - 1480 145
2761 + 1480
2761 + 1480
2761 d 1 1480
2762 + 1480
2762 d 1 1480
2762 + 1480
2762 d 1 1480
2763 # 1504
2763 - 1480 145
2763 + 1480
2763 + 1480
2763 d 1 1480
2765 # 1504
2765 - 1480 137
2765 + 1480
2765 + 1480
2765 d 1 1480
2766 # 1504
2766 - 1480 138
2766 + 1480
2766 + 1480
2766 d 1 1480
2767 # 1504
2767 - 1480 138
2767 + 1480
2767 + 1480
2768 # 1504
2768 - 1480 139
2768 + 1480
2768 + 1480
2768 d 1 1480
2769 # 1504
2769 - 1480 138
2769 + 1480
2769 + 1480
2769 d 1 1480
2770 + 1480
2770 d 1 1480
2770 + 1480
2770 d 1 1480
2772 # 1504
2772 - 1480 139
2772 + 1480
2772 + 1480
2772 d 1 1480
2773 # 1504
2773 - 1480 140
2773 + 1480
2773 + 1480
2773 d 1 1480
2774 + 1480
2774 d 1 1480
2774 + 1480
2774 d 1 1480
2775 + 1480
2775 d 1 1480
2775 + 1480
2775 d 1 1480
2776 + 1480
2776 d 1 1480
2776 + 1480
2776 d 1 1480
2777 # 1504
2777 - 1480 142
2777 # 1504
2777 - 1480 142
2777 # 1504
2777 - 1480 138
2777 # 1504
2777 - 1480 136
2777 + 1480
2777 + 1480
2779 # 1504
2779 - 1480 138
2779 + 1480
2779 + 1480
2780 # 1504
2780 - 1480 137
2780 + 1480
2780 + 1480
2781 # 1504
2781 - 1480 137
2781 # 1504
2781 - 1480 135
2781 + 1480
2781 + 1480
2782 + 1480
2782 + 1480
2783 # 1504
2783 - 1480 135
2783 # 1504
2783 - 1480 133
2783 + 1480
2783 + 1480
2784 + 1480
2784 d 1 1480
2784 + 1480
2784 d 1 1480
2785 + 1480
2785 d 1 1480
2785 + 1480
2785 d 1 1480
2787 + 1480
2787 d 1 1480
2787 + 1480
2787 d 1 1480
2788 + 1480
2788 d 1 1480
2788 + 1480
2788 d 1 1480
2789 + 1480
2789 d 1 1480
2789 + 1480
2789 d 1 1480
2790 + 1480
2790 d 1 1480
2790 + 1480
2790 d 1 1480
2791 + 1480
2791 d 1 1480
2791 + 1480
2791 d 1 1480
2792 + 1480
2792 d 1 1480
2792 + 1480
2792 d 1 1480
2793 # 1504
2793 - 1480 142
2793 # 1504
2793 - 1480 140
2793 # 1504
2793 - 1480 135
2793 # 1504
2793 - 1480 135
2793 # 1504
2793 - 1480 134
2793 # 1504
2793 - 1480 133
2793 # 1504
2793 - 1480 133
2794 # 1504
2794 - 1480 123
2794 + 1480
2794 + 1480
2795 # 1504
2795 - 1480 124
2795 + 1480
2795 + 1480
2796 # 1504
2796 - 1480 124
2796 + 1480
2796 + 1480
2797 # 1504
2797 - 1480 124
2797 + 1480
2797 + 1480
2798 # 1504
2798 - 1480 121
2798 + 1480
2798 + 1480
2799 + 1480
2799 + 1480
2800 # 1504
2800 - 1480 123
2800 + 1480
2801 # 1504
2801 - 1480 123
2801 + 1480
2802 + 1480
2802 + 1480
2803 # 1504
2803 - 1480 125
2803 + 1480
2803 + 1480
2804 + 1480
2804 d 1 1480
2804 + 1480
2804 d 1 1480
2805 # 1504
2805 - 1480 126
2805 + 1480
2805 + 1480
2805 d 1 1480
2806 + 1480
2806 d 1 1480
2806 + 1480
2806 d 1 1480
2807 + 1480
2807 d 1 1480
2807 + 1480
2807 d 1 1480
2809 + 1480
2809 d 1 1480
2809 + 1480
2809 d 1 1480
2810 + 1480
2810 d 1 1480
2810 + 1480
2810 d 1 1480
2811 + 1480
2811 d 1 1480
2811 + 1480
2811 d 1 1480
2812 + 1480
2812 d 1 1480
2812 + 1480
2812 d 1 1480
2813 + 1480
2813 d 1 1480
2813 + 1480
2813 d 1 1480
2814 + 1480
2814 d 1 1480
2814 + 1480
2814 d 1 1480
2815 # 1504
2815 - 1480 135
2815 # 1504
2815 - 1480 134
2815 # 1504
2815 - 1480 132
2815 # 1504
2815 - 1480 130
2816 # 1504
2816 - 1480 129
2816 # 1504
2816 - 1480 128
2816 # 1504
2816 - 1480 124
2816 + 1480
2816 + 1480
2817 # 1504
2817 - 1480 116
2817 + 1480
2817 + 1480
2818 # 1504
2818 - 1480 117
2818 + 1480
2818 + 1480
2819 + 1480
2819 + 1480
2820 # 1504
2820 - 1480 118
2820 - 1480 118
2820 + 1480
2820 + 1480
2821 # 1504
2821 - 1480 118
2821 + 1480
2821 + 1480
2822 # 1504
2822 - 1480 118
2823 # 1504
2823 - 1480 119
2823 + 1480
2823 + 1480
2824 # 1504
2824 - 1480 118
2824 + 1480
2824 + 1480
2825 # 1504
2825 - 1480 118
2825 # 1504
2825 - 1480 114
2825 + 1480
2825 + 1480
2826 # 1504
2826 - 1480 115
2826 + 1480
2826 + 1480
2827 # 1504
2827 - 1480 115
2827 + 1480
2827 + 1480
2828 # 1504
2828 - 1480 114
2828 + 1480
2828 + 1480
2828 d 1 1480
2829 # 1504
2829 - 1480 114
2829 + 1480
2829 + 1480
2829 d 1 1480
2830 # 1504
2830 - 1480 113
2831 # 1504
2831 - 1480 105
2831 + 1480
2831 + 1480
2832 # 1504
2832 - 1480 104
2832 + 1480
2832 + 1480
2833 + 1480
2833 d 1 1480
2833 + 1480
2833 d 1 1480
2834 # 1504
2834 - 1480 106
2834 # 1504
2834 - 1480 105
2834 + 1480
2834 + 1480
2835 # 1504
2835 - 1480 106
2835 # 1504
2835 - 1480 105
2835 + 1480
2835 + 1480
2836 + 1480
2836 d 1 1480
2836 + 1480
2836 d 1 1480
2838 + 1480
2838 d 1 1480
2838 + 1480
2838 d 1 1480
2839 + 1480
2839 d 1 1480
2839 + 1480
2839 d 1 1480
2840 + 1480
2840 d 1 1480
2840 + 1480
2840 d 1 1480
2841 + 1480
2841 d 1 1480
2841 + 1480
2841 d 1 1480
2842 + 1480
2842 d 1 1480
2842 + 1480
2842 d 1 1480
2843 + 1480
2843 d 1 1480
2843 + 1480
2843 d 1 1480
2844 # 1504
2844 - 1480 114
2844 # 1504
2844 - 1480 113
2845 # 1504
2845 - 1480 112
2845 # 1504
2845 - 1480 111
2845 # 1504
2845 - 1480 109
2845 # 1504
2845 - 1480 109
2845 # 1504
2845 - 1480 107
2845 # 1504
2845 - 1480 106
2845 # 1504
2845 - 1480 106
2845 # 1504
2845 - 1480 104
2845 + 1480
2845 + 1480
2846 # 1504
2846 - 1480 103
2846 + 1480
2846 + 1480
2847 # 1504
2847 - 1480 102
2847 + 1480
2847 + 1480
2848 # 1504
2848 - 1480 102
2848 + 1480
2848 + 1480
2849 # 1504
2849 - 1480 103
2849 # 1504
2849 - 1480 102
2849 + 1480
2849 + 1480
2850 + 1480
2850 + 1480
2851 # 1504
2851 - 1480 100
2851 + 1480
2851 + 1480
2853 + 1480
2853 + 1480
2854 + 1480
2854 + 1480
2855 + 1480
2855 + 1480
2855 d 1 1480
2856 + 1480
2856 d 1 1480
2856 + 1480
2856 d 1 1480
2857 + 1480
2857 d 1 1480
2857 + 1480
2857 d 1 1480
2858 + 1480
2858 d 1 1480
2858 + 1480
2858 d 1 1480
2860 # 1504
2860 - 1480 109
2860 # 1504
2860 - 1480 107
2860 # 1504
2860 - 1480 105
2860 # 1504
2860 - 1480 104
2860 # 1504
2860 - 1480 103
2860 + 1480
2860 + 1480
2861 # 1504
2861 - 1480 103
2861 + 1480
2861 + 1480
2862 + 1480
2862 + 1480
2863 + 1480
2863 + 1480
2863 d 1 1480
2864 + 1480
2864 d 1 1480
2864 + 1480
2864 d 1 1480
2865 # 1504
2865 - 1480 105
2865 # 1504
2865 - 1480 105
2865 # 1504
2865 - 1480 102
2865 + 1480
2865 + 1480
2866 # 1504
2866 - 1480 101
2867 + 1480
2867 + 1480
2868 + 1480
2868 + 1480
2868 d 1 1480
2869 # 1504
2869 - 1480 103
2869 + 1480
2869 + 1480
2869 d 1 1480
2870 + 1480
2870 d 1 1480
2870 + 1480
2870 d 1 1480
2871 + 1480
2871 d 1 1480
2871 + 1480
2871 d 1 1480
2872 # 1504
2872 - 1480 105
2872 # 1504
2872 - 1480 105
2872 # 1504
2872 - 1480 103
2872 + 1480
2872 + 1480
2873 + 1480
2874 # 1504
2874 - 1480 102
2874 # 1504
2874 - 1480 101
2874 # 1504
2874 - 1480 97
2874 + 1480
2875 + 1480
2875 + 1480
2876 + 1480
2876 + 1480
2876 d 1 1480
2877 # 1504
2877 - 1480 100
2877 # 1504
2877 - 1480 98
2877 + 1480
2877 + 1480
2878 + 1480
2878 d 1 1480
2878 + 1480
2878 d 1 1480
2879 # 1504
2879 - 1480 100
2879 + 1480
2879 + 1480
2880 # 1504
2880 - 1480 100
2880 + 1480
2880 + 1480
2880 d 1 1480
2882 # 1504
2882 - 1480 101
2882 + 1480
2882 + 1480
2882 d 1 1480
2883 + 1480
2883 d 1 1480
2883 + 1480
2883 d 1 1480
2884 # 1504
2884 - 1480 103
2884 + 1480
2884 + 1480
2884 d 1 1480
2885 + 1480
2885 d 1 1480
2885 + 1480
2885 d 1 1480
2886 # 1504
2886 - 1480 104
2886 + 1480
2886 + 1480
2887 # 1504
2887 - 1480 105
2887 + 1480
2887 + 1480
2887 d 1 1480
2888 # 1504
2888 - 1480 105
2889 # 1504
2889 - 1480 95
2889 + 1480
2889 + 1480
2890 + 1480
2890 d 1 1480
2890 + 1480
2890 d 1 1480
2891 # 1504
2891 - 1480 97
2891 + 1480
2891 + 1480
2891 d 1 1480
2892 # 1504
2892 - 1480 97
2892 - 1480 97
2892 + 1480
2892 + 1480
2893 # 1504
2893 - 1480 97
2893 # 1504
2893 - 1480 97
2893 + 1480
2893 + 1480
2894 + 1480
2894 + 1480
2894 d 1 1480
2895 # 1504
2895 - 1480 98
2895 # 1504
2895 - 1480 97
2896 + 1480
2896 + 1480
2897 + 1480
2897 d 1 1480
2897 + 1480
2897 d 1 1480
2898 + 1480
2898 d 1 1480
2898 + 1480
2898 d 1 1480
2899 + 1480
2899 d 1 1480
2899 + 1480
2899 d 1 1480
2900 + 1480
2900 d 1 1480
2900 + 1480
2900 d 1 1480
2901 + 1480
2901 d 1 1480
2901 + 1480
2901 d 1 1480
2902 + 1480
2902 d 1 1480
2902 + 1480
2902 d 1 1480
2904 # 1504
2904 - 1480 106
2904 + 1480
2904 + 1480
2905 + 1480
2905 d 1 1480
2905 + 1480
2905 d 1 1480
2906 # 1504
2906 - 1480 107
2906 # 1504
2906 - 1480 106
2906 + 1480
2906 + 1480
2907 # 1504
2907 - 1480 106
2907 # 1504
2907 - 1480 105
2907 # 1504
2907 - 1480 104
2907 # 1504
2907 - 1480 104
2907 # 1504
2907 - 1480 102
2907 + 1480
2907 + 1480
2908 # 1504
2908 - 1480 92
2908 + 1480
2908 + 1480
2909 + 1480
2909 + 1480
2910 # 1504
2910 - 1480 94
2911 + 1480
2911 + 1480
2912 + 1480
2912 d 1 1480
2912 + 1480
2912 d 1 1480
2913 + 1480
2913 d 1 1480
2913 + 1480
2913 d 1 1480
2914 + 1480
2914 d 1 1480
2914 + 1480
2914 d 1 1480
2915 + 1480
2915 d 1 1480
2915 + 1480
2915 d 1 1480
2916 + 1480
2916 d 1 1480
2916 + 1480
2916 d 1 1480
2917 + 1480
2917 d 1 1480
2918 + 1480
2918 d 1 1480
2919 # 1504
2919 - 1480 102
2919 + 1480
2919 + 1480
2920 # 1504
2920 - 1480 103
2920 + 1480
2920 + 1480
2921 # 1504
2921 - 1480 102
2921 + 1480
2921 + 1480
2921 d 1 1480
2922 + 1480
2922 d 1 1480
2922 + 1480
2922 d 1 1480
2923 # 1504
2923 - 1480 104
2923 # 1504
2923 - 1480 103
2923 + 1480
2923 + 1480
2924 # 1504
2924 - 1480 104
2924 + 1480
2924 + 1480
2924 d 1 1480
2925 # 1504
2925 - 1480 104
2926 + 1480
2926 + 1480
2927 + 1480
2927 d 1 1480
2927 + 1480
2927 d 1 1480
2928 + 1480
2928 d 1 1480
2928 + 1480
2928 d 1 1480
2929 + 1480
2929 d 1 1480
2929 + 1480
2929 d 1 1480
2930 + 1480
2930 d 1 1480
2930 + 1480
2930 d 1 1480
2931 + 1480
2931 d 1 1480
2931 + 1480
2931 d 1 1480
2933 + 1480
2933 d 1 1480
2933 + 1480
2933 d 1 1480
2934 # 1504
2934 - 1480 113
2934 # 1504
2934 - 1480 111
2934 # 1504
2934 - 1480 110
2934 + 1480
2934 + 1480
2935 # 1504
2935 - 1480 110
2935 # 1504
2935 - 1480 110
2935 # 1504
2935 - 1480 109
2935 # 1504
2935 - 1480 109
2935 # 1504
2935 - 1480 108
2935 + 1480
2935 + 1480
2936 # 1504
2936 - 1480 109
2936 + 1480
2936 + 1480
2937 # 1504
2937 - 1480 109
2937 + 1480
2937 + 1480
2938 # 1504
2938 - 1480 109
2938 + 1480
2938 + 1480
2939 # 1504
2939 - 1480 108
2940 + 1480
2940 + 1480
2941 # 1504
2941 - 1480 109
2941 + 1480
2941 + 1480
2942 # 1504
2942 - 1480 110
2942 + 1480
2942 + 1480
2943 # 1504
2943 - 1480 109
2943 + 1480
2943 + 1480
2944 + 1480
2944 d 1 1480
2944 + 1480
2944 d 1 1480
2945 # 1504
2945 - 1480 111
2945 # 1504
2945 - 1480 110
2945 + 1480
2945 + 1480
2946 + 1480
2946 d 1 1480
2946 + 1480
2946 d 1 1480
2947 # 1504
2947 - 1480 102
2948 # 1504
2948 - 1480 103
2948 + 1480
2948 + 1480
2949 # 1504
2949 - 1480 103
2949 # 1504
2949 - 1480 103
2949 + 1480
2949 + 1480
2950 + 1480
2950 + 1480
2950 d 1 1480
2951 + 1480
2951 d 1 1480
2951 + 1480
2951 d 1 1480
2952 # 1504
2952 - 1480 105
2952 + 1480
2952 + 1480
2952 d 1 1480
2953 # 1504
2953 - 1480 105
2953 + 1480
2953 + 1480
2953 d 1 1480
2954 # 1504
2954 - 1480 106
2955 + 1480
2955 + 1480
2955 d 1 1480
2956 # 1504
2956 - 1480 107
2956 + 1480
2956 + 1480
2957 # 1504
2957 - 1480 108
2957 + 1480
2957 + 1480
2957 d 1 1480
2958 # 1504
2958 - 1480 108
2958 + 1480
2958 + 1480
2958 d 1 1480
2959 # 1504
2959 - 1480 108
2959 + 1480
2959 + 1480
2959 d 1 1480
2960 # 1504
2960 - 1480 109
2960 + 1480
2960 + 1480
2960 d 1 1480
2961 # 1504
2961 - 1480 108
2962 + 1480
2962 + 1480
2963 # 1504
2963 - 1480 110
2963 + 1480
2963 + 1480
2963 d 1 1480
2964 # 1504
2964 - 1480 110
2964 + 1480
2964 + 1480
2964 d 1 1480
2965 + 1480
2965 d 1 1480
2965 + 1480
2965 d 1 1480
2966 # 1504
2966 - 1480 111
2966 # 1504
2966 - 1480 106
2966 + 1480
2966 + 1480
2967 # 1504
2967 - 1480 107
2967 + 1480
2967 + 1480
2968 + 1480
2968 d 1 1480
2968 + 1480
2968 d 1 1480
2969 # 1504
2969 - 1480 108
2970 + 1480
2970 + 1480
2970 d 1 1480
2971 + 1480
2971 d 1 1480
2971 + 1480
2971 d 1 1480
2972 # 1504
2972 - 1480 110
2972 + 1480
2972 + 1480
2972 d 1 1480
2973 # 1504
2973 - 1480 111
2973 + 1480
2973 + 1480
2974 # 1504
2974 - 1480 111
2974 + 1480
2974 + 1480
2974 d 1 1480
2975 + 1480
2975 d 1 1480
2975 + 1480
2975 d 1 1480
2977 + 1480
2977 d 1 1480
2977 + 1480
2977 d 1 1480
2978 # 1504
2978 - 1480 113
2978 - 1480 111
2978 # 1504
2978 - 1480 111
2978 + 1480
2978 + 1480
2979 + 1480
2979 + 1480
2979 d 1 1480
2980 + 1480
2980 d 1 1480
2980 + 1480
2980 d 1 1480
2981 # 1504
2981 - 1480 113
2981 + 1480
2981 + 1480
2982 # 1504
2982 - 1480 113
2982 + 1480
2982 + 1480
2982 d 1 1480
2983 # 1504
2983 - 1480 111
2984 + 1480
2984 + 1480
2984 d 1 1480
2985 + 1480
2985 d 1 1480
2985 + 1480
2985 d 1 1480
2986 + 1480
2986 d 1 1480
2986 + 1480
2986 d 1 1480
2987 # 1504
2987 - 1480 114
2987 + 1480
2987 + 1480
2988 + 1480
2988 d 1 1480
2988 + 1480
2988 d 1 1480
2989 # 1504
2989 - 1480 115
2989 + 1480
2989 + 1480
2989 d 1 1480
2990 + 1480
2990 d 1 1480
2990 + 1480
2990 d 1 1480
2992 + 1480
2992 d 1 1480
2992 + 1480
2992 d 1 1480
2993 + 1480
2993 d 1 1480
2993 + 1480
2993 d 1 1480
2994 # 1504
2994 - 1480 119
2994 + 1480
2994 + 1480
2995 + 1480
2995 d 1 1480
2995 + 1480
2995 d 1 1480
2996 + 1480
2996 d 1 1480
2996 + 1480
2996 d 1 1480
2997 + 1480
2997 d 1 1480
2997 + 1480
2997 d 1 1480
2999 + 1480
2999 d 1 1480
2999 + 1480
2999 d 1 1480
3000 + 1480
3000 d 1 1480
3000 + 1480
3000 d 1 1480
3001 + 1480
3001 d 1 1480
3001 + 1480
3001 d 1 1480
3002 + 1480
3002 d 1 1480
3002 + 1480
3002 d 1 1480
3003 + 1480
3003 d 1 1480
3003 + 1480
3003 d 1 1480
3004 + 1480
3004 d 1 1480
3004 + 1480
3004 d 1 1480
3006 + 1480
3006 d 1 1480
3006 + 1480
3006 d 1 1480
3007 # 1504
3007 - 1480 131
3007 + 1480
3007 + 1480
3008 + 1480
3008 + 1480
3008 d 1 1480
3009 + 1480
3009 d 1 1480
3009 + 1480
3009 d 1 1480
3010 + 1480
3010 d 1 1480
3010 + 1480
3010 d 1 1480
3011 # 1504
3011 - 1480 134
3011 + 1480
3011 + 1480
3013 # 1504
3013 - 1480 133
3013 + 1480
3013 + 1480
3013 d 1 1480
3014 + 1480
3014 d 1 1480
3014 + 1480
3014 d 1 1480
3015 # 1504
3015 - 1480 131
3015 + 1480
3015 + 1480
3016 # 1504
3016 - 1480 130
3016 + 1480
3016 + 1480
3016 d 1 1480
3017 + 1480
3017 d 1 1480
3017 + 1480
3017 d 1 1480
3018 # 1504
3018 - 1480 131
3018 + 1480
3018 + 1480
3018 d 1 1480
3019 + 1480
3019 d 1 1480
3019 + 1480
3019 d 1 1480
3021 # 1504
3021 - 1480 132
3021 # 1504
3021 - 1480 132
3021 + 1480
3021 + 1480
3022 + 1480
3022 + 1480
3022 d 1 1480
3023 # 1504
3023 - 1480 131
3023 + 1480
3023 + 1480
3023 d 1 1480
3024 # 1504
3024 - 1480 132
3024 + 1480
3024 + 1480
3024 d 1 1480
3025 + 1480
3025 d 1 1480
3025 + 1480
3025 d 1 1480
3026 # 1504
3026 - 1480 133
3026 + 1480
3026 + 1480
3026 d 1 1480
3028 # 1504
3028 - 1480 135
3028 + 1480
3028 + 1480
3029 # 1504
3029 - 1480 135
3029 + 1480
3029 + 1480
3029 d 1 1480
3030 + 1480
3030 d 1 1480
3030 + 1480
3030 d 1 1480
3031 # 1504
3031 - 1480 135
3031 + 1480
3031 + 1480
3031 d 1 1480
3032 + 1480
3032 d 1 1480
3032 + 1480
3032 d 1 1480
3033 # 1504
3033 - 1480 129
3033 + 1480
3033 + 1480
3034 # 1504
3034 - 1480 130
3034 + 1480
3034 + 1480
3034 d 1 1480
3036 + 1480
3036 d 1 1480
3036 + 1480
3036 d 1 1480
3037 + 1480
3037 d 1 1480
3037 + 1480
3037 d 1 1480
3038 + 1480
3038 d 1 1480
3038 + 1480
3038 d 1 1480
3039 + 1480
3039 d 1 1480
3039 + 1480
3039 d 1 1480
3040 + 1480
3040 d 1 1480
3040 + 1480
3040 d 1 1480
3041 + 1480
3041 d 1 1480
3041 + 1480
3041 d 1 1480
3043 + 1480
3043 d 1 1480
3043 + 1480
3043 d 1 1480
3044 # 1504
3044 - 1480 138
3044 + 1480
3044 + 1480
3045 # 1504
3045 - 1480 138
3045 + 1480
3045 + 1480
3046 # 1504
3046 - 1480 138
3046 # 1504
3046 - 1480 137
3046 # 1504
3046 - 1480 137
3046 # 1504
3046 - 1480 135
3046 + 1480
3046 + 1480
3047 + 1480
3047 + 1480
3048 # 1504
3048 - 1480 137
3048 + 1480
3048 + 1480
3048 d 1 1480
3049 # 1504
3049 - 1480 130
3050 + 1480
3050 + 1480
3050 d 1 1480
3050 + 1480
3050 d 1 1480
3051 + 1480
3051 d 1 1480
3052 # 1504
3052 - 1480 133
3052 + 1480
3052 + 1480
3053 + 1480
3053 d 1 1480
3053 + 1480
3053 d 1 1480
3054 # 1504
3054 - 1480 134
3054 + 1480
3054 + 1480
3054 d 1 1480
3055 + 1480
3055 d 1 1480
3055 + 1480
3055 d 1 1480
3057 + 1480
3057 d 1 1480
3057 + 1480
3057 d 1 1480
3058 + 1480
3058 d 1 1480
3058 + 1480
3058 d 1 1480
3059 + 1480
3059 d 1 1480
3059 + 1480
3059 d 1 1480
3060 + 1480
3060 d 1 1480
3060 + 1480
3060 d 1 1480
3061 + 1480
3061 d 1 1480
3061 + 1480
3061 d 1 1480
3062 + 1480
3062 d 1 1480
3062 + 1480
3062 d 1 1480
3063 + 1480
3063 d 1 1480
3063 + 1480
3063 d 1 1480
3064 # 1504
3064 - 1480 143
3064 # 1504
3064 - 1480 141
3065 + 1480
3065 + 1480
3066 + 1480
3066 + 1480
3067 + 1480
3067 d 1 1480
3067 + 1480
3067 d 1 1480
3068 + 1480
3068 d 1 1480
3068 + 1480
3068 d 1 1480
3069 + 1480
3069 d 1 1480
3069 + 1480
3069 d 1 1480
3070 # 1504
3070 - 1480 144
3070 + 1480
3070 + 1480
3071 # 1504
3071 - 1480 145
3071 # 1504
3071 - 1480 137
3072 # 1504
3072 - 1480 137
3072 + 1480
3072 + 1480
3073 + 1480
3073 + 1480
3073 d 1 1480
3074 + 1480
3074 d 1 1480
3074 + 1480
3074 d 1 1480
3075 + 1480
3075 d 1 1480
3075 + 1480
3075 d 1 1480
3076 + 1480
3076 d 1 1480
3076 + 1480
3076 d 1 1480
3077 + 1480
3077 d 1 1480
3077 + 1480
3077 d 1 1480
3079 + 1480
3079 d 1 1480
3079 + 1480
3079 d 1 1480
3080 + 1480
3080 d 1 1480
3080 + 1480
3080 d 1 1480
3081 # 1504
3081 - 1480 146
3081 # 1504
3081 - 1480 145
3081 + 1480
3081 + 1480
3082 + 1480
3082 + 1480
3083 + 1480
3083 d 1 1480
3083 + 1480
3083 d 1 1480
3084 + 1480
3084 d 1 1480
3084 + 1480
3084 d 1 1480
3085 # 1504
3085 - 1480 148
3085 # 1504
3085 - 1480 147
3085 # 1504
3085 - 1480 147
3085 # 1504
3085 - 1480 145
3085 + 1480
3085 + 1480
3086 # 1504
3086 - 1480 146
3087 + 1480
3087 + 1480
3088 # 1504
3088 - 1480 147
3088 + 1480
3088 + 1480
3089 # 1504
3089 - 1480 148
3089 + 1480
3089 + 1480
3090 + 1480
3090 d 1 1480
3090 + 1480
3090 d 1 1480
3091 + 1480
3091 d 1 1480
3091 + 1480
3091 d 1 1480
3092 # 1504
3092 - 1480 150
3092 + 1480
3092 + 1480
3092 d 1 1480
3094 # 1504
3094 - 1480 151
3094 + 1480
3094 + 1480
3095 + 1480
3095 d 1 1480
3095 + 1480
3095 d 1 1480
3096 # 1504
3096 - 1480 153
3096 + 1480
3096 + 1480
3096 d 1 1480
3097 # 1504
3097 - 1480 152
3097 + 1480
3097 + 1480
3097 d 1 1480
3098 + 1480
3098 d 1 1480
3098 + 1480
3098 d 1 1480
3099 + 1480
3099 d 1 1480
3099 + 1480
3099 d 1 1480
3100 # 1504
3100 - 1480 152
3100 + 1480
3101 # 1504
3101 - 1480 153
3101 + 1480
3102 + 1480
3102 + 1480
3102 d 1 1480
3103 # 1504
3103 - 1480 154
3103 + 1480
3103 + 1480
3103 d 1 1480
3104 + 1480
3104 d 1 1480
3104 + 1480
3104 d 1 1480
3105 + 1480
3105 d 1 1480
3105 + 1480
3105 d 1 1480
3106 # 1504
3106 - 1480 156
3106 + 1480
3106 + 1480
3107 # 1504
3107 - 1480 155
3107 + 1480
3107 + 1480
3107 d 1 1480
3109 + 1480
3109 d 1 1480
3109 + 1480
3109 d 1 1480
3110 + 1480
3110 d 1 1480
3110 + 1480
3110 d 1 1480
3111 + 1480
3111 d 1 1480
3111 + 1480
3111 d 1 1480
3112 + 1480
3112 d 1 1480
3112 + 1480
3112 d 1 1480
3113 + 1480
3113 d 1 1480
3113 + 1480
3113 d 1 1480
3114 + 1480
3114 d 1 1480
3114 + 1480
3114 d 1 1480
3116 # 1504
3116 - 1480 161
3116 # 1504
3116 - 1480 160
3116 + 1480
3116 + 1480
3117 + 1480
3117 + 1480
3117 d 1 1480
3118 # 1504
3118 - 1480 161
3118 # 1504
3118 - 1480 160
3118 + 1480
3118 + 1480
3119 + 1480
3119 + 1480
3119 d 1 1480
3120 # 1504
3120 - 1480 160
3120 - 1480 158
3120 # 1504
3120 - 1480 158
3120 # 1504
3120 - 1480 157
3120 # 1504
3120 - 1480 156
3120 # 1504
3120 - 1480 154
3120 # 1504
3120 - 1480 154
3120 + 1480
3120 + 1480
3121 # 1504
3121 - 1480 154
3121 + 1480
3121 + 1480
3122 # 1504
3122 - 1480 155
3123 # 1504
3123 - 1480 153
3123 + 1480
3123 + 1480
3124 # 1504
3124 - 1480 152
3124 + 1480
3124 + 1480
3125 # 1504
3125 - 1480 152
3125 + 1480
3125 + 1480
3126 # 1504
3126 - 1480 152
3126 + 1480
3126 + 1480
3127 # 1504
3127 - 1480 149
3127 + 1480
3127 + 1480
3128 # 1504
3128 - 1480 150
3128 + 1480
3128 + 1480
3129 # 1504
3129 - 1480 150
3129 + 1480
3129 + 1480
3131 # 1504
3131 - 1480 150
3131 + 1480
3131 + 1480
3131 d 1 1480
3132 # 1504
3132 - 1480 150
3132 + 1480
3132 + 1480
3132 d 1 1480
3133 + 1480
3133 d 1 1480
3133 + 1480
3133 d 1 1480
3134 # 1504
3134 - 1480 150
3134 # 1504
3134 - 1480 147
3134 + 1480
3135 # 1504
3135 - 1480 146
3135 + 1480
3135 + 1480
3135 + 1480
3136 + 1480
3136 d 1 1480
3137 # 1504
3137 - 1480 143
3138 # 1504
3138 - 1480 144
3138 + 1480
3138 + 1480
3138 + 1480
3138 d 1 1480
3139 # 1504
3139 - 1480 132
3139 + 1480
3139 + 1480
3139 d 1 1480
3140 + 1480
3140 d 1 1480
3140 + 1480
3140 d 1 1480
3141 # 1504
3141 - 1480 134
3141 + 1480
3141 + 1480
3142 # 1504
3142 - 1480 134
3142 + 1480
3142 + 1480
3142 d 1 1480
3143 # 1504
3143 - 1480 132
3143 + 1480
3143 + 1480
3143 d 1 1480
3144 # 1504
3144 - 1480 131
3145 # 1504
3145 - 1480 130
3145 + 1480
3145 + 1480
3146 + 1480
3146 d 1 1480
3146 + 1480
3146 d 1 1480
3147 # 1504
3147 - 1480 132
3147 + 1480
3147 + 1480
3148 # 1504
3148 - 1480 132
3148 + 1480
3148 + 1480
3148 d 1 1480
3149 + 1480
3149 d 1 1480
3149 + 1480
3149 d 1 1480
3150 # 1504
3150 - 1480 129
3150 + 1480
3150 + 1480
3150 d 1 1480
3151 # 1504
3151 - 1480 130
3151 + 1480
3152 + 1480
3152 d 1 1480
3153 # 1504
3153 - 1480 131
3153 + 1480
3153 + 1480
3154 + 1480
3154 d 1 1480
3154 + 1480
3154 d 1 1480
3155 # 1504
3155 - 1480 132
3155 + 1480
3155 + 1480
3155 d 1 1480
3156 # 1504
3156 - 1480 130
3156 + 1480
3156 + 1480
3156 d 1 1480
3157 # 1504
3157 - 1480 129
3157 + 1480
3157 + 1480
3157 d 1 1480
3158 # 1504
3158 - 1480 130
3158 + 1480
3158 + 1480
3158 d 1 1480
3160 # 1504
3160 - 1480 131
3160 + 1480
3160 + 1480
3161 + 1480
3161 d 1 1480
3161 + 1480
3161 d 1 1480
3162 # 1504
3162 - 1480 131
3162 + 1480
3162 + 1480
3162 d 1 1480
3163 # 1504
3163 - 1480 130
3163 + 1480
3163 + 1480
3163 d 1 1480
3164 # 1504
3164 - 1480 130
3164 + 1480
3164 + 1480
3164 d 1 1480
3165 + 1480
3165 d 1 1480
3165 + 1480
3165 d 1 1480
3167 # 1504
3167 - 1480 123
3167 + 1480
3167 + 1480
3167 + 1480
3167 d 1 1480
3168 # 1504
3168 - 1480 124
3168 + 1480
3169 # 1504
3169 - 1480 124
3169 + 1480
3169 + 1480
3169 d 1 1480
3170 + 1480
3170 d 1 1480
3170 + 1480
3170 d 1 1480
3171 # 1504
3171 - 1480 125
3171 + 1480
3171 + 1480
3172 + 1480
3172 d 1 1480
3172 + 1480
3172 d 1 1480
3174 # 1504
3174 - 1480 128
3174 + 1480
3174 + 1480
3174 d 1 1480
3175 + 1480
3175 d 1 1480
3175 + 1480
3175 d 1 1480
3176 + 1480
3176 d 1 1480
3176 + 1480
3176 d 1 1480
3177 + 1480
3177 d 1 1480
3177 + 1480
3177 d 1 1480
3178 + 1480
3178 d 1 1480
3178 + 1480
3178 d 1 1480
3179 + 1480
3179 d 1 1480
3179 + 1480
3179 d 1 1480
3180 + 1480
3180 d 1 1480
3180 + 1480
3180 d 1 1480
3182 # 1504
3182 - 1480 135
3182 + 1480
3182 + 1480
3183 + 1480
3183 d 1 1480
3183 + 1480
3183 d 1 1480
3184 + 1480
3184 d 1 1480
3184 + 1480
3184 d 1 1480
3185 + 1480
3185 d 1 1480
3185 + 1480
3185 d 1 1480
3186 + 1480
3186 d 1 1480
3186 + 1480
3186 d 1 1480
3187 + 1480
3187 d 1 1480
3187 + 1480
3187 d 1 1480
3189 + 1480
3189 d 1 1480
3189 + 1480
3189 d 1 1480
3190 # 1504
3190 - 1480 142
3190 # 1504
3190 - 1480 138
3190 + 1480
3190 + 1480
3191 + 1480
3191 + 1480
3192 + 1480
3192 d 1 1480
3192 + 1480
3192 d 1 1480
3193 + 1480
3193 d 1 1480
3193 + 1480
3193 d 1 1480
3194 # 1504
3194 - 1480 129
3194 # 1504
3194 - 1480 129
3194 # 1504
3194 - 1480 128
3194 + 1480
3194 + 1480
3196 + 1480
3196 + 1480
3196 d 1 1480
3197 + 1480
3197 d 1 1480
3197 + 1480
3197 d 1 1480
3198 + 1480
3198 d 1 1480
3198 + 1480
3198 d 1 1480
3199 + 1480
3199 d 1 1480
3199 + 1480
3199 d 1 1480
3200 # 1504
3200 - 1480 134
3200 # 1504
3200 - 1480 130
3200 + 1480
3200 + 1480
3201 + 1480
3201 + 1480
3201 d 1 1480
3202 + 1480
3202 d 1 1480
3202 + 1480
3202 d 1 1480
3204 # 1504
3204 - 1480 132
3204 # 1504
3204 - 1480 132
3204 + 1480
3204 + 1480
3205 # 1504
3205 - 1480 124
3205 # 1504
3205 - 1480 124
3205 + 1480
3205 + 1480
3206 # 1504
3206 - 1480 124
3206 + 1480
3206 + 1480
3207 + 1480
3207 d 1 1480
3207 + 1480
3207 d 1 1480
3208 # 1504
3208 - 1480 126
3208 + 1480
3208 + 1480
3209 # 1504
3209 - 1480 124
3209 + 1480
3209 + 1480
3209 d 1 1480
3211 # 1504
3211 - 1480 124
3211 + 1480
3211 + 1480
3211 d 1 1480
3212 + 1480
3212 d 1 1480
3212 + 1480
3212 d 1 1480
3213 + 1480
3213 d 1 1480
3213 + 1480
3213 d 1 1480
3214 + 1480
3214 d 1 1480
3214 + 1480
3214 d 1 1480
3215 # 1504
3215 - 1480 128
3215 - 1480 127
3215 + 1480
3215 + 1480
3216 + 1480
3216 + 1480
3216 d 1 1480
3218 + 1480
3218 d 1 1480
3218 + 1480
3218 d 1 1480
3219 + 1480
3219 d 1 1480
3219 + 1480
3219 d 1 1480
3220 + 1480
3220 d 1 1480
3220 + 1480
3220 d 1 1480
3221 + 1480
3221 d 1 1480
3221 + 1480
3221 d 1 1480
3222 + 1480
3222 d 1 1480
3222 + 1480
3222 d 1 1480
3223 + 1480
3223 d 1 1480
3223 + 1480
3223 d 1 1480
3224 # 1504
3224 - 1480 135
3224 # 1504
3224 - 1480 135
3224 + 1480
3224 + 1480
3226 + 1480
3226 + 1480
3226 d 1 1480
3227 + 1480
3227 d 1 1480
3227 + 1480
3227 d 1 1480
3228 # 1504
3228 - 1480 134
3228 + 1480
3228 + 1480
3229 + 1480
3229 d 1 1480
3229 + 1480
3229 d 1 1480
3230 + 1480
3230 d 1 1480
3230 + 1480
3230 d 1 1480
3231 + 1480
3231 d 1 1480
3231 + 1480
3231 d 1 1480
3233 + 1480
3233 d 1 1480
3233 + 1480
3233 d 1 1480
3234 + 1480
3234 d 1 1480
3234 + 1480
3234 d 1 1480
3235 + 1480
3235 d 1 1480
3235 + 1480
3235 d 1 1480
3236 + 1480
3236 d 1 1480
3236 + 1480
3236 d 1 1480
3237 + 1480
3237 d 1 1480
3237 + 1480
3237 d 1 1480
3238 + 1480
3238 d 1 1480
3238 + 1480
3238 d 1 1480
3240 + 1480
3240 d 1 1480
3240 + 1480
3240 d 1 1480
3241 + 1480
3241 d 1 1480
3241 + 1480
3241 d 1 1480
3242 + 1480
3242 d 1 1480
3242 + 1480
3242 d 1 1480
3243 + 1480
3243 d 1 1480
3243 + 1480
3243 d 1 1480
3244 + 1480
3244 d 1 1480
3244 + 1480
3244 d 1 1480
3245 + 1480
3245 d 1 1480
3245 + 1480
3245 d 1 1480
3246 + 1480
3246 d 1 1480
3247 # 1504
3247 - 1480 153
3247 # 1504
3247 - 1480 150
3247 # 1504
3247 - 1480 144
3247 # 1504
3247 - 1480 141
3247 + 1480
3248 + 1480
3248 + 1480
3249 + 1480
3249 + 1480
3250 + 1480
3250 + 1480
3251 + 1480
3251 d 1 1480
3251 + 1480
3251 d 1 1480
3252 # 1504
3252 - 1480 146
3252 + 1480
3252 + 1480
3253 + 1480
3253 d 1 1480
3253 + 1480
3253 d 1 1480
3254 # 1504
3254 - 1480 147
3255 + 1480
3255 + 1480
3255 d 1 1480
3256 # 1504
3256 - 1480 140
3256 + 1480
3256 + 1480
3257 + 1480
3257 d 1 1480
3257 + 1480
3257 d 1 1480
3258 # 1504
3258 - 1480 141
3258 + 1480
3258 + 1480
3258 d 1 1480
3259 + 1480
3259 d 1 1480
3259 + 1480
3259 d 1 1480
3260 + 1480
3260 d 1 1480
3260 + 1480
3260 d 1 1480
3262 + 1480
3262 d 1 1480
3262 + 1480
3262 d 1 1480
3263 + 1480
3263 d 1 1480
3263 + 1480
3263 d 1 1480
3264 + 1480
3264 d 1 1480
3264 + 1480
3264 d 1 1480
3265 + 1480
3265 d 1 1480
3265 + 1480
3265 d 1 1480
3266 + 1480
3266 d 1 1480
3266 + 1480
3266 d 1 1480
3267 + 1480
3267 d 1 1480
3267 + 1480
3267 d 1 1480
3268 # 1504
3268 - 1480 150
3268 + 1480
3269 # 1504
3269 - 1480 150
3269 # 1504
3269 - 1480 148
3269 # 1504
3269 - 1480 148
3269 # 1504
3269 - 1480 146
3269 + 1480
3270 # 1504
3270 - 1480 147
3270 + 1480
3270 + 1480
3271 # 1504
3271 - 1480 147
3271 + 1480
3271 + 1480
3272 + 1480
3272 + 1480
3273 # 1504
3273 - 1480 149
3273 + 1480
3273 + 1480
3274 # 1504
3274 - 1480 149
3274 + 1480
3274 + 1480
3275 # 1504
3275 - 1480 149
3275 + 1480
3275 + 1480
3275 d 1 1480
3277 + 1480
3277 d 1 1480
3277 + 1480
3277 d 1 1480
3278 + 1480
3278 d 1 1480
3278 + 1480
3278 d 1 1480
3279 + 1480
3279 d 1 1480
3279 + 1480
3279 d 1 1480
3280 + 1480
3280 d 1 1480
3280 + 1480
3280 d 1 1480
3281 + 1480
3281 d 1 1480
3281 + 1480
3281 d 1 1480
3282 + 1480
3282 d 1 1480
3282 + 1480
3282 d 1 1480
3284 + 1480
3284 d 1 1480
3284 + 1480
3284 d 1 1480
3285 + 1480
3285 d 1 1480
3285 + 1480
3285 d 1 1480
3286 + 1480
3286 d 1 1480
3286 + 1480
3286 d 1 1480
3287 + 1480
3287 d 1 1480
3287 + 1480
3287 d 1 1480
3288 + 1480
3288 d 1 1480
3288 + 1480
3288 d 1 1480
3289 + 1480
3289 d 1 1480
3289 + 1480
3289 d 1 1480
3291 + 1480
3291 d 1 1480
3291 + 1480
3291 d 1 1480
3292 + 1480
3292 d 1 1480
3292 + 1480
3292 d 1 1480
3293 + 1480
3293 d 1 1480
3293 + 1480
3293 d 1 1480
3294 + 1480
3294 d 1 1480
3294 + 1480
3294 d 1 1480
3295 + 1480
3295 d 1 1480
3295 + 1480
3295 d 1 1480
3296 + 1480
3296 d 1 1480
3296 + 1480
3296 d 1 1480
3297 + 1480
3297 d 1 1480
3297 + 1480
3297 d 1 1480
3299 + 1480
3299 d 1 1480
3299 + 1480
3299 d 1 1480
3300 + 1480
3300 d 1 1480
3300 + 1480
3300 d 1 1480
3301 + 1480
3301 d 1 1480
3302 + 1480
3302 d 1 1480
3302 + 1480
3302 d 1 1480
3302 + 1480
3302 d 1 1480
3303 + 1480
3303 d 1 1480
3303 + 1480
3303 d 1 1480
3304 + 1480
3304 d 1 1480
3304 + 1480
3304 d 1 1480
3306 + 1480
3306 d 1 1480
3306 + 1480
3306 d 1 1480
3307 + 1480
3307 d 1 1480
3307 + 1480
3307 d 1 1480
3308 # 1504
3308 - 1480 182
3308 # 1504
3308 - 1480 181
3308 # 1504
3308 - 1480 177
3308 # 1504
3308 - 1480 176
3308 # 1504
3308 - 1480 174
3308 # 1504
3308 - 1480 173
3308 # 1504
3308 - 1480 173
3308 + 1480
3308 + 1480
3309 + 1480
3309 + 1480
3310 + 1480
3310 + 1480
3311 + 1480
3311 + 1480
3313 + 1480
3313 + 1480
3314 + 1480
3314 + 1480
3315 + 1480
3315 d 1 1480
3315 + 1480
3315 d 1 1480
3316 + 1480
3316 d 1 1480
3316 + 1480
3316 d 1 1480
3317 + 1480
3317 d 1 1480
3317 + 1480
3317 d 1 1480
3318 + 1480
3318 d 1 1480
3318 + 1480
3318 d 1 1480
3319 + 1480
3319 d 1 1480
3319 + 1480
3319 d 1 1480
3321 + 1480
3321 d 1 1480
3321 + 1480
3321 d 1 1480
3322 + 1480
3322 d 1 1480
3322 + 1480
3322 d 1 1480
3323 # 1504
3323 - 1480 188
3323 + 1480
3323 + 1480
3324 + 1480
3324 + 1480
3325 + 1480
3325 d 1 1480
3325 + 1480
3325 d 1 1480
3326 + 1480
3326 d 1 1480
3326 + 1480
3326 d 1 1480
3327 # 1504
3327 - 1480 189
3328 + 1480
3328 + 1480
3329 + 1480
3329 d 1 1480
3329 + 1480
3329 d 1 1480
3330 + 1480
3330 d 1 1480
3330 + 1480
3330 d 1 1480
3331 + 1480
3331 d 1 1480
3331 + 1480
3331 d 1 1480
3332 + 1480
3332 d 1 1480
3332 + 1480
3332 d 1 1480
3333 # 1504
3333 - 1480 192
3333 + 1480
3333 + 1480
3335 + 1480
3335 d 1 1480
3335 + 1480
3335 d 1 1480
3336 # 1504
3336 - 1480 193
3336 + 1480
3336 + 1480
3336 d 1 1480
3337 + 1480
3337 d 1 1480
3337 + 1480
3337 d 1 1480
3338 + 1480
3338 d 1 1480
3338 + 1480
3338 d 1 1480
3339 # 1504
3339 - 1480 194
3339 + 1480
3339 + 1480
3340 + 1480
3340 d 1 1480
3340 + 1480
3340 d 1 1480
3341 + 1480
3341 d 1 1480
3341 + 1480
3341 d 1 1480
3342 # 1504
3342 - 1480 195
3343 + 1480
3343 + 1480
3343 d 1 1480
3344 # 1504
3344 - 1480 196
3344 + 1480
3344 + 1480
3344 d 1 1480
3345 + 1480
3345 d 1 1480
3345 + 1480
3345 d 1 1480
3346 # 1504
3346 - 1480 196
3346 + 1480
3346 + 1480
3347 + 1480
3347 d 1 1480
3347 + 1480
3347 d 1 1480
3348 + 1480
3348 d 1 1480
3348 + 1480
3348 d 1 1480
3349 # 1504
3349 - 1480 198
3350 + 1480
3351 + 1480
3351 d 1 1480
3351 + 1480
3351 d 1 1480
3351 + 1480
3351 d 1 1480
3352 # 1504
3352 - 1480 199
3352 + 1480
3352 + 1480
3353 + 1480
3353 d 1 1480
3353 + 1480
3353 d 1 1480
3354 + 1480
3354 d 1 1480
3354 + 1480
3354 d 1 1480
3355 # 1504
3355 - 1480 200
3355 + 1480
3355 + 1480
3357 # 1504
3357 - 1480 200
3357 + 1480
3357 + 1480
3357 d 1 1480
3358 + 1480
3358 d 1 1480
3358 + 1480
3358 d 1 1480
3359 + 1480
3359 d 1 1480
3359 + 1480
3359 d 1 1480
3360 + 1480
3360 d 1 1480
3360 + 1480
3360 d 1 1480
3361 # 1504
3361 - 1480 201
3361 + 1480
3361 + 1480
3362 + 1480
3362 d 1 1480
3362 + 1480
3362 d 1 1480
3363 + 1480
3363 d 1 1480
3364 # 1504
3364 - 1480 204
3364 + 1480
3365 + 1480
3365 d 1 1480
3365 + 1480
3365 d 1 1480
3366 + 1480
3366 d 1 1480
3366 + 1480
3366 d 1 1480
3367 + 1480
3367 d 1 1480
3367 + 1480
3367 d 1 1480
3367 + 1480
3367 d 1 1480
3368 + 1480
3368 d 1 1480
3369 # 1504
3369 - 1480 206
3369 # 1504
3369 - 1480 205
3369 + 1480
3369 + 1480
3370 # 1504
3370 - 1480 203
3370 + 1480
3370 + 1480
3372 + 1480
3372 + 1480
3372 d 1 1480
3373 # 1504
3373 - 1480 205
3373 + 1480
3373 + 1480
3373 d 1 1480
3374 # 1504
3374 - 1480 203
3374 + 1480
3374 + 1480
3374 d 1 1480
3375 + 1480
3375 d 1 1480
3375 + 1480
3375 d 1 1480
3376 # 1504
3376 - 1480 205
3376 + 1480
3376 + 1480
3377 # 1504
3377 - 1480 203
3377 + 1480
3377 + 1480
3377 d 1 1480
3379 + 1480
3379 d 1 1480
3379 + 1480
3379 d 1 1480
3380 + 1480
3380 d 1 1480
3380 + 1480
3380 d 1 1480
3381 + 1480
3381 d 1 1480
3381 + 1480
3381 d 1 1480
3382 # 1504
3382 - 1480 200
3382 # 1504
3382 - 1480 192
3382 + 1480
3382 + 1480
3383 # 1504
3383 - 1480 192
3383 + 1480
3383 + 1480
3384 # 1504
3384 - 1480 193
3384 + 1480
3384 + 1480
3384 d 1 1480
3385 + 1480
3385 d 1 1480
3386 # 1504
3386 - 1480 192
3386 + 1480
3387 # 1504
3387 - 1480 193
3387 + 1480
3387 + 1480
3388 + 1480
3388 d 1 1480
3388 + 1480
3388 d 1 1480
3389 # 1504
3389 - 1480 189
3389 + 1480
3389 + 1480
3389 d 1 1480
3390 + 1480
3390 d 1 1480
3390 + 1480
3390 d 1 1480
3391 + 1480
3391 d 1 1480
3391 + 1480
3391 d 1 1480
3392 # 1504
3392 - 1480 192
3392 + 1480
3392 + 1480
3394 # 1504
3394 - 1480 193
3394 + 1480
3394 + 1480
3394 d 1 1480
3395 + 1480
3395 d 1 1480
3395 + 1480
3395 d 1 1480
3396 # 1504
3396 - 1480 192
3396 + 1480
3396 + 1480
3397 + 1480
3397 d 1 1480
3397 + 1480
3397 d 1 1480
3398 + 1480
3398 d 1 1480
3398 + 1480
3398 d 1 1480
3399 + 1480
3399 d 1 1480
3399 + 1480
3399 d 1 1480
3400 # 1504
3400 - 1480 195
3401 + 1480
3401 + 1480
3402 # 1504
3402 - 1480 196
3402 - 1480 194
3402 + 1480
3402 + 1480
3402 d 1 1480
3403 + 1480
3403 d 1 1480
3403 + 1480
3403 d 1 1480
3404 # 1504
3404 - 1480 196
3404 + 1480
3404 + 1480
3405 # 1504
3405 - 1480 196
3405 + 1480
3405 + 1480
3406 + 1480
3406 d 1 1480
3406 + 1480
3406 d 1 1480
3408 + 1480
3408 d 1 1480
3408 + 1480
3408 d 1 1480
3409 # 1504
3409 - 1480 198
3409 + 1480
3409 + 1480
3409 d 1 1480
3410 + 1480
3410 d 1 1480
3410 + 1480
3410 d 1 1480
3411 # 1504
3411 - 1480 196
3411 + 1480
3411 + 1480
3412 + 1480
3412 d 1 1480
3412 + 1480
3412 d 1 1480
3413 + 1480
3413 d 1 1480
3413 + 1480
3413 d 1 1480
3414 # 1504
3414 - 1480 198
3414 + 1480
3414 + 1480
3414 d 1 1480
3416 + 1480
3416 d 1 1480
3416 + 1480
3416 d 1 1480
3417 # 1504
3417 - 1480 193
3417 + 1480
3417 + 1480
3418 + 1480
3418 d 1 1480
3418 + 1480
3418 d 1 1480
3419 # 1504
3419 - 1480 193
3419 + 1480
3419 + 1480
3419 d 1 1480
3420 + 1480
3420 d 1 1480
3420 + 1480
3420 d 1 1480
3421 + 1480
3421 d 1 1480
3421 + 1480
3421 d 1 1480
3423 # 1504
3423 - 1480 195
3423 + 1480
3423 + 1480
3424 + 1480
3424 d 1 1480
3424 + 1480
3424 d 1 1480
3425 # 1504
3425 - 1480 178
3425 + 1480
3425 + 1480
3426 + 1480
3426 d 1 1480
3426 + 1480
3426 d 1 1480
3427 # 1504
3427 - 1480 179
3427 + 1480
3427 + 1480
3427 d 1 1480
3428 + 1480
3428 d 1 1480
3428 + 1480
3428 d 1 1480
3430 + 1480
3430 d 1 1480
3430 + 1480
3430 d 1 1480
3431 # 1504
3431 - 1480 182
3431 + 1480
3431 + 1480
3432 + 1480
3432 d 1 1480
3432 + 1480
3432 d 1 1480
3433 + 1480
3433 d 1 1480
3433 + 1480
3433 d 1 1480
3434 + 1480
3434 d 1 1480
3434 + 1480
3434 d 1 1480
3435 + 1480
3435 d 1 1480
3435 + 1480
3435 d 1 1480
3436 + 1480
3436 d 1 1480
3436 + 1480
3436 d 1 1480
3438 + 1480
3438 d 1 1480
3438 + 1480
3438 d 1 1480
3439 + 1480
3439 d 1 1480
3439 + 1480
3439 d 1 1480
3440 # 1504
3440 - 1480 190
3440 # 1504
3440 - 1480 188
3440 # 1504
3440 - 1480 184
3440 # 1504
3440 - 1480 184
3440 + 1480
3440 + 1480
3441 + 1480
3441 + 1480
3442 # 1504
3442 - 1480 184
3442 + 1480
3442 + 1480
3443 + 1480
3443 + 1480
3443 d 1 1480
3444 # 1504
3444 - 1480 176
3445 + 1480
3445 + 1480
3445 d 1 1480
3446 + 1480
3446 d 1 1480
3446 + 1480
3446 d 1 1480
3447 + 1480
3447 d 1 1480
3447 + 1480
3447 d 1 1480
3448 # 1504
3448 - 1480 179
3448 + 1480
3448 + 1480
3449 + 1480
3449 d 1 1480
3449 + 1480
3449 d 1 1480
3450 # 1504
3450 - 1480 180
3450 + 1480
3450 + 1480
3451 + 1480
3451 d 1 1480
3452 # 1504
3452 - 1480 181
3452 + 1480
3453 + 1480
3453 d 1 1480
3453 + 1480
3453 d 1 1480
3454 + 1480
3454 d 1 1480
3454 + 1480
3454 d 1 1480
3455 + 1480
3455 d 1 1480
3455 + 1480
3455 d 1 1480
3456 # 1504
3456 - 1480 184
3456 + 1480
3456 + 1480
3457 + 1480
3457 d 1 1480
3457 + 1480
3457 d 1 1480
3458 # 1504
3458 - 1480 186
3458 + 1480
3458 + 1480
3458 d 1 1480
3460 + 1480
3460 d 1 1480
3460 + 1480
3460 d 1 1480
3461 + 1480
3461 d 1 1480
3461 + 1480
3461 d 1 1480
3462 + 1480
3462 d 1 1480
3462 + 1480
3462 d 1 1480
3463 # 1504
3463 - 1480 190
3463 + 1480
3463 + 1480
3464 + 1480
3464 d 1 1480
3464 + 1480
3464 d 1 1480
3465 # 1504
3465 - 1480 191
3465 + 1480
3465 + 1480
3466 + 1480
3466 d 1 1480
3467 + 1480
3467 d 1 1480
3468 + 1480
3468 d 1 1480
3468 + 1480
3468 d 1 1480
3469 + 1480
3469 d 1 1480
3469 + 1480
3469 d 1 1480
3470 # 1504
3470 - 1480 195
3470 + 1480
3470 + 1480
3471 + 1480
3471 d 1 1480
3471 + 1480
3471 d 1 1480
3472 # 1504
3472 - 1480 164
3472 + 1480
3472 + 1480
3472 d 1 1480
3474 # 1504
3474 - 1480 165
3474 + 1480
3474 + 1480
3474 d 1 1480
3475 + 1480
3475 d 1 1480
3475 + 1480
3475 d 1 1480
3476 + 1480
3476 d 1 1480
3476 + 1480
3476 d 1 1480
3477 + 1480
3477 d 1 1480
3477 + 1480
3477 d 1 1480
3478 + 1480
3478 d 1 1480
3478 + 1480
3478 d 1 1480
3479 + 1480
3479 d 1 1480
3479 + 1480
3479 d 1 1480
3480 + 1480
3480 d 1 1480
3481 + 1480
3481 d 1 1480
3482 + 1480
3482 d 1 1480
3482 + 1480
3482 d 1 1480
3483 + 1480
3483 d 1 1480
3483 + 1480
3483 d 1 1480
3484 # 1504
3484 - 1480 174
3484 + 1480
3484 + 1480
3485 + 1480
3485 + 1480
3485 d 1 1480
3486 + 1480
3486 d 1 1480
3486 + 1480
3486 d 1 1480
3487 + 1480
3487 d 1 1480
3487 + 1480
3487 d 1 1480
3489 + 1480
3489 d 1 1480
3489 + 1480
3489 d 1 1480
3490 + 1480
3490 d 1 1480
3490 + 1480
3490 d 1 1480
3491 + 1480
3491 d 1 1480
3491 + 1480
3491 d 1 1480
3492 + 1480
3492 d 1 1480
3492 + 1480
3492 d 1 1480
3493 + 1480
3493 d 1 1480
3493 + 1480
3493 d 1 1480
3494 + 1480
3494 d 1 1480
3494 + 1480
3494 d 1 1480
3496 + 1480
3496 d 1 1480
3496 + 1480
3496 d 1 1480
3497 + 1480
3497 d 1 1480
3497 + 1480
3497 d 1 1480
3498 + 1480
3498 d 1 1480
3498 + 1480
3498 d 1 1480
3499 + 1480
3499 d 1 1480
3499 + 1480
3499 d 1 1480
3500 + 1480
3500 d 1 1480
3500 + 1480
3500 d 1 1480
3501 + 1480
3501 d 1 1480
3502 # 1504
3502 - 1480 192
3502 # 1504
3502 - 1480 189
3502 + 1480
3502 + 1480
3503 + 1480
3504 + 1480
3504 + 1480
3505 + 1480
3505 + 1480
3505 d 1 1480
3506 + 1480
3506 d 1 1480
3506 + 1480
3506 d 1 1480
3507 + 1480
3507 d 1 1480
3507 + 1480
3507 d 1 1480
3508 + 1480
3508 d 1 1480
3508 + 1480
3508 d 1 1480
3509 # 1504
3509 - 1480 186
3509 + 1480
3509 + 1480
3510 + 1480
3510 d 1 1480
3511 # 1504
3511 - 1480 187
3511 + 1480
3512 + 1480
3512 + 1480
3512 d 1 1480
3513 # 1504
3513 - 1480 185
3513 + 1480
3513 + 1480
3513 d 1 1480
3514 + 1480
3514 d 1 1480
3514 + 1480
3514 d 1 1480
3515 # 1504
3515 - 1480 182
3515 + 1480
3515 + 1480
3516 + 1480
3516 d 1 1480
3516 + 1480
3516 d 1 1480
3518 + 1480
3518 d 1 1480
3518 + 1480
3518 d 1 1480
3519 + 1480
3519 d 1 1480
3519 + 1480
3519 d 1 1480
3520 + 1480
3520 d 1 1480
3520 + 1480
3520 d 1 1480
3521 + 1480
3521 d 1 1480
3521 + 1480
3521 d 1 1480
3522 + 1480
3522 d 1 1480
3522 + 1480
3522 d 1 1480
3523 + 1480
3523 d 1 1480
3523 + 1480
3523 d 1 1480
3525 + 1480
3525 d 1 1480
3525 + 1480
3525 d 1 1480
3526 + 1480
3526 d 1 1480
3526 + 1480
3526 d 1 1480
3527 + 1480
3527 d 1 1480
3527 + 1480
3527 d 1 1480
3528 + 1480
3528 d 1 1480
3528 + 1480
3528 d 1 1480
3529 + 1480
3529 d 1 1480
3529 + 1480
3529 d 1 1480
3530 + 1480
3530 d 1 1480
3530 + 1480
3530 d 1 1480
3531 + 1480
3531 d 1 1480
3531 + 1480
3531 d 1 1480
3533 + 1480
3533 d 1 1480
3533 + 1480
3533 d 1 1480
3534 # 1504
3534 - 1480 201
3534 + 1480
3534 + 1480
3535 # 1504
3535 - 1480 196
3535 # 1504
3535 - 1480 189
3535 # 1504
3535 - 1480 185
3535 # 1504
3535 - 1480 183
3535 # 1504
3535 - 1480 183
3535 + 1480
3535 + 1480
3536 + 1480
3536 + 1480
3537 # 1504
3537 - 1480 182
3537 + 1480
3537 + 1480
3538 + 1480
3538 + 1480
3540 + 1480
3540 + 1480
3540 d 1 1480
3541 # 1504
3541 - 1480 186
3541 + 1480
3541 + 1480
3542 + 1480
3542 d 1 1480
3542 + 1480
3542 d 1 1480
3543 # 1504
3543 - 1480 186
3543 + 1480
3543 + 1480
3543 d 1 1480
3544 + 1480
3544 d 1 1480
3544 + 1480
3544 d 1 1480
3545 # 1504
3545 - 1480 184
3545 + 1480
3545 + 1480
3547 + 1480
3547 d 1 1480
3547 + 1480
3547 d 1 1480
3548 + 1480
3548 d 1 1480
3548 + 1480
3548 d 1 1480
3549 # 1504
3549 - 1480 185
3549 + 1480
3549 + 1480
3549 d 1 1480
3550 + 1480
3550 d 1 1480
3550 + 1480
3550 d 1 1480
3551 # 1504
3551 - 1480 182
3551 + 1480
3551 + 1480
3552 + 1480
3552 d 1 1480
3552 + 1480
3552 d 1 1480
3553 # 1504
3553 - 1480 183
3553 + 1480
3553 + 1480
3553 d 1 1480
3555 + 1480
3555 d 1 1480
3555 + 1480
3555 d 1 1480
3556 # 1504
3556 - 1480 184
3556 + 1480
3556 + 1480
3557 + 1480
3557 d 1 1480
3557 + 1480
3557 d 1 1480
3558 # 1504
3558 - 1480 185
3558 + 1480
3558 + 1480
3558 d 1 1480
3559 + 1480
3559 d 1 1480
3559 + 1480
3559 d 1 1480
3560 + 1480
3560 d 1 1480
3560 + 1480
3560 d 1 1480
3562 + 1480
3562 d 1 1480
3562 + 1480
3562 d 1 1480
3563 + 1480
3563 d 1 1480
3563 + 1480
3563 d 1 1480
3564 + 1480
3564 d 1 1480
3564 + 1480
3564 d 1 1480
3565 + 1480
3565 d 1 1480
3565 + 1480
3565 d 1 1480
3566 + 1480
3566 d 1 1480
3566 + 1480
3566 d 1 1480
3567 + 1480
3567 d 1 1480
3567 + 1480
3567 d 1 1480
3569 + 1480
3569 d 1 1480
3569 + 1480
3569 d 1 1480
3570 + 1480
3570 d 1 1480
3570 + 1480
3570 d 1 1480
3571 + 1480
3571 d 1 1480
3571 + 1480
3571 d 1 1480
3572 + 1480
3572 d 1 1480
3572 + 1480
3572 d 1 1480
3573 + 1480
3573 d 1 1480
3573 + 1480
3573 d 1 1480
3574 + 1480
3574 d 1 1480
3574 + 1480
3574 d 1 1480
3575 + 1480
3575 d 1 1480
3575 + 1480
3575 d 1 1480
3577 + 1480
3577 d 1 1480
3577 + 1480
3577 d 1 1480
3578 + 1480
3578 d 1 1480
3578 + 1480
3578 d 1 1480
3579 + 1480
3579 d 1 1480
3579 + 1480
3579 d 1 1480
3580 + 1480
3580 d 1 1480
3580 + 1480
3580 d 1 1480
3581 + 1480
3581 d 1 1480
3581 + 1480
3581 d 1 1480
3582 + 1480
3582 d 1 1480
3582 + 1480
3582 d 1 1480
3584 + 1480
3584 d 1 1480
3584 + 1480
3584 d 1 1480
3585 + 1480
3585 d 1 1480
3585 + 1480
3585 d 1 1480
3586 + 1480
3586 d 1 1480
3586 + 1480
3586 d 1 1480
3587 + 1480
3587 d 1 1480
3587 + 1480
3587 d 1 1480
3588 # 1504
3588 - 1480 212
3588 # 1504
3588 - 1480 212
3588 # 1504
3588 - 1480 202
3588 + 1480
3588 + 1480
3589 # 1504
3589 - 1480 202
3589 # 1504
3589 - 1480 202
3589 # 1504
3589 - 1480 200
3589 # 1504
3589 - 1480 197
3589 # 1504
3589 - 1480 197
3589 # 1504
3589 - 1480 195
3589 + 1480
3589 + 1480
3591 + 1480
3591 + 1480
3592 + 1480
3592 + 1480
3593 + 1480
3593 + 1480
3594 + 1480
3594 + 1480
3595 + 1480
3595 + 1480
3596 + 1480
3596 + 1480
3596 d 1 1480
3597 + 1480
3597 d 1 1480
3598 + 1480
3598 d 1 1480
3599 + 1480
3599 d 1 1480
3599 + 1480
3599 d 1 1480
3600 + 1480
3600 d 1 1480
3601 + 1480
3601 d 1 1480
3601 + 1480
3601 d 1 1480
3601 + 1480
3601 d 1 1480
3602 # 1504
3602 - 1480 206
3602 # 1504
3602 - 1480 206
3602 # 1504
3602 - 1480 198
3602 # 1504
3602 - 1480 198
3602 - 1480 197
3602 + 1480
3602 + 1480
3603 + 1480
3603 + 1480
3604 # 1504
3604 - 1480 199
3604 # 1504
3604 - 1480 195
3604 + 1480
3604 + 1480
3605 # 1504
3605 - 1480 194
3606 + 1480
3606 + 1480
3607 + 1480
3607 + 1480
3608 + 1480
3608 + 1480
3609 + 1480
3609 d 1 1480
3609 + 1480
3609 d 1 1480
3610 + 1480
3610 d 1 1480
3610 + 1480
3610 d 1 1480
3611 + 1480
3611 d 1 1480
3611 + 1480
3611 d 1 1480
3613 + 1480
3613 d 1 1480
3613 + 1480
3613 d 1 1480
3614 + 1480
3614 d 1 1480
3614 + 1480
3614 d 1 1480
3615 + 1480
3615 d 1 1480
3615 + 1480
3615 d 1 1480
3616 + 1480
3616 d 1 1480
3616 + 1480
3616 d 1 1480
3617 + 1480
3617 d 1 1480
3617 + 1480
3617 d 1 1480
3618 + 1480
3618 d 1 1480
3618 + 1480
3618 d 1 1480
3619 + 1480
3619 d 1 1480
3620 + 1480
3620 d 1 1480
3621 + 1480
3621 d 1 1480
3621 + 1480
3621 d 1 1480
3622 # 1504
3622 - 1480 211
3622 # 1504
3622 - 1480 205
3622 # 1504
3622 - 1480 199
3622 + 1480
3622 + 1480
3623 + 1480
3623 + 1480
3624 # 1504
3624 - 1480 199
3624 + 1480
3624 + 1480
3625 + 1480
3625 + 1480
3625 d 1 1480
3626 + 1480
3626 d 1 1480
3626 + 1480
3626 d 1 1480
3628 # 1504
3628 - 1480 203
3628 # 1504
3628 - 1480 201
3628 # 1504
3628 - 1480 197
3628 + 1480
3628 + 1480
3629 # 1504
3629 - 1480 189
3629 + 1480
3629 + 1480
3630 + 1480
3630 + 1480
3630 d 1 1480
3631 # 1504
3631 - 1480 191
3631 + 1480
3631 + 1480
3632 + 1480
3632 d 1 1480
3632 + 1480
3632 d 1 1480
3633 # 1504
3633 - 1480 192
3633 + 1480
3633 + 1480
3633 d 1 1480
3635 # 1504
3635 - 1480 193
3635 + 1480
3635 + 1480
3636 + 1480
3636 d 1 1480
3636 + 1480
3636 d 1 1480
3637 # 1504
3637 - 1480 195
3637 + 1480
3637 + 1480
3637 d 1 1480
3638 # 1504
3638 - 1480 193
3638 + 1480
3638 + 1480
3638 d 1 1480
3639 + 1480
3639 d 1 1480
3639 + 1480
3639 d 1 1480
3640 # 1504
3640 - 1480 192
3640 + 1480
3640 + 1480
3642 + 1480
3642 d 1 1480
3642 + 1480
3642 d 1 1480
3643 # 1504
3643 - 1480 195
3643 + 1480
3643 + 1480
3643 d 1 1480
3644 + 1480
3644 d 1 1480
3644 + 1480
3644 d 1 1480
3645 + 1480
3645 d 1 1480
3645 + 1480
3645 d 1 1480
3646 # 1504
3646 - 1480 196
3646 + 1480
3646 + 1480
3647 # 1504
3647 - 1480 195
3647 + 1480
3647 + 1480
3647 d 1 1480
3648 + 1480
3648 d 1 1480
3648 + 1480
3648 d 1 1480
3649 # 1504
3649 - 1480 193
3650 + 1480
3650 + 1480
3650 d 1 1480
3651 + 1480
3651 d 1 1480
3651 + 1480
3651 d 1 1480
3652 # 1504
3652 - 1480 194
3652 + 1480
3652 + 1480
3653 # 1504
3653 - 1480 190
3653 + 1480
3653 + 1480
3653 d 1 1480
3654 + 1480
3654 d 1 1480
3654 + 1480
3654 d 1 1480
3655 # 1504
3655 - 1480 190
3655 + 1480
3655 + 1480
3657 + 1480
3657 d 1 1480
3657 + 1480
3657 d 1 1480
3658 + 1480
3658 d 1 1480
3658 + 1480
3658 d 1 1480
3659 + 1480
3659 d 1 1480
3659 + 1480
3659 d 1 1480
3660 + 1480
3660 d 1 1480
3660 + 1480
3660 d 1 1480
3661 + 1480
3661 d 1 1480
3661 + 1480
3661 d 1 1480
3662 + 1480
3662 d 1 1480
3662 + 1480
3662 d 1 1480
3664 # 1504
3664 - 1480 199
3664 # 1504
3664 - 1480 194
3664 # 1504
3664 - 1480 190
3664 # 1504
3664 - 1480 180
3664 # 1504
3664 - 1480 180
3664 + 1480
3664 + 1480
3665 + 1480
3665 + 1480
3666 # 1504
3666 - 1480 181
3666 + 1480
3666 + 1480
3667 + 1480
3667 + 1480
3668 # 1504
3668 - 1480 166
3668 + 1480
3668 + 1480
3668 d 1 1480
3669 # 1504
3669 - 1480 166
3669 + 1480
3669 + 1480
3669 d 1 1480
3670 + 1480
3670 d 1 1480
3670 + 1480
3670 d 1 1480
3671 # 1504
3671 - 1480 167
3672 # 1504
3672 - 1480 168
3672 + 1480
3672 + 1480
3673 + 1480
3673 + 1480
3673 d 1 1480
3674 # 1504
3674 - 1480 165
3674 + 1480
3674 + 1480
3674 d 1 1480
3675 # 1504
3675 - 1480 166
3675 + 1480
3675 + 1480
3676 # 1504
3676 - 1480 165
3676 + 1480
3676 + 1480
3676 d 1 1480
3677 + 1480
3677 d 1 1480
3677 + 1480
3677 d 1 1480
3679 # 1504
3679 - 1480 166
3679 + 1480
3679 + 1480
3679 d 1 1480
3680 + 1480
3680 d 1 1480
3680 + 1480
3680 d 1 1480
3681 + 1480
3681 d 1 1480
3681 + 1480
3681 d 1 1480
3682 + 1480
3682 d 1 1480
3682 + 1480
3682 d 1 1480
3683 + 1480
3683 d 1 1480
3683 + 1480
3683 d 1 1480
3684 + 1480
3684 d 1 1480
3685 + 1480
3685 d 1 1480
3686 + 1480
3686 d 1 1480
3686 + 1480
3686 d 1 1480
3687 + 1480
3687 d 1 1480
3687 + 1480
3687 d 1 1480
3688 + 1480
3688 d 1 1480
3688 + 1480
3688 d 1 1480
3689 + 1480
3689 d 1 1480
3689 + 1480
3689 d 1 1480
3690 # 1504
3690 - 1480 175
3690 # 1504
3690 - 1480 175
3690 # 1504
3690 - 1480 155
3690 + 1480
3690 + 1480
3691 + 1480
3691 + 1480
3692 + 1480
3692 + 1480
3694 + 1480
3694 d 1 1480
3694 + 1480
3694 d 1 1480
3695 # 1504
3695 - 1480 159
3695 # 1504
3695 - 1480 159
3695 # 1504
3695 - 1480 158
3695 # 1504
3695 - 1480 157
3695 + 1480
3695 + 1480
3696 + 1480
3696 + 1480
3697 + 1480
3697 + 1480
3697 d 1 1480
3698 + 1480
3698 d 1 1480
3698 + 1480
3698 d 1 1480
3699 + 1480
3699 d 1 1480
3699 + 1480
3699 d 1 1480
3700 + 1480
3700 d 1 1480
3700 + 1480
3700 d 1 1480
3702 + 1480
3702 d 1 1480
3702 + 1480
3702 d 1 1480
3703 + 1480
3703 d 1 1480
3703 + 1480
3703 d 1 1480
3704 # 1504
3704 - 1480 166
3704 + 1480
3704 + 1480
3705 + 1480
3705 d 1 1480
3705 + 1480
3705 d 1 1480
3706 + 1480
3706 d 1 1480
3706 + 1480
3706 d 1 1480
3708 + 1480
3708 d 1 1480
3708 + 1480
3708 d 1 1480
3709 + 1480
3709 d 1 1480
3709 + 1480
3709 d 1 1480
3710 + 1480
3710 d 1 1480
3710 + 1480
3710 d 1 1480
3711 + 1480
3711 d 1 1480
3711 + 1480
3711 d 1 1480
3712 + 1480
3712 d 1 1480
3712 + 1480
3712 d 1 1480
3713 # 1504
3713 - 1480 173
3713 # 1504
3713 - 1480 172
3713 # 1504
3713 - 1480 168
3713 # 1504
3713 - 1480 164
3713 # 1504
3713 - 1480 162
3713 # 1504
3713 - 1480 162
3713 # 1504
3713 - 1480 160
3713 + 1480
3713 + 1480
3714 # 1504
3714 - 1480 158
3714 # 1504
3714 - 1480 158
3714 + 1480
3714 + 1480
3716 # 1504
3716 - 1480 158
3716 + 1480
3716 + 1480
3717 # 1504
3717 - 1480 129
3717 + 1480
3717 + 1480
3718 + 1480
3718 + 1480
3719 # 1504
3719 - 1480 130
3719 + 1480
3719 + 1480
3720 + 1480
3720 + 1480
3721 # 1504
3721 - 1480 132
3721 + 1480
3721 + 1480
3723 # 1504
3723 - 1480 132
3723 + 1480
3723 + 1480
3724 # 1504
3724 - 1480 132
3724 + 1480
3724 + 1480
3724 d 1 1480
3725 + 1480
3725 d 1 1480
3725 + 1480
3725 d 1 1480
3726 # 1504
3726 - 1480 134
3726 - 1480 133
3726 + 1480
3726 + 1480
3727 + 1480
3727 + 1480
3727 d 1 1480
3728 # 1504
3728 - 1480 134
3728 + 1480
3728 + 1480
3728 d 1 1480
3730 + 1480
3730 d 1 1480
3730 + 1480
3730 d 1 1480
3731 # 1504
3731 - 1480 137
3731 + 1480
3731 + 1480
3732 # 1504
3732 - 1480 137
3732 + 1480
3732 + 1480
3732 d 1 1480
3733 + 1480
3733 d 1 1480
3733 + 1480
3733 d 1 1480
3734 # 1504
3734 - 1480 138
3734 + 1480
3734 + 1480
3734 d 1 1480
3735 + 1480
3735 d 1 1480
3735 + 1480
3735 d 1 1480
3736 # 1504
3736 - 1480 134
3737 + 1480
3737 + 1480
3738 # 1504
3738 - 1480 136
3738 + 1480
3738 + 1480
3738 d 1 1480
3739 # 1504
3739 - 1480 136
3739 + 1480
3739 + 1480
3739 d 1 1480
3740 + 1480
3740 d 1 1480
3740 + 1480
3740 d 1 1480
3741 + 1480
3741 d 1 1480
3741 + 1480
3741 d 1 1480
3742 + 1480
3742 d 1 1480
3742 + 1480
3742 d 1 1480
3743 + 1480
3743 d 1 1480
3743 + 1480
3743 d 1 1480
3745 + 1480
3745 d 1 1480
3745 + 1480
3745 d 1 1480
3746 + 1480
3746 d 1 1480
3746 + 1480
3746 d 1 1480
3747 + 1480
3747 d 1 1480
3747 + 1480
3747 d 1 1480
3748 + 1480
3748 d 1 1480
3748 + 1480
3748 d 1 1480
3749 # 1504
3749 - 1480 145
3749 # 1504
3749 - 1480 145
3749 # 1504
3749 - 1480 142
3749 # 1504
3749 - 1480 142
3749 + 1480
3749 + 1480
3750 + 1480
3750 + 1480
3751 # 1504
3751 - 1480 143
3751 + 1480
3752 + 1480
3753 # 1504
3753 - 1480 145
3753 + 1480
3753 + 1480
3754 + 1480
3754 + 1480
3754 d 1 1480
3755 # 1504
3755 - 1480 133
3755 + 1480
3755 + 1480
3756 + 1480
3756 d 1 1480
3756 + 1480
3756 d 1 1480
3757 + 1480
3757 d 1 1480
3757 + 1480
3757 d 1 1480
3759 + 1480
3759 d 1 1480
3759 + 1480
3759 d 1 1480
3760 + 1480
3760 d 1 1480
3760 + 1480
3760 d 1 1480
3761 + 1480
3761 d 1 1480
3761 + 1480
3761 d 1 1480
3762 + 1480
3762 d 1 1480
3762 + 1480
3762 d 1 1480
3763 + 1480
3763 d 1 1480
3763 + 1480
3763 d 1 1480
3764 + 1480
3764 d 1 1480
3764 + 1480
3764 d 1 1480
3765 # 1504
3765 - 1480 142
3765 # 1504
3765 - 1480 141
3765 # 1504
3765 - 1480 137
3765 # 1504
3765 - 1480 137
3765 + 1480
3765 + 1480
3767 # 1504
3767 - 1480 138
3767 + 1480
3767 + 1480
3768 + 1480
3768 + 1480
3769 + 1480
3769 + 1480
3769 d 1 1480
3770 # 1504
3770 - 1480 141
3770 # 1504
3770 - 1480 140
3770 + 1480
3770 + 1480
3771 + 1480
3771 + 1480
3771 d 1 1480
3772 + 1480
3772 d 1 1480
3772 + 1480
3772 d 1 1480
3774 + 1480
3774 d 1 1480
3774 + 1480
3774 d 1 1480
3775 + 1480
3775 d 1 1480
3775 + 1480
3775 d 1 1480
3776 + 1480
3776 d 1 1480
3776 + 1480
3776 d 1 1480
3777 + 1480
3777 d 1 1480
3777 + 1480
3777 d 1 1480
3778 + 1480
3778 d 1 1480
3778 + 1480
3778 d 1 1480
3779 + 1480
3779 d 1 1480
3779 + 1480
3779 d 1 1480
3781 + 1480
3781 d 1 1480
3781 + 1480
3781 d 1 1480
3782 + 1480
3782 d 1 1480
3782 + 1480
3782 d 1 1480
3783 + 1480
3783 d 1 1480
3783 + 1480
3783 d 1 1480
3784 + 1480
3784 d 1 1480
3784 + 1480
3784 d 1 1480
3785 + 1480
3785 d 1 1480
3785 + 1480
3785 d 1 1480
3786 + 1480
3786 d 1 1480
3786 + 1480
3786 d 1 1480
3787 # 1504
3787 - 1480 156
3787 # 1504
3787 - 1480 154
3787 # 1504
3787 - 1480 149
3787 # 1504
3787 - 1480 147
3787 # 1504
3787 - 1480 147
3787 # 1504
3787 - 1480 144
3787 # 1504
3787 - 1480 141
3787 # 1504
3787 - 1480 141
3787 # 1504
3787 - 1480 140
3787 # 1504
3787 - 1480 137
3787 + 1480
3787 + 1480
3788 # 1504
3788 - 1480 136
3789 # 1504
3789 - 1480 137
3789 + 1480
3789 + 1480
3790 + 1480
3790 + 1480
3791 # 1504
3791 - 1480 138
3791 + 1480
3791 + 1480
3792 + 1480
3792 + 1480
3793 # 1504
3793 - 1480 138
3793 + 1480
3793 + 1480
3794 # 1504
3794 - 1480 130
3794 + 1480
3794 + 1480
3795 # 1504
3795 - 1480 131
3796 + 1480
3796 + 1480
3797 + 1480
3797 + 1480
3798 + 1480
3798 + 1480
3799 + 1480
3799 + 1480
3799 d 1 1480
3800 + 1480
3800 d 1 1480
3800 + 1480
3800 d 1 1480
3801 + 1480
3801 d 1 1480
3801 + 1480
3801 d 1 1480
3803 + 1480
3803 d 1 1480
3803 + 1480
3803 d 1 1480
3804 + 1480
3804 d 1 1480
3804 + 1480
3804 d 1 1480
3805 # 1504
3805 - 1480 140
3805 # 1504
3805 - 1480 139
3805 # 1504
3805 - 1480 138
3805 + 1480
3805 + 1480
3806 + 1480
3806 + 1480
3807 + 1480
3807 + 1480
3807 d 1 1480
3808 + 1480
3808 d 1 1480
3808 + 1480
3808 d 1 1480
3809 + 1480
3809 d 1 1480
3809 + 1480
3809 d 1 1480
3811 + 1480
3811 d 1 1480
3811 + 1480
3811 d 1 1480
3812 + 1480
3812 d 1 1480
3812 + 1480
3812 d 1 1480
3813 + 1480
3813 d 1 1480
3813 + 1480
3813 d 1 1480
3814 # 1504
3814 - 1480 146
3814 + 1480
3814 + 1480
3815 + 1480
3815 d 1 1480
3815 + 1480
3815 d 1 1480
3816 + 1480
3816 d 1 1480
3816 + 1480
3816 d 1 1480
3817 + 1480
3817 d 1 1480
3818 + 1480
3818 d 1 1480
3819 + 1480
3819 d 1 1480
3819 + 1480
3819 d 1 1480
3820 # 1504
3820 - 1480 151
3820 + 1480
3820 + 1480
3821 # 1504
3821 - 1480 149
3821 # 1504
3821 - 1480 146
3821 # 1504
3821 - 1480 146
3821 + 1480
3821 + 1480
3822 + 1480
3822 + 1480
3823 + 1480
3823 d 1 1480
3823 + 1480
3823 d 1 1480
3824 # 1504
3824 - 1480 148
3825 # 1504
3825 - 1480 146
3825 + 1480
3825 + 1480
3826 + 1480
3826 + 1480
3826 d 1 1480
3827 # 1504
3827 - 1480 137
3827 + 1480
3827 + 1480
3827 d 1 1480
3828 # 1504
3828 - 1480 137
3828 + 1480
3828 + 1480
3828 d 1 1480
3829 + 1480
3829 d 1 1480
3829 + 1480
3829 d 1 1480
3830 # 1504
3830 - 1480 139
3830 + 1480
3830 + 1480
3831 + 1480
3831 d 1 1480
3831 + 1480
3831 d 1 1480
3832 # 1504
3832 - 1480 140
3833 + 1480
3833 + 1480
3833 d 1 1480
3834 # 1504
3834 - 1480 139
3834 + 1480
3834 + 1480
3834 d 1 1480
3834 + 1480
3834 d 1 1480
3835 # 1504
3835 - 1480 140
3835 + 1480
3836 # 1504
3836 - 1480 140
3836 + 1480
3836 + 1480
3837 # 1504
3837 - 1480 140
3837 + 1480
3837 + 1480
3837 d 1 1480
3838 + 1480
3838 d 1 1480
3838 + 1480
3838 d 1 1480
3840 # 1504
3840 - 1480 136
3840 # 1504
3840 - 1480 136
3840 + 1480
3840 + 1480
3841 + 1480
3841 + 1480
3841 d 1 1480
3842 # 1504
3842 - 1480 129
3842 + 1480
3842 + 1480
3842 d 1 1480
3843 # 1504
3843 - 1480 129
3843 + 1480
3843 + 1480
3843 d 1 1480
3844 # 1504
3844 - 1480 130
3844 + 1480
3844 + 1480
3844 d 1 1480
3845 + 1480
3845 d 1 1480
3845 + 1480
3845 d 1 1480
3846 # 1504
3846 - 1480 130
3846 - 1480 130
3847 + 1480
3847 + 1480
3848 + 1480
3848 d 1 1480
3848 + 1480
3848 d 1 1480
3849 # 1504
3849 - 1480 132
3849 # 1504
3849 - 1480 131
3849 + 1480
3849 + 1480
3850 + 1480
3850 + 1480
3850 d 1 1480
3851 # 1504
3851 - 1480 133
3851 + 1480
3851 + 1480
3852 + 1480
3852 d 1 1480
3852 + 1480
3852 d 1 1480
3853 # 1504
3853 - 1480 134
3853 + 1480
3854 # 1504
3854 - 1480 134
3854 + 1480
3855 # 1504
3855 - 1480 135
3855 + 1480
3855 + 1480
3856 # 1504
3856 - 1480 135
3856 + 1480
3856 + 1480
3856 d 1 1480
3857 # 1504
3857 - 1480 134
3857 + 1480
3857 + 1480
3857 d 1 1480
3858 + 1480
3858 d 1 1480
3858 + 1480
3858 d 1 1480
3859 # 1504
3859 - 1480 136
3859 + 1480
3859 + 1480
3859 d 1 1480
3860 # 1504
3860 - 1480 136
3860 + 1480
3860 + 1480
3862 + 1480
3862 d 1 1480
3862 + 1480
3862 d 1 1480
3863 # 1504
3863 - 1480 137
3863 # 1504
3863 - 1480 136
3863 + 1480
3863 + 1480
3864 # 1504
3864 - 1480 136
3864 + 1480
3864 + 1480
3864 d 1 1480
3865 # 1504
3865 - 1480 134
3865 + 1480
3865 + 1480
3866 + 1480
3866 d 1 1480
3866 + 1480
3866 d 1 1480
3867 + 1480
3867 d 1 1480
3867 + 1480
3867 d 1 1480
3868 # 1504
3868 - 1480 137
3869 + 1480
3869 + 1480
3869 d 1 1480
3870 # 1504
3870 - 1480 136
3870 + 1480
3870 + 1480
3871 + 1480
3871 d 1 1480
3871 + 1480
3871 d 1 1480
3872 # 1504
3872 - 1480 135
3872 + 1480
3872 + 1480
3872 d 1 1480
3873 + 1480
3873 d 1 1480
3873 + 1480
3873 d 1 1480
3874 # 1504
3874 - 1480 136
3874 + 1480
3874 + 1480
3874 d 1 1480
3875 # 1504
3875 - 1480 136
3876 + 1480
3876 + 1480
3877 # 1504
3877 - 1480 128
3877 + 1480
3877 + 1480
3877 d 1 1480
3878 + 1480
3878 d 1 1480
3878 + 1480
3878 d 1 1480
3879 + 1480
3879 d 1 1480
3879 + 1480
3879 d 1 1480
3880 + 1480
3880 d 1 1480
3880 + 1480
3880 d 1 1480
3881 + 1480
3881 d 1 1480
3881 + 1480
3881 d 1 1480
3882 + 1480
3882 d 1 1480
3882 + 1480
3882 d 1 1480
3884 + 1480
3884 d 1 1480
3884 + 1480
3884 d 1 1480
3885 + 1480
3885 d 1 1480
3885 + 1480
3885 d 1 1480
3886 + 1480
3886 d 1 1480
3886 + 1480
3886 d 1 1480
3887 # 1504
3887 - 1480 137
3887 + 1480
3887 + 1480
3888 + 1480
3888 + 1480
3888 d 1 1480
3889 + 1480
3889 d 1 1480
3889 + 1480
3889 d 1 1480
3891 + 1480
3891 d 1 1480
3891 + 1480
3891 d 1 1480
3892 # 1504
3892 - 1480 142
3892 # 1504
3892 - 1480 139
3892 # 1504
3892 - 1480 138
3892 # 1504
3892 - 1480 137
3892 + 1480
3892 + 1480
3893 # 1504
3893 - 1480 138
3893 + 1480
3893 + 1480
3894 + 1480
3894 + 1480
3895 + 1480
3895 d 1 1480
3895 + 1480
3895 d 1 1480
3896 # 1504
3896 - 1480 131
3896 + 1480
3896 + 1480
3898 # 1504
3898 - 1480 133
3898 + 1480
3898 + 1480
3898 d 1 1480
3899 + 1480
3899 d 1 1480
3899 + 1480
3899 d 1 1480
3900 + 1480
3900 d 1 1480
3900 + 1480
3900 d 1 1480
3901 # 1504
3901 - 1480 134
3901 + 1480
3901 + 1480
3902 + 1480
3902 d 1 1480
3902 + 1480
3902 d 1 1480
3903 # 1504
3903 - 1480 135
3903 + 1480
3903 + 1480
3903 d 1 1480
3904 # 1504
3904 - 1480 135
3904 + 1480
3904 + 1480
3904 d 1 1480
3906 + 1480
3906 d 1 1480
3906 + 1480
3906 d 1 1480
3907 + 1480
3907 d 1 1480
3907 + 1480
3907 d 1 1480
3908 # 1504
3908 - 1480 138
3908 + 1480
3908 + 1480
3909 + 1480
3909 d 1 1480
3909 + 1480
3909 d 1 1480
3910 # 1504
3910 - 1480 140
3910 + 1480
3910 + 1480
3911 # 1504
3911 - 1480 124
3911 + 1480
3911 + 1480
3911 d 1 1480
3913 # 1504
3913 - 1480 124
3913 + 1480
3913 + 1480
3913 d 1 1480
3914 + 1480
3914 d 1 1480
3914 + 1480
3914 d 1 1480
3915 # 1504
3915 - 1480 126
3915 + 1480
3915 + 1480
3916 + 1480
3916 d 1 1480
3916 + 1480
3916 d 1 1480
3917 # 1504
3917 - 1480 127
3917 + 1480
3918 + 1480
3918 d 1 1480
3918 + 1480
3918 d 1 1480
3918 + 1480
3918 d 1 1480
3919 # 1504
3919 - 1480 128
3920 + 1480
3920 + 1480
3920 d 1 1480
3921 + 1480
3921 d 1 1480
3921 + 1480
3921 d 1 1480
3922 + 1480
3922 d 1 1480
3922 + 1480
3922 d 1 1480
3923 + 1480
3923 d 1 1480
3923 + 1480
3923 d 1 1480
3924 + 1480
3924 d 1 1480
3924 + 1480
3924 d 1 1480
3925 + 1480
3925 d 1 1480
3925 + 1480
3925 d 1 1480
3926 + 1480
3926 d 1 1480
3926 + 1480
3926 d 1 1480
3928 # 1504
3928 - 1480 137
3928 # 1504
3928 - 1480 136
3928 # 1504
3928 - 1480 135
3928 + 1480
3928 + 1480
3929 # 1504
3929 - 1480 135
3929 + 1480
3929 + 1480
3930 # 1504
3930 - 1480 136
3930 + 1480
3930 + 1480
3931 + 1480
3931 + 1480
3932 # 1504
3932 - 1480 136
3932 + 1480
3932 + 1480
3932 d 1 1480
3933 + 1480
3933 d 1 1480
3933 + 1480
3933 d 1 1480
3934 # 1504
3934 - 1480 137
3934 + 1480
3935 # 1504
3935 - 1480 138
3935 + 1480
3936 + 1480
3936 + 1480
3936 d 1 1480
3937 # 1504
3937 - 1480 139
3937 + 1480
3937 + 1480
3937 d 1 1480
3938 + 1480
3938 d 1 1480
3938 + 1480
3938 d 1 1480
3939 # 1504
3939 - 1480 140
3939 + 1480
3939 + 1480
3939 d 1 1480
3940 + 1480
3940 d 1 1480
3940 + 1480
3940 d 1 1480
3941 # 1504
3941 - 1480 136
3942 + 1480
3942 + 1480
3943 # 1504
3943 - 1480 138
3943 + 1480
3943 + 1480
3943 d 1 1480
3944 # 1504
3944 - 1480 138
3944 + 1480
3944 + 1480
3944 d 1 1480
3945 + 1480
3945 d 1 1480
3945 + 1480
3945 d 1 1480
3946 + 1480
3946 d 1 1480
3946 + 1480
3946 d 1 1480
3947 # 1504
3947 - 1480 140
3947 + 1480
3947 + 1480
3948 # 1504
3948 - 1480 134
3948 + 1480
3948 + 1480
3948 d 1 1480
3949 # 1504
3949 - 1480 129
3950 + 1480
3950 + 1480
3950 d 1 1480
3951 # 1504
3951 - 1480 131
3951 + 1480
3951 + 1480
3952 # 1504
3952 - 1480 131
3952 + 1480
3952 + 1480
3952 d 1 1480
3953 + 1480
3953 d 1 1480
3953 + 1480
3953 d 1 1480
3954 # 1504
3954 - 1480 132
3954 + 1480
3954 + 1480
3954 d 1 1480
3955 # 1504
3955 - 1480 133
3955 + 1480
3955 + 1480
3957 + 1480
3957 d 1 1480
3957 + 1480
3957 d 1 1480
3958 + 1480
3958 d 1 1480
3958 + 1480
3958 d 1 1480
3959 + 1480
3959 d 1 1480
3959 + 1480
3959 d 1 1480
3960 + 1480
3960 d 1 1480
3960 + 1480
3960 d 1 1480
3961 + 1480
3961 d 1 1480
3961 + 1480
3961 d 1 1480
3962 + 1480
3962 d 1 1480
3962 + 1480
3962 d 1 1480
3964 # 1504
3964 - 1480 139
3964 # 1504
3964 - 1480 138
3964 # 1504
3964 - 1480 134
3964 # 1504
3964 - 1480 134
3964 - 1480 131
3964 # 1504
3964 - 1480 130
3964 + 1480
3964 + 1480
3965 # 1504
3965 - 1480 130
3965 + 1480
3965 + 1480
3966 # 1504
3966 - 1480 130
3966 + 1480
3966 + 1480
3967 + 1480
3967 + 1480
3968 # 1504
3968 - 1480 132
3968 + 1480
3968 + 1480
3969 # 1504
3969 - 1480 132
3969 + 1480
3969 + 1480
3970 + 1480
3971 # 1504
3971 - 1480 131
3971 + 1480
3972 # 1504
3972 - 1480 131
3972 + 1480
3972 + 1480
3973 + 1480
3973 d 1 1480
3973 + 1480
3973 d 1 1480
3974 # 1504
3974 - 1480 132
3974 + 1480
3974 + 1480
3974 d 1 1480
3975 # 1504
3975 - 1480 131
3975 + 1480
3975 + 1480
3975 d 1 1480
3976 # 1504
3976 - 1480 129
3976 + 1480
3976 + 1480
3977 # 1504
3977 - 1480 130
3977 + 1480
3977 + 1480
3977 d 1 1480
3979 + 1480
3979 d 1 1480
3979 + 1480
3979 d 1 1480
3980 # 1504
3980 - 1480 131
3980 # 1504
3980 - 1480 130
3980 # 1504
3980 - 1480 129
3980 + 1480
3980 + 1480
3981 + 1480
3981 + 1480
3982 + 1480
3982 d 1 1480
3982 + 1480
3982 d 1 1480
3983 + 1480
3983 d 1 1480
3983 + 1480
3983 d 1 1480
3984 + 1480
3984 d 1 1480
3984 + 1480
3984 d 1 1480
3986 # 1504
3986 - 1480 133
3986 # 1504
3986 - 1480 132
3986 # 1504
3986 - 1480 131
3986 + 1480
3986 + 1480
3987 # 1504
3987 - 1480 131
3987 + 1480
3987 + 1480
3988 + 1480
3988 + 1480
3988 d 1 1480
3989 + 1480
3989 d 1 1480
3989 + 1480
3989 d 1 1480
3990 # 1504
3990 - 1480 133
3990 # 1504
3990 - 1480 131
3990 + 1480
3990 + 1480
3991 + 1480
3991 + 1480
3991 d 1 1480
3992 # 1504
3992 - 1480 132
3993 + 1480
3993 + 1480
3994 # 1504
3994 - 1480 131
3994 + 1480
3994 + 1480
3994 d 1 1480
3995 # 1504
3995 - 1480 131
3995 + 1480
3995 + 1480
3995 d 1 1480
3996 + 1480
3996 d 1 1480
3996 + 1480
3996 d 1 1480
3997 # 1504
3997 - 1480 132
3997 + 1480
3997 + 1480
3998 # 1504
3998 - 1480 133
3998 + 1480
3998 + 1480
3998 d 1 1480
3999 + 1480
3999 d 1 1480
3999 + 1480
3999 d 1 1480
4000 # 1504
4000 - 1480 130
4001 # 1504
4001 - 1480 131
4001 + 1480
4001 + 1480
4001 + 1480
4002 + 1480
4002 d 1 1480
4003 # 1504
4003 - 1480 129
4003 + 1480
4003 + 1480
4003 d 1 1480
4004 # 1504
4004 - 1480 128
4004 + 1480
4004 + 1480
4005 + 1480
4005 d 1 1480
4005 + 1480
4005 d 1 1480
4006 # 1504
4006 - 1480 130
4006 + 1480
4006 + 1480
4006 d 1 1480
4008 # 1504
4008 - 1480 121
4008 + 1480
4008 + 1480
4009 # 1504
4009 - 1480 122
4009 + 1480
4009 + 1480
4009 d 1 1480
4010 + 1480
4010 d 1 1480
4010 + 1480
4010 d 1 1480
4011 # 1504
4011 - 1480 119
4011 + 1480
4011 + 1480
4011 d 1 1480
4012 + 1480
4012 d 1 1480
4012 + 1480
4012 d 1 1480
4013 # 1504
4013 - 1480 121
4013 + 1480
4013 + 1480
4014 # 1504
4014 - 1480 121
4015 # 1504
4015 - 1480 121
4015 + 1480
4015 + 1480
4016 + 1480
4016 d 1 1480
4016 + 1480
4016 d 1 1480
4017 # 1504
4017 - 1480 123
4017 + 1480
4017 + 1480
4018 # 1504
4018 - 1480 122
4018 + 1480
4018 + 1480
4018 d 1 1480
4019 + 1480
4019 d 1 1480
4019 + 1480
4019 d 1 1480
4020 # 1504
4020 - 1480 122
4020 + 1480
4020 + 1480
4021 + 1480
4021 d 1 1480
4021 + 1480
4021 d 1 1480
4022 # 1504
4022 - 1480 121
4023 # 1504
4023 - 1480 120
4023 + 1480
4023 + 1480
4024 # 1504
4024 - 1480 120
4024 + 1480
4024 + 1480
4025 # 1504
4025 - 1480 117
4025 + 1480
4025 + 1480
4025 d 1 1480
4026 + 1480
4026 d 1 1480
4026 + 1480
4026 d 1 1480
4027 # 1504
4027 - 1480 117
4027 + 1480
4027 + 1480
4027 d 1 1480
4028 # 1504
4028 - 1480 118
4028 + 1480
4028 + 1480
4029 # 1504
4029 - 1480 118
4030 # 1504
4030 - 1480 115
4030 + 1480
4030 + 1480
4031 + 1480
4031 d 1 1480
4031 + 1480
4031 d 1 1480
4032 # 1504
4032 - 1480 117
4032 + 1480
4032 + 1480
4033 # 1504
4033 - 1480 116
4033 + 1480
4033 + 1480
4033 d 1 1480
4034 # 1504
4034 - 1480 106
4034 + 1480
4034 + 1480
4034 d 1 1480
4035 + 1480
4035 d 1 1480
4035 + 1480
4035 d 1 1480
4037 + 1480
4037 d 1 1480
4037 + 1480
4037 d 1 1480
4038 + 1480
4038 d 1 1480
4038 + 1480
4038 d 1 1480
4039 + 1480
4039 d 1 1480
4039 + 1480
4039 d 1 1480
4040 + 1480
4040 d 1 1480
4040 + 1480
4040 d 1 1480
4041 + 1480
4041 d 1 1480
4041 + 1480
4041 d 1 1480
4042 + 1480
4042 d 1 1480
4042 + 1480
4042 d 1 1480
4043 + 1480
4043 d 1 1480
4043 + 1480
4043 d 1 1480
4044 # 1504
4044 - 1480 116
4045 # 1504
4045 - 1480 116
4045 # 1504
4045 - 1480 114
4045 # 1504
4045 - 1480 114
4045 # 1504
4045 - 1480 113
4045 # 1504
4045 - 1480 111
4045 + 1480
4045 + 1480
4046 + 1480
4046 + 1480
4047 + 1480
4047 + 1480
4048 + 1480
4048 + 1480
4049 + 1480
4049 + 1480
4049 d 1 1480
4050 # 1504
4050 - 1480 115
4050 # 1504
4050 - 1480 114
4050 # 1504
4050 - 1480 111
4050 # 1504
4050 - 1480 108
4050 # 1504
4050 - 1480 108
4050 + 1480
4050 + 1480
4051 + 1480
4051 + 1480
4053 + 1480
4053 + 1480
4054 # 1504
4054 - 1480 111
4054 - 1480 110
4054 + 1480
4054 + 1480
4055 + 1480
4055 + 1480
4055 d 1 1480
4056 # 1504
4056 - 1480 109
4056 + 1480
4056 + 1480
4057 # 1504
4057 - 1480 109
4057 + 1480
4057 + 1480
4057 d 1 1480
4059 + 1480
4059 d 1 1480
4059 + 1480
4059 d 1 1480
4060 + 1480
4060 d 1 1480
4060 + 1480
4060 d 1 1480
4061 + 1480
4061 d 1 1480
4061 + 1480
4061 d 1 1480
4062 + 1480
4062 d 1 1480
4062 + 1480
4062 d 1 1480
4063 + 1480
4063 d 1 1480
4063 + 1480
4063 d 1 1480
4064 + 1480
4064 d 1 1480
4064 + 1480
4064 d 1 1480
4065 + 1480
4065 d 1 1480
4065 + 1480
4065 d 1 1480
4067 + 1480
4067 d 1 1480
4067 + 1480
4067 d 1 1480
4068 + 1480
4068 d 1 1480
4068 + 1480
4068 d 1 1480
4069 + 1480
4069 d 1 1480
4069 + 1480
4069 d 1 1480
4070 # 1504
4070 - 1480 119
4070 # 1504
4070 - 1480 119
4070 # 1504
4070 - 1480 115
4070 # 1504
4070 - 1480 106
4070 + 1480
4070 + 1480
4071 # 1504
4071 - 1480 107
4071 + 1480
4071 + 1480
4072 # 1504
4072 - 1480 107
4072 + 1480
4072 + 1480
4074 + 1480
4074 + 1480
4075 + 1480
4075 + 1480
4076 # 1504
4076 - 1480 111
4076 + 1480
4076 + 1480
4077 # 1504
4077 - 1480 111
4077 + 1480
4077 + 1480
4077 d 1 1480
4078 + 1480
4078 d 1 1480
4078 + 1480
4078 d 1 1480
4079 # 1504
4079 - 1480 112
4079 + 1480
4079 + 1480
4079 d 1 1480
4080 # 1504
4080 - 1480 112
4081 + 1480
4081 + 1480
4082 # 1504
4082 - 1480 114
4082 + 1480
4082 + 1480
4082 d 1 1480
4083 + 1480
4083 d 1 1480
4083 + 1480
4083 d 1 1480
4084 # 1504
4084 - 1480 115
4084 + 1480
4084 + 1480
4085 # 1504
4085 - 1480 115
4085 + 1480
4085 + 1480
4085 d 1 1480
4086 # 1504
4086 - 1480 114
4086 + 1480
4086 + 1480
4086 d 1 1480
4087 # 1504
4087 - 1480 115
4087 + 1480
4088 + 1480
4088 d 1 1480
4089 # 1504
4089 - 1480 115
4089 # 1504
4089 - 1480 114
4089 + 1480
4089 + 1480
4090 # 1504
4090 - 1480 114
4090 + 1480
4090 + 1480
4091 # 1504
4091 - 1480 114
4091 + 1480
4091 + 1480
4091 d 1 1480
4092 + 1480
4092 d 1 1480
4092 + 1480
4092 d 1 1480
4093 + 1480
4093 d 1 1480
4093 + 1480
4093 d 1 1480
4094 + 1480
4094 d 1 1480
4094 + 1480
4094 d 1 1480
4096 + 1480
4096 d 1 1480
4096 + 1480
4096 d 1 1480
4097 + 1480
4097 d 1 1480
4097 + 1480
4097 d 1 1480
4098 + 1480
4098 d 1 1480
4098 + 1480
4098 d 1 1480
4099 + 1480
4099 d 1 1480
4099 + 1480
4099 d 1 1480
4100 # 1504
4100 - 1480 120
4100 # 1504
4100 - 1480 120
4100 # 1504
4100 - 1480 114
4100 # 1504
4100 - 1480 113
4100 # 1504
4100 - 1480 113
4100 + 1480
4100 + 1480
4101 # 1504
4101 - 1480 113
4101 # 1504
4101 - 1480 111
4101 # 1504
4101 - 1480 111
4101 # 1504
4101 - 1480 110
4101 # 1504
4101 - 1480 108
4101 # 1504
4101 - 1480 108
4101 + 1480
4101 + 1480
4102 # 1504
4102 - 1480 108
4103 # 1504
4103 - 1480 108
4103 + 1480
4103 + 1480
4104 # 1504
4104 - 1480 107
4104 + 1480
4104 + 1480
4105 # 1504
4105 - 1480 108
4105 # 1504
4105 - 1480 104
4105 + 1480
4105 + 1480
4106 # 1504
4106 - 1480 105
4106 + 1480
4106 + 1480
4107 # 1504
4107 - 1480 106
4107 + 1480
4107 + 1480
4108 + 1480
4108 + 1480
4109 # 1504
4109 - 1480 106
4109 # 1504
4109 - 1480 105
4110 + 1480
4110 + 1480
4111 # 1504
4111 - 1480 105
4111 + 1480
4111 + 1480
4112 # 1504
4112 - 1480 104
4112 + 1480
4112 + 1480
4113 # 1504
4113 - 1480 105
4113 + 1480
4113 + 1480
4114 # 1504
4114 - 1480 103
4114 # 1504
4114 - 1480 101
4114 + 1480
4114 + 1480
4115 # 1504
4115 - 1480 102
4115 + 1480
4115 + 1480
4116 + 1480
4116 + 1480
4118 + 1480
4118 + 1480
4119 + 1480
4119 d 1 1480
4119 + 1480
4119 d 1 1480
4120 + 1480
4120 d 1 1480
4120 + 1480
4120 d 1 1480
4121 + 1480
4121 d 1 1480
4121 + 1480
4121 d 1 1480
4122 + 1480
4122 d 1 1480
4122 + 1480
4122 d 1 1480
4123 + 1480
4123 d 1 1480
4123 + 1480
4123 d 1 1480
4124 # 1504
4124 - 1480 109
4125 # 1504
4125 - 1480 110
4125 # 1504
4125 - 1480 105
4125 # 1504
4125 - 1480 105
4125 # 1504
4125 - 1480 102
4125 # 1504
4125 - 1480 102
4125 + 1480
4125 + 1480
4126 + 1480
4126 + 1480
4127 + 1480
4127 + 1480
4128 + 1480
4128 + 1480
4129 + 1480
4129 + 1480
4129 d 1 1480
4130 # 1504
4130 - 1480 106
4130 + 1480
4130 + 1480
4131 # 1504
4131 - 1480 107
4132 + 1480
4132 + 1480
4132 d 1 1480
4133 + 1480
4133 d 1 1480
4133 + 1480
4133 d 1 1480
4134 # 1504
4134 - 1480 107
4134 + 1480
4134 + 1480
4135 # 1504
4135 - 1480 107
4135 # 1504
4135 - 1480 105
4135 # 1504
4135 - 1480 105
4135 # 1504
4135 - 1480 103
4135 + 1480
4135 + 1480
4136 + 1480
4136 + 1480
4137 + 1480
4137 d 1 1480
4137 + 1480
4137 d 1 1480
4138 + 1480
4138 d 1 1480
4138 + 1480
4138 d 1 1480
4140 # 1504
4140 - 1480 108
4140 - 1480 107
4140 # 1504
4140 - 1480 95
4140 # 1504
4140 - 1480 94
4140 # 1504
4140 - 1480 94
4140 + 1480
4140 + 1480
4141 # 1504
4141 - 1480 94
4141 # 1504
4141 - 1480 94
4141 # 1504
4141 - 1480 93
4141 + 1480
4141 + 1480
4142 # 1504
4142 - 1480 94
4142 + 1480
4142 + 1480
4143 # 1504
4143 - 1480 94
4143 + 1480
4143 + 1480
4144 + 1480
4144 + 1480
4145 + 1480
4145 + 1480
4147 + 1480
4147 d 1 1480
4147 + 1480
4147 d 1 1480
4148 + 1480
4148 d 1 1480
4148 + 1480
4148 d 1 1480
4149 + 1480
4149 d 1 1480
4149 + 1480
4149 d 1 1480
4150 + 1480
4150 d 1 1480
4150 + 1480
4150 d 1 1480
4151 + 1480
4151 d 1 1480
4152 # 1504
4152 - 1480 102
4152 # 1504
4152 - 1480 102
4152 # 1504
4152 - 1480 99
4152 # 1504
4152 - 1480 98
4152 # 1504
4152 - 1480 98
4152 # 1504
4152 - 1480 97
4152 + 1480
4152 + 1480
4152 + 1480
4153 # 1504
4153 - 1480 97
4154 # 1504
4154 - 1480 98
4154 + 1480
4154 + 1480
4155 + 1480
4155 + 1480
4156 # 1504
4156 - 1480 99
4156 # 1504
4156 - 1480 86
4156 + 1480
4156 + 1480
4157 # 1504
4157 - 1480 86
4157 + 1480
4157 + 1480
4158 + 1480
4158 + 1480
4159 + 1480
4159 + 1480
4160 # 1504
4160 - 1480 89
4160 + 1480
4160 + 1480
4161 # 1504
4161 - 1480 89
4162 # 1504
4162 - 1480 88
4162 + 1480
4162 + 1480
4163 + 1480
4163 d 1 1480
4163 + 1480
4163 d 1 1480
4164 # 1504
4164 - 1480 90
4164 + 1480
4164 + 1480
4165 # 1504
4165 - 1480 90
4165 + 1480
4165 + 1480
4165 d 1 1480
4166 # 1504
4166 - 1480 90
4166 + 1480
4166 + 1480
4166 d 1 1480
4167 # 1504
4167 - 1480 91
4167 + 1480
4167 + 1480
4167 d 1 1480
4169 # 1504
4169 - 1480 92
4169 + 1480
4169 + 1480
4170 # 1504
4170 - 1480 91
4170 + 1480
4170 + 1480
4170 d 1 1480
4171 # 1504
4171 - 1480 90
4171 + 1480
4171 + 1480
4171 d 1 1480
4172 # 1504
4172 - 1480 90
4172 + 1480
4172 + 1480
4173 # 1504
4173 - 1480 89
4173 + 1480
4173 + 1480
4173 d 1 1480
4174 + 1480
4174 d 1 1480
4174 + 1480
4174 d 1 1480
4175 # 1504
4175 - 1480 90
4176 # 1504
4176 - 1480 90
4176 + 1480
4176 + 1480
4177 # 1504
4177 - 1480 90
4177 + 1480
4177 + 1480
4178 # 1504
4178 - 1480 89
4178 + 1480
4178 + 1480
4178 d 1 1480
4179 # 1504
4179 - 1480 89
4179 + 1480
4179 + 1480
4179 d 1 1480
4180 + 1480
4180 d 1 1480
4180 + 1480
4180 d 1 1480
4181 + 1480
4181 d 1 1480
4181 + 1480
4181 d 1 1480
4182 # 1504
4182 - 1480 92
4182 + 1480
4182 + 1480
4183 # 1504
4183 - 1480 92
4184 + 1480
4184 + 1480
4184 d 1 1480
4185 + 1480
4185 d 1 1480
4185 + 1480
4185 d 1 1480
4186 + 1480
4186 d 1 1480
4186 + 1480
4186 d 1 1480
4187 + 1480
4187 d 1 1480
4187 + 1480
4187 d 1 1480
4188 # 1504
4188 - 1480 88
4188 # 1504
4188 - 1480 87
4188 # 1504
4188 - 1480 85
4188 # 1504
4188 - 1480 84
4188 + 1480
4188 + 1480
4189 # 1504
4189 - 1480 85
4189 + 1480
4189 + 1480
4191 + 1480
4191 + 1480
4192 # 1504
4192 - 1480 87
4192 + 1480
4192 + 1480
4193 # 1504
4193 - 1480 88
4193 + 1480
4193 + 1480
4194 # 1504
4194 - 1480 88
4194 + 1480
4194 + 1480
4194 d 1 1480
4195 # 1504
4195 - 1480 88
4195 + 1480
4195 + 1480
4195 d 1 1480
4196 + 1480
4196 d 1 1480
4196 + 1480
4196 d 1 1480
4198 + 1480
4198 d 1 1480
4198 + 1480
4198 d 1 1480
4199 + 1480
4199 d 1 1480
4199 + 1480
4199 d 1 1480
4200 + 1480
4200 d 1 1480
4200 + 1480
4200 d 1 1480
4201 + 1480
4201 d 1 1480
4201 + 1480
4201 d 1 1480
4202 + 1480
4202 d 1 1480
4202 + 1480
4202 d 1 1480
4203 + 1480
4203 d 1 1480
4203 + 1480
4203 d 1 1480
4204 # 1504
4204 - 1480 97
4204 # 1504
4204 - 1480 96
4204 + 1480
4205 + 1480
4206 + 1480
4206 + 1480
4207 + 1480
4207 + 1480
4207 d 1 1480
4208 + 1480
4208 d 1 1480
4208 + 1480
4208 d 1 1480
4209 + 1480
4209 d 1 1480
4209 + 1480
4209 d 1 1480
4210 + 1480
4210 d 1 1480
4210 + 1480
4210 d 1 1480
4211 + 1480
4211 d 1 1480
4211 + 1480
4211 d 1 1480
4211 + 52
4211 d 1 52
4213 + 1480
4213 d 1 1480
4213 + 1480
4213 d 1 1480
4214 + 1480
4214 d 1 1480
4214 + 1480
4214 d 1 1480
4215 # 1504
4215 - 1480 104
4215 # 1504
4215 - 1480 104
4215 # 1504
4215 - 1480 102
4215 # 1504
4215 - 1480 102
4215 # 1504
4215 - 1480 101
4215 # 1504
4215 - 1480 101
4215 # 1504
4215 - 1480 100
4215 # 1504
4215 - 1480 100
4215 # 1504
4215 - 1480 99
4215 # 1504
4215 - 1480 99
4215 + 1480
4215 + 1480
4216 + 1480
4216 + 1480
4217 # 1504
4217 - 1480 99
4217 + 1480
4217 + 1480
4218 # 1504
4218 - 1480 100
4218 # 1504
4218 - 1480 93
4218 - 1480 92
4218 + 1480
4218 + 1480
4220 + 1480
4220 + 1480
4221 # 1504
4221 - 1480 95
4221 + 1480
4221 + 1480
4222 # 1504
4222 - 1480 95
4222 + 1480
4222 + 1480
4223 + 1480
4223 + 1480
4224 # 1504
4224 - 1480 96
4224 + 1480
4224 + 1480
4225 # 1504
4225 - 1480 97
4225 + 1480
4225 + 1480
4226 # 1504
4226 - 1480 96
4227 + 1480
4227 + 1480
4228 # 1504
4228 - 1480 98
4228 + 1480
4228 + 1480
4229 # 1504
4229 - 1480 97
4229 + 1480
4229 + 1480
4230 + 1480
4230 + 1480
4230 d 1 1480
4231 # 1504
4231 - 1480 97
4231 + 1480
4231 + 1480
4231 d 1 1480
4232 # 1504
4232 - 1480 97
4232 + 1480
4232 + 1480
4233 # 1504
4233 - 1480 98
4233 + 1480
4233 + 1480
4233 d 1 1480
4235 # 1504
4235 - 1480 99
4235 + 1480
4235 + 1480
4235 d 1 1480
4236 # 1504
4236 - 1480 96
4236 + 1480
4236 + 1480
4237 # 1504
4237 - 1480 97
4237 + 1480
4237 + 1480
4237 d 1 1480
4238 # 1504
4238 - 1480 97
4238 + 1480
4238 + 1480
4238 d 1 1480
4239 # 1504
4239 - 1480 97
4239 + 1480
4239 + 1480
4239 d 1 1480
4240 + 1480
4240 d 1 1480
4240 + 1480
4240 d 1 1480
4241 # 1504
4241 - 1480 99
4241 # 1504
4241 - 1480 98
4242 + 1480
4242 + 1480
4243 # 1504
4243 - 1480 99
4243 + 1480
4243 + 1480
4244 # 1504
4244 - 1480 100
4244 + 1480
4244 + 1480
4245 + 1480
4245 d 1 1480
4245 + 1480
4245 d 1 1480
4246 # 1504
4246 - 1480 101
4246 # 1504
4246 - 1480 94
4246 + 1480
4246 + 1480
4247 # 1504
4247 - 1480 95
4247 + 1480
4247 + 1480
4247 d 1 1480
4248 # 1504
4248 - 1480 96
4249 + 1480
4249 + 1480
4250 + 1480
4250 d 1 1480
4250 + 1480
4250 d 1 1480
4251 + 1480
4251 d 1 1480
4251 + 1480
4251 d 1 1480
4252 + 1480
4252 d 1 1480
4252 + 1480
4252 d 1 1480
4253 + 1480
4253 d 1 1480
4253 + 1480
4253 d 1 1480
4254 + 1480
4254 d 1 1480
4254 + 1480
4254 d 1 1480
4255 + 1480
4255 d 1 1480
4255 + 1480
4255 d 1 1480
4257 # 1504
4257 - 1480 103
4257 # 1504
4257 - 1480 102
4257 # 1504
4257 - 1480 101
4257 # 1504
4257 - 1480 100
4257 # 1504
4257 - 1480 100
4257 + 1480
4257 + 1480
4258 # 1504
4258 - 1480 100
4258 # 1504
4258 - 1480 100
4258 + 1480
4258 + 1480
4259 + 1480
4259 + 1480
4260 + 1480
4260 + 1480
4261 + 1480
4261 + 1480
4261 d 1 1480
4262 + 1480
4262 d 1 1480
4262 + 1480
4262 d 1 1480
4264 + 1480
4264 d 1 1480
4264 + 1480
4264 d 1 1480
4265 + 1480
4265 d 1 1480
4265 + 1480
4265 d 1 1480
4266 + 1480
4266 d 1 1480
4266 + 1480
4266 d 1 1480
4267 + 1480
4267 d 1 1480
4267 + 1480
4267 d 1 1480
4268 + 1480
4268 d 1 1480
4268 + 1480
4268 d 1 1480
4269 + 1480
4269 d 1 1480
4269 + 1480
4269 d 1 1480
4271 + 1480
4271 d 1 1480
4271 + 1480
4271 d 1 1480
4272 # 1504
4272 - 1480 113
4272 # 1504
4272 - 1480 113
4272 + 1480
4272 + 1480
4273 + 1480
4273 + 1480
4274 + 1480
4274 + 1480
4275 + 1480
4275 d 1 1480
4275 + 1480
4275 d 1 1480
4276 + 1480
4276 d 1 1480
4276 + 1480
4276 d 1 1480
4277 + 1480
4277 d 1 1480
4277 + 1480
4277 d 1 1480
4279 + 1480
4279 d 1 1480
4279 + 1480
4279 d 1 1480
4280 + 1480
4280 d 1 1480
4280 + 1480
4280 d 1 1480
4281 + 1480
4281 d 1 1480
4281 + 1480
4281 d 1 1480
4282 # 1504
4282 - 1480 118
4282 # 1504
4282 - 1480 118
4282 # 1504
4282 - 1480 115
4282 # 1504
4282 - 1480 113
4282 # 1504
4282 - 1480 113
4282 # 1504
4282 - 1480 112
4282 + 1480
4282 + 1480
4283 # 1504
4283 - 1480 112
4283 # 1504
4283 - 1480 111
4283 # 1504
4283 - 1480 111
4283 # 1504
4283 - 1480 110
4283 # 1504
4283 - 1480 107
4283 # 1504
4283 - 1480 107
4283 # 1504
4283 - 1480 106
4283 # 1504
4283 - 1480 106
4283 # 1504
4283 - 1480 105
4283 + 1480
4283 + 1480
4284 + 1480
4284 + 1480
4286 + 1480
4286 + 1480
4287 + 1480
4287 + 1480
4288 + 1480
4288 + 1480
4289 # 1504
4289 - 1480 110
4289 # 1504
4289 - 1480 107
4289 # 1504
4289 - 1480 101
4289 + 1480
4289 + 1480
4290 # 1504
4290 - 1480 102
4290 # 1504
4290 - 1480 101
4290 + 1480
4290 + 1480
4291 + 1480
4291 + 1480
4292 # 1504
4292 - 1480 103
4293 # 1504
4293 - 1480 102
4293 + 1480
4293 + 1480
4294 # 1504
4294 - 1480 102
4294 + 1480
4294 + 1480
4295 + 1480
4295 + 1480
4296 # 1504
4296 - 1480 104
4296 + 1480
4296 + 1480
4297 # 1504
4297 - 1480 104
4297 + 1480
4297 + 1480
4298 + 1480
4298 + 1480
4299 # 1504
4299 - 1480 105
4299 + 1480
4300 # 1504
4300 - 1480 105
4300 + 1480
4301 + 1480
4301 + 1480
4302 + 1480
4302 d 1 1480
4302 + 1480
4302 d 1 1480
4303 # 1504
4303 - 1480 99
4303 + 1480
4303 + 1480
4303 d 1 1480
4304 + 1480
4304 d 1 1480
4304 + 1480
4304 d 1 1480
4305 # 1504
4305 - 1480 99
4305 + 1480
4305 + 1480
4306 + 1480
4306 d 1 1480
4306 + 1480
4306 d 1 1480
4307 # 1504
4307 - 1480 101
4307 - 1480 92
4308 + 1480
4308 + 1480
4309 + 1480
4309 d 1 1480
4309 + 1480
4309 d 1 1480
4310 + 1480
4310 d 1 1480
4310 + 1480
4310 d 1 1480
4311 + 1480
4311 d 1 1480
4311 + 1480
4311 d 1 1480
4312 + 1480
4312 d 1 1480
4312 + 1480
4312 d 1 1480
4313 + 1480
4313 d 1 1480
4313 + 1480
4313 d 1 1480
4315 + 1480
4315 d 1 1480
4315 + 1480
4315 d 1 1480
4316 + 1480
4316 d 1 1480
4316 + 1480
4316 d 1 1480
4317 + 1480
4317 d 1 1480
4317 + 1480
4317 d 1 1480
4318 + 1480
4318 d 1 1480
4318 + 1480
4318 d 1 1480
4319 # 1504
4319 - 1480 104
4319 # 1504
4319 - 1480 103
4319 # 1504
4319 - 1480 101
4319 + 1480
4319 + 1480
4320 # 1504
4320 - 1480 102
4320 # 1504
4320 - 1480 100
4320 + 1480
4320 + 1480
4321 + 1480
4321 + 1480
4322 # 1504
4322 - 1480 101
4323 # 1504
4323 - 1480 102
4323 + 1480
4323 + 1480
4324 + 1480
4324 + 1480
4325 # 1504
4325 - 1480 103
4325 + 1480
4325 + 1480
4326 # 1504
4326 - 1480 104
4326 + 1480
4326 + 1480
4327 + 1480
4327 d 1 1480
4327 + 1480
4327 d 1 1480
4328 # 1504
4328 - 1480 105
4328 + 1480
4328 + 1480
4330 + 1480
4330 d 1 1480
4330 + 1480
4330 d 1 1480
4331 # 1504
4331 - 1480 107
4331 + 1480
4331 + 1480
4331 d 1 1480
4332 + 1480
4332 d 1 1480
4332 + 1480
4332 d 1 1480
4333 # 1504
4333 - 1480 108
4333 + 1480
4333 + 1480
4334 # 1504
4334 - 1480 109
4334 + 1480
4334 + 1480
4334 d 1 1480
4335 # 1504
4335 - 1480 108
4335 + 1480
4335 + 1480
4335 d 1 1480
4337 + 1480
4337 d 1 1480
4337 + 1480
4337 d 1 1480
4338 + 1480
4338 d 1 1480
4338 + 1480
4338 d 1 1480
4339 # 1504
4339 - 1480 111
4339 + 1480
4339 + 1480
4340 # 1504
4340 - 1480 112
4340 + 1480
4340 + 1480
4341 + 1480
4341 d 1 1480
4341 + 1480
4341 d 1 1480
4342 + 1480
4342 d 1 1480
4342 + 1480
4342 d 1 1480
4343 # 1504
4343 - 1480 114
4344 # 1504
4344 - 1480 113
4344 + 1480
4344 + 1480
4345 + 1480
4345 + 1480
4345 d 1 1480
4346 # 1504
4346 - 1480 114
4346 + 1480
4346 + 1480
4346 d 1 1480
4347 # 1504
4347 - 1480 114
4347 + 1480
4347 + 1480
4347 d 1 1480
4348 + 1480
4348 d 1 1480
4348 + 1480
4348 d 1 1480
4349 # 1504
4349 - 1480 114
4349 + 1480
4349 + 1480
4351 # 1504
4351 - 1480 115
4351 + 1480
4351 + 1480
4351 d 1 1480
4352 # 1504
4352 - 1480 115
4352 + 1480
4352 + 1480
4353 + 1480
4353 d 1 1480
4353 + 1480
4353 d 1 1480
4354 # 1504
4354 - 1480 116
4354 + 1480
4354 + 1480
4354 d 1 1480
4355 # 1504
4355 - 1480 113
4355 + 1480
4355 + 1480
4355 d 1 1480
4356 # 1504
4356 - 1480 114
4356 + 1480
4356 + 1480
4357 + 1480
4357 d 1 1480
4357 + 1480
4357 d 1 1480
4358 # 1504
4358 - 1480 115
4359 # 1504
4359 - 1480 115
4359 + 1480
4359 + 1480
4360 + 1480
4360 d 1 1480
4360 + 1480
4360 d 1 1480
4361 # 1504
4361 - 1480 117
4361 + 1480
4361 + 1480
4362 # 1504
4362 - 1480 116
4362 + 1480
4362 + 1480
4362 d 1 1480
4363 + 1480
4363 d 1 1480
4363 + 1480
4363 d 1 1480
4364 # 1504
4364 - 1480 117
4364 # 1504
4364 - 1480 115
4364 + 1480
4364 + 1480
4366 # 1504
4366 - 1480 109
4366 + 1480
4366 + 1480
4367 + 1480
4367 d 1 1480
4367 + 1480
4367 d 1 1480
4368 # 1504
4368 - 1480 111
4368 + 1480
4368 + 1480
4369 + 1480
4369 d 1 1480
4369 + 1480
4369 d 1 1480
4370 # 1504
4370 - 1480 112
4370 + 1480
4370 + 1480
4370 d 1 1480
4371 + 1480
4371 d 1 1480
4371 + 1480
4371 d 1 1480
4372 # 1504
4372 - 1480 113
4372 + 1480
4372 + 1480
4373 # 1504
4373 - 1480 114
4374 + 1480
4374 + 1480
4374 d 1 1480
4375 # 1504
4375 - 1480 115
4375 + 1480
4375 + 1480
4375 d 1 1480
4376 # 1504
4376 - 1480 115
4376 # 1504
4376 - 1480 104
4376 + 1480
4376 + 1480
4377 + 1480
4377 + 1480
4377 d 1 1480
4378 + 1480
4378 d 1 1480
4378 + 1480
4378 d 1 1480
4379 # 1504
4379 - 1480 106
4379 + 1480
4379 + 1480
4379 d 1 1480
4380 # 1504
4380 - 1480 107
4381 # 1504
4381 - 1480 107
4381 + 1480
4381 + 1480
4382 + 1480
4382 + 1480
4382 d 1 1480
4383 # 1504
4383 - 1480 101
4383 + 1480
4383 + 1480
4383 d 1 1480
4384 + 1480
4384 d 1 1480
4384 + 1480
4384 d 1 1480
4385 + 1480
4385 d 1 1480
4385 + 1480
4385 d 1 1480
4386 + 1480
4386 d 1 1480
4386 + 1480
4386 d 1 1480
4388 + 1480
4388 d 1 1480
4388 + 1480
4388 d 1 1480
4389 # 1504
4389 - 1480 107
4389 # 1504
4389 - 1480 106
4389 # 1504
4389 - 1480 105
4389 # 1504
4389 - 1480 103
4389 # 1504
4389 - 1480 103
4389 + 1480
4389 + 1480
4390 # 1504
4390 - 1480 103
4390 + 1480
4390 + 1480
4391 + 1480
4391 + 1480
4392 # 1504
4392 - 1480 105
4392 + 1480
4392 + 1480
4393 # 1504
4393 - 1480 105
4393 + 1480
4393 + 1480
4394 # 1504
4394 - 1480 105
4394 + 1480
4394 + 1480
4396 # 1504
4396 - 1480 107
4396 + 1480
4396 + 1480
4397 # 1504
4397 - 1480 107
4397 + 1480
4397 + 1480
4397 d 1 1480
4398 # 1504
4398 - 1480 107
4398 + 1480
4398 + 1480
4398 d 1 1480
4399 + 1480
4399 d 1 1480
4399 + 1480
4399 d 1 1480
4400 # 1504
4400 - 1480 109
4400 + 1480
4400 + 1480
4401 # 1504
4401 - 1480 108
4401 + 1480
4401 + 1480
4401 d 1 1480
4402 # 1504
4402 - 1480 108
4403 # 1504
4403 - 1480 109
4403 + 1480
4403 + 1480
4404 + 1480
4404 d 1 1480
4404 + 1480
4404 d 1 1480
4405 + 1480
4405 d 1 1480
4405 + 1480
4405 d 1 1480
4406 + 1480
4406 d 1 1480
4406 + 1480
4406 d 1 1480
4407 + 1480
4407 d 1 1480
4407 + 1480
4407 d 1 1480
4408 + 1480
4408 d 1 1480
4408 + 1480
4408 d 1 1480
4410 + 1480
4410 d 1 1480
4410 + 1480
4410 d 1 1480
4411 + 1480
4411 d 1 1480
4411 + 1480
4411 d 1 1480
4412 # 1504
4412 - 1480 117
4412 - 1480 117
4412 # 1504
4412 - 1480 115
4412 # 1504
4412 - 1480 114
4412 # 1504
4412 - 1480 114
4412 # 1504
4412 - 1480 113
4412 # 1504
4412 - 1480 112
4412 + 1480
4412 + 1480
4413 + 1480
4413 + 1480
4414 + 1480
4414 + 1480
4415 + 1480
4415 + 1480
4416 + 1480
4416 + 1480
4418 + 1480
4418 d 1 1480
4418 + 1480
4418 d 1 1480
4419 # 1504
4419 - 1480 118
4419 # 1504
4419 - 1480 118
4419 # 1504
4419 - 1480 114
4419 # 1504
4419 - 1480 114
4419 # 1504
4419 - 1480 111
4419 # 1504
4419 - 1480 111
4419 # 1504
4419 - 1480 100
4419 # 1504
4419 - 1480 100
4419 + 1480
4419 + 1480
4420 + 1480
4420 + 1480
4421 + 1480
4421 + 1480
4422 + 1480
4422 + 1480
4423 + 1480
4423 + 1480
4423 d 1 1480
4425 + 1480
4425 d 1 1480
4425 + 1480
4425 d 1 1480
4426 + 1480
4426 d 1 1480
4426 + 1480
4426 d 1 1480
4427 + 1480
4427 d 1 1480
4427 + 1480
4427 d 1 1480
4428 # 1504
4428 - 1480 108
4428 # 1504
4428 - 1480 108
4428 # 1504
4428 - 1480 105
4428 + 1480
4428 + 1480
4429 + 1480
4429 + 1480
4430 + 1480
4430 + 1480
4431 # 1504
4431 - 1480 107
4431 # 1504
4431 - 1480 107
4431 # 1504
4431 - 1480 106
4431 # 1504
4431 - 1480 106
4432 + 1480
4432 + 1480
4433 + 1480
4433 + 1480
4434 # 1504
4434 - 1480 108
4434 + 1480
4434 + 1480
4435 # 1504
4435 - 1480 109
4435 # 1504
4435 - 1480 107
4435 # 1504
4435 - 1480 104
4435 + 1480
4435 + 1480
4436 + 1480
4436 + 1480
4436 d 1 1480
4437 + 1480
4437 d 1 1480
4437 + 1480
4437 d 1 1480
4438 + 1480
4438 d 1 1480
4439 + 1480
4439 d 1 1480
4440 + 1480
4440 d 1 1480
4440 + 1480
4440 d 1 1480
4441 + 1480
4441 d 1 1480
4441 + 1480
4441 d 1 1480
4442 + 1480
4442 d 1 1480
4442 + 1480
4442 d 1 1480
4443 + 1480
4443 d 1 1480
4443 + 1480
4443 d 1 1480
4444 + 1480
4444 d 1 1480
4444 + 1480
4444 d 1 1480
4445 # 1504
4445 - 1480 112
4445 # 1504
4445 - 1480 112
4445 + 1480
4445 + 1480
4447 # 1504
4447 - 1480 108
4447 # 1504
4447 - 1480 107
4447 + 1480
4447 + 1480
4448 + 1480
4448 + 1480
4449 + 1480
4449 + 1480
4449 d 1 1480
4450 + 1480
4450 d 1 1480
4450 + 1480
4450 d 1 1480
4451 # 1504
4451 - 1480 111
4451 # 1504
4451 - 1480 107
4451 # 1504
4451 - 1480 106
4451 # 1504
4451 - 1480 105
4451 + 1480
4451 + 1480
4452 + 1480
4452 + 1480
4453 # 1504
4453 - 1480 106
4454 + 1480
4454 + 1480
4455 + 1480
4455 + 1480
4455 d 1 1480
4456 + 1480
4456 d 1 1480
4456 + 1480
4456 d 1 1480
4457 + 1480
4457 d 1 1480
4457 + 1480
4457 d 1 1480
4458 + 1480
4458 d 1 1480
4458 + 1480
4458 d 1 1480
4459 + 1480
4459 d 1 1480
4459 + 1480
4459 d 1 1480
4460 + 1480
4460 d 1 1480
4461 + 1480
4461 d 1 1480
4462 # 1504
4462 - 1480 113
4462 + 1480
4462 + 1480
4463 # 1504
4463 - 1480 112
4463 # 1504
4463 - 1480 109
4463 # 1504
4463 - 1480 108
4463 # 1504
4463 - 1480 107
4463 # 1504
4463 - 1480 107
4463 + 1480
4463 + 1480
4464 + 1480
4464 + 1480
4465 # 1504
4465 - 1480 106
4465 + 1480
4465 + 1480
4466 # 1504
4466 - 1480 107
4466 + 1480
4466 + 1480
4467 # 1504
4467 - 1480 106
4467 + 1480
4467 + 1480
4469 # 1504
4469 - 1480 107
4469 + 1480
4469 + 1480
4470 # 1504
4470 - 1480 106
4470 + 1480
4470 + 1480
4470 d 1 1480
4471 # 1504
4471 - 1480 105
4471 + 1480
4471 + 1480
4471 d 1 1480
4472 # 1504
4472 - 1480 106
4472 + 1480
4472 + 1480
4473 + 1480
4473 d 1 1480
4473 + 1480
4473 d 1 1480
4474 # 1504
4474 - 1480 106
4474 + 1480
4474 + 1480
4474 d 1 1480
4475 # 1504
4475 - 1480 105
4476 # 1504
4476 - 1480 104
4476 + 1480
4476 + 1480
4477 # 1504
4477 - 1480 105
4477 + 1480
4477 + 1480
4478 + 1480
4478 d 1 1480
4478 + 1480
4478 d 1 1480
4479 + 1480
4479 d 1 1480
4479 + 1480
4479 d 1 1480
4480 + 1480
4480 d 1 1480
4480 + 1480
4480 d 1 1480
4481 # 1504
4481 - 1480 106
4481 + 1480
4481 + 1480
4482 # 1504
4482 - 1480 106
4483 # 1504
4483 - 1480 106
4483 + 1480
4483 + 1480
4484 # 1504
4484 - 1480 105
4484 + 1480
4484 + 1480
4485 + 1480
4485 d 1 1480
4485 + 1480
4485 d 1 1480
4486 + 1480
4486 d 1 1480
4486 + 1480
4486 d 1 1480
4487 + 1480
4487 d 1 1480
4487 + 1480
4487 d 1 1480
4488 + 1480
4488 d 1 1480
4488 + 1480
4488 d 1 1480
4489 + 1480
4489 d 1 1480
4489 + 1480
4489 d 1 1480
4490 # 1504
4490 - 1480 109
4490 # 1504
4490 - 1480 108
4490 # 1504
4490 - 1480 101
4490 # 1504
4490 - 1480 101
4491 # 1504
4491 - 1480 101
4491 + 1480
4491 + 1480
4492 # 1504
4492 - 1480 102
4492 + 1480
4492 + 1480
4493 # 1504
4493 - 1480 102
4493 + 1480
4493 + 1480
4494 # 1504
4494 - 1480 102
4494 - 1480 102
4494 + 1480
4494 + 1480
4495 # 1504
4495 - 1480 102
4495 + 1480
4495 + 1480
4496 # 1504
4496 - 1480 103
4496 + 1480
4496 + 1480
4498 # 1504
4498 - 1480 104
4498 + 1480
4498 + 1480
4499 # 1504
4499 - 1480 103
4499 + 1480
4499 + 1480
4500 # 1504
4500 - 1480 104
4500 + 1480
4500 + 1480
4501 # 1504
4501 - 1480 104
4501 + 1480
4501 + 1480
4501 d 1 1480
4502 + 1480
4502 d 1 1480
4502 + 1480
4502 d 1 1480
4503 # 1504
4503 - 1480 103
4503 + 1480
4503 + 1480
4503 d 1 1480
4505 # 1504
4505 - 1480 105
4505 + 1480
4505 + 1480
4506 # 1504
4506 - 1480 105
4506 # 1504
4506 - 1480 103
4506 + 1480
4506 + 1480
4507 # 1504
4507 - 1480 95
4507 + 1480
4507 + 1480
4507 d 1 1480
4508 + 1480
4508 d 1 1480
4508 + 1480
4508 d 1 1480
4509 # 1504
4509 - 1480 97
4509 + 1480
4509 + 1480
4510 + 1480
4510 d 1 1480
4510 + 1480
4510 d 1 1480
4511 # 1504
4511 - 1480 98
4511 + 1480
4511 + 1480
4511 d 1 1480
4512 # 1504
4512 - 1480 98
4513 # 1504
4513 - 1480 99
4513 + 1480
4513 + 1480
4514 # 1504
4514 - 1480 99
4514 + 1480
4514 + 1480
4515 + 1480
4515 d 1 1480
4515 + 1480
4515 d 1 1480
4516 + 1480
4516 d 1 1480
4516 + 1480
4516 d 1 1480
4517 # 1504
4517 - 1480 101
4517 + 1480
4518 + 1480
4518 + 1480
4518 d 1 1480
4518 + 1480
4518 d 1 1480
4519 # 1504
4519 - 1480 103
4520 # 1504
4520 - 1480 101
4520 + 1480
4520 + 1480
4521 + 1480
4521 + 1480
4521 d 1 1480
4522 # 1504
4522 - 1480 102
4522 + 1480
4522 + 1480
4522 d 1 1480
4523 # 1504
4523 - 1480 102
4523 + 1480
4523 + 1480
4523 d 1 1480
4524 # 1504
4524 - 1480 103
4524 + 1480
4524 + 1480
4525 # 1504
4525 - 1480 103
4525 + 1480
4525 + 1480
4525 d 1 1480
4527 # 1504
4527 - 1480 104
4527 + 1480
4527 + 1480
4527 d 1 1480
4528 # 1504
4528 - 1480 100
4528 + 1480
4528 + 1480
4529 # 1504
4529 - 1480 101
4529 + 1480
4529 + 1480
4529 d 1 1480
4530 # 1504
4530 - 1480 101
4530 + 1480
4530 + 1480
4530 d 1 1480
4531 # 1504
4531 - 1480 101
4531 + 1480
4531 + 1480
4531 d 1 1480
4532 # 1504
4532 - 1480 102
4532 + 1480
4532 + 1480
4533 # 1504
4533 - 1480 101
4533 + 1480
4533 + 1480
4533 d 1 1480
4534 # 1504
4534 - 1480 101
4535 # 1504
4535 - 1480 102
4535 + 1480
4535 + 1480
4536 # 1504
4536 - 1480 102
4536 + 1480
4536 + 1480
4537 # 1504
4537 - 1480 103
4537 + 1480
4537 + 1480
4537 d 1 1480
4538 # 1504
4538 - 1480 103
4538 # 1504
4538 - 1480 102
4538 + 1480
4538 + 1480
4539 + 1480
4539 d 1 1480
4539 + 1480
4539 d 1 1480
4540 # 1504
4540 - 1480 95
4540 + 1480
4540 + 1480
4541 # 1504
4541 - 1480 96
4541 # 1504
4541 - 1480 94
4542 + 1480
4542 + 1480
4543 # 1504
4543 - 1480 95
4543 + 1480
4543 + 1480
4543 d 1 1480
4544 # 1504
4544 - 1480 96
4544 + 1480
4544 + 1480
4545 # 1504
4545 - 1480 96
4545 + 1480
4545 + 1480
4545 d 1 1480
4546 + 1480
4546 d 1 1480
4546 + 1480
4546 d 1 1480
4547 # 1504
4547 - 1480 96
4547 + 1480
4547 + 1480
4547 d 1 1480
4548 # 1504
4548 - 1480 96
4549 + 1480
4549 + 1480
4550 # 1504
4550 - 1480 98
4550 + 1480
4550 + 1480
4550 d 1 1480
4551 + 1480
4551 d 1 1480
4551 + 1480
4551 d 1 1480
4552 # 1504
4552 - 1480 98
4552 + 1480
4552 + 1480
4553 + 1480
4553 d 1 1480
4553 + 1480
4553 d 1 1480
4554 + 1480
4554 d 1 1480
4554 + 1480
4554 d 1 1480
4555 + 1480
4555 d 1 1480
4555 + 1480
4555 d 1 1480
4557 + 1480
4557 d 1 1480
4557 + 1480
4557 d 1 1480
4558 + 1480
4558 d 1 1480
4558 + 1480
4558 d 1 1480
4559 + 1480
4559 d 1 1480
4559 + 1480
4559 d 1 1480
4560 + 1480
4560 d 1 1480
4560 + 1480
4560 d 1 1480
4561 + 1480
4561 d 1 1480
4561 + 1480
4561 d 1 1480
4562 + 1480
4562 d 1 1480
4562 + 1480
4562 d 1 1480
4564 + 1480
4564 d 1 1480
4564 + 1480
4564 d 1 1480
4565 # 1504
4565 - 1480 110
4565 # 1504
4565 - 1480 103
4565 + 1480
4565 + 1480
4566 + 1480
4566 + 1480
4567 + 1480
4567 + 1480
4567 d 1 1480
4568 + 1480
4568 d 1 1480
4568 + 1480
4568 d 1 1480
4569 + 1480
4569 d 1 1480
4569 + 1480
4569 d 1 1480
4570 # 1504
4570 - 1480 106
4570 # 1504
4570 - 1480 105
4570 # 1504
4570 - 1480 104
4570 # 1504
4570 - 1480 104
4571 + 1480
4571 + 1480
4572 # 1504
4572 - 1480 105
4572 + 1480
4572 + 1480
4573 # 1504
4573 - 1480 106
4573 + 1480
4573 + 1480
4574 + 1480
4574 + 1480
4575 # 1504
4575 - 1480 106
4575 + 1480
4575 + 1480
4575 d 1 1480
4576 + 1480
4576 d 1 1480
4576 + 1480
4576 d 1 1480
4577 # 1504
4577 - 1480 107
4577 + 1480
4578 # 1504
4578 - 1480 107
4578 + 1480
4579 + 1480
4579 + 1480
4579 d 1 1480
4580 + 1480
4580 d 1 1480
4580 + 1480
4580 d 1 1480
4581 + 1480
4581 d 1 1480
4581 + 1480
4581 d 1 1480
4582 + 1480
4582 d 1 1480
4582 + 1480
4582 d 1 1480
4583 + 1480
4583 d 1 1480
4584 + 1480
4584 d 1 1480
4584 + 1480
4584 d 1 1480
4584 + 1480
4584 d 1 1480
4586 + 1480
4586 d 1 1480
4586 + 1480
4586 d 1 1480
4587 + 1480
4587 d 1 1480
4587 + 1480
4587 d 1 1480
4588 # 1504
4588 - 1480 116
4588 # 1504
4588 - 1480 114
4588 + 1480
4588 + 1480
4589 + 1480
4589 + 1480
4590 # 1504
4590 - 1480 113
4590 # 1504
4590 - 1480 109
4590 # 1504
4590 - 1480 109
4590 - 1480 107
4590 # 1504
4590 - 1480 107
4590 + 1480
4590 + 1480
4591 + 1480
4591 + 1480
4592 # 1504
4592 - 1480 108
4593 + 1480
4593 + 1480
4594 # 1504
4594 - 1480 110
4594 + 1480
4594 + 1480
4595 + 1480
4595 + 1480
4595 d 1 1480
4596 # 1504
4596 - 1480 105
4596 + 1480
4596 + 1480
4597 + 1480
4597 d 1 1480
4597 + 1480
4597 d 1 1480
4598 # 1504
4598 - 1480 106
4598 + 1480
4598 + 1480
4598 d 1 1480
4600 + 1480
4600 d 1 1480
4600 + 1480
4600 d 1 1480
4600 + 1480
4600 d 1 1480
4600 + 1480
4600 d 1 1480
4601 # 1504
4601 - 1480 108
4602 + 1480
4602 + 1480
4603 # 1504
4603 - 1480 110
4603 + 1480
4603 + 1480
4603 d 1 1480
4604 + 1480
4604 d 1 1480
4604 + 1480
4604 d 1 1480
4605 # 1504
4605 - 1480 111
4605 + 1480
4605 + 1480
4606 # 1504
4606 - 1480 111
4606 + 1480
4606 + 1480
4606 d 1 1480
4608 # 1504
4608 - 1480 112
4608 + 1480
4608 + 1480
4609 + 1480
4609 d 1 1480
4609 + 1480
4609 d 1 1480
4610 # 1504
4610 - 1480 114
4610 + 1480
4610 + 1480
4610 d 1 1480
4611 # 1504
4611 - 1480 113
4611 + 1480
4611 + 1480
4611 d 1 1480
4612 # 1504
4612 - 1480 113
4612 + 1480
4612 + 1480
4613 + 1480
4613 d 1 1480
4613 + 1480
4613 d 1 1480
4614 # 1504
4614 - 1480 115
4614 # 1504
4614 - 1480 114
4615 + 1480
4615 + 1480
4616 + 1480
4616 d 1 1480
4616 + 1480
4616 d 1 1480
4617 # 1504
4617 - 1480 116
4617 # 1504
4617 - 1480 114
4617 + 1480
4617 + 1480
4618 # 1504
4618 - 1480 113
4618 + 1480
4618 + 1480
4619 + 1480
4619 d 1 1480
4619 + 1480
4619 d 1 1480
4620 # 1504
4620 - 1480 114
4620 # 1504
4620 - 1480 114
4620 + 1480
4620 + 1480
4622 # 1504
4622 - 1480 113
4622 + 1480
4622 + 1480
4623 # 1504
4623 - 1480 114
4623 + 1480
4623 + 1480
4623 d 1 1480
4624 + 1480
4624 d 1 1480
4624 + 1480
4624 d 1 1480
4625 # 1504
4625 - 1480 114
4625 # 1504
4625 - 1480 112
4625 + 1480
4625 + 1480
4626 + 1480
4626 + 1480
4626 d 1 1480
4627 # 1504
4627 - 1480 113
4627 + 1480
4627 + 1480
4627 d 1 1480
4628 # 1504
4628 - 1480 114
4628 + 1480
4628 + 1480
4629 # 1504
4629 - 1480 112
4630 + 1480
4630 + 1480
4630 d 1 1480
4631 + 1480
4631 d 1 1480
4631 + 1480
4631 d 1 1480
4632 # 1504
4632 - 1480 112
4632 + 1480
4632 + 1480
4633 + 1480
4633 d 1 1480
4633 + 1480
4633 d 1 1480
4634 # 1504
4634 - 1480 114
4634 + 1480
4634 + 1480
4634 d 1 1480
4635 # 1504
4635 - 1480 113
4635 + 1480
4635 + 1480
4635 d 1 1480
4637 # 1504
4637 - 1480 114
4637 # 1504
4637 - 1480 113
4637 + 1480
4637 + 1480
4638 + 1480
4638 + 1480
4638 d 1 1480
4639 + 1480
4639 d 1 1480
4639 + 1480
4639 d 1 1480
4640 # 1504
4640 - 1480 115
4640 + 1480
4640 + 1480
4641 # 1504
4641 - 1480 114
4641 + 1480
4641 + 1480
4641 d 1 1480
4642 # 1504
4642 - 1480 114
4642 + 1480
4642 + 1480
4642 d 1 1480
4643 # 1504
4643 - 1480 114
4644 + 1480
4644 + 1480
4644 d 1 1480
4645 # 1504
4645 - 1480 115
4645 + 1480
4645 + 1480
4646 + 1480
4646 d 1 1480
4646 + 1480
4646 d 1 1480
4647 + 1480
4647 d 1 1480
4647 + 1480
4647 d 1 1480
4648 # 1504
4648 - 1480 117
4648 # 1504
4648 - 1480 116
4648 + 1480
4648 + 1480
4649 # 1504
4649 - 1480 114
4649 + 1480
4649 + 1480
4650 # 1504
4650 - 1480 115
4650 + 1480
4650 + 1480
4650 d 1 1480
4651 # 1504
4651 - 1480 115
4652 # 1504
4652 - 1480 116
4652 + 1480
4652 + 1480
4653 # 1504
4653 - 1480 116
4653 + 1480
4653 + 1480
4654 + 1480
4654 d 1 1480
4654 + 1480
4654 d 1 1480
4655 + 1480
4655 d 1 1480
4655 + 1480
4655 d 1 1480
4656 # 1504
4656 - 1480 118
4656 + 1480
4656 + 1480
4657 # 1504
4657 - 1480 117
4657 + 1480
4657 + 1480
4657 d 1 1480
4658 # 1504
4658 - 1480 116
4659 # 1504
4659 - 1480 117
4659 + 1480
4659 + 1480
4660 + 1480
4660 d 1 1480
4660 + 1480
4660 d 1 1480
4661 # 1504
4661 - 1480 118
4661 + 1480
4661 + 1480
4662 + 1480
4662 d 1 1480
4662 + 1480
4662 d 1 1480
4663 + 1480
4663 d 1 1480
4663 + 1480
4663 d 1 1480
4664 + 1480
4664 d 1 1480
4664 + 1480
4664 d 1 1480
4666 + 1480
4666 d 1 1480
4666 + 1480
4666 d 1 1480
4667 + 1480
4667 d 1 1480
4667 + 1480
4667 d 1 1480
4667 + 1480
4667 d 1 1480
4668 + 1480
4668 d 1 1480
4669 + 1480
4669 d 1 1480
4669 + 1480
4669 d 1 1480
4670 # 1504
4670 - 1480 126
4670 # 1504
4670 - 1480 125
4670 # 1504
4670 - 1480 121
4670 # 1504
4670 - 1480 120
4670 + 1480
4670 + 1480
4671 # 1504
4671 - 1480 119
4671 + 1480
4671 + 1480
4672 + 1480
4672 + 1480
4674 + 1480
4674 + 1480
4674 d 1 1480
4675 + 1480
4675 d 1 1480
4675 + 1480
4675 d 1 1480
4676 + 1480
4676 d 1 1480
4676 + 1480
4676 d 1 1480
4677 + 1480
4677 d 1 1480
4677 + 1480
4677 d 1 1480
4678 + 1480
4678 d 1 1480
4678 + 1480
4678 d 1 1480
4679 # 1504
4679 - 1480 127
4679 + 1480
4679 + 1480
4681 + 1480
4681 + 1480
4681 d 1 1480
4682 # 1504
4682 - 1480 117
4682 # 1504
4682 - 1480 116
4682 # 1504
4682 - 1480 111
4682 # 1504
4682 - 1480 111
4682 # 1504
4682 - 1480 110
4682 # 1504
4682 - 1480 110
4682 - 1480 109
4682 + 1480
4682 + 1480
4683 # 1504
4683 - 1480 110
4683 + 1480
4683 + 1480
4684 + 1480
4684 + 1480
4685 + 1480
4685 + 1480
4686 + 1480
4686 + 1480
4686 d 1 1480
4688 + 1480
4688 d 1 1480
4688 + 1480
4688 d 1 1480
4689 # 1504
4689 - 1480 115
4689 # 1504
4689 - 1480 115
4689 # 1504
4689 - 1480 111
4689 + 1480
4689 + 1480
4690 # 1504
4690 - 1480 111
4690 + 1480
4690 + 1480
4691 # 1504
4691 - 1480 103
4691 + 1480
4691 + 1480
4692 + 1480
4692 + 1480
4692 d 1 1480
4693 + 1480
4693 d 1 1480
4693 + 1480
4693 d 1 1480
4694 # 1504
4694 - 1480 106
4694 + 1480
4695 # 1504
4695 - 1480 106
4695 + 1480
4696 + 1480
4696 + 1480
4696 d 1 1480
4697 # 1504
4697 - 1480 107
4697 + 1480
4697 + 1480
4698 + 1480
4698 d 1 1480
4698 + 1480
4698 d 1 1480
4699 # 1504
4699 - 1480 109
4699 + 1480
4699 + 1480
4699 d 1 1480
4700 + 1480
4700 d 1 1480
4700 + 1480
4700 d 1 1480
4701 # 1504
4701 - 1480 110
4701 + 1480
4701 + 1480
4703 # 1504
4703 - 1480 110
4703 + 1480
4703 + 1480
4703 d 1 1480
4704 # 1504
4704 - 1480 110
4704 + 1480
4704 + 1480
4705 # 1504
4705 - 1480 111
4705 + 1480
4705 + 1480
4705 d 1 1480
4706 + 1480
4706 d 1 1480
4706 + 1480
4706 d 1 1480
4707 # 1504
4707 - 1480 111
4707 + 1480
4707 + 1480
4707 d 1 1480
4708 # 1504
4708 - 1480 112
4708 + 1480
4708 + 1480
4709 # 1504
4709 - 1480 111
4710 + 1480
4710 + 1480
4710 d 1 1480
4711 # 1504
4711 - 1480 109
4711 + 1480
4711 + 1480
4711 d 1 1480
4712 + 1480
4712 d 1 1480
4712 + 1480
4712 d 1 1480
4713 # 1504
4713 - 1480 110
4713 + 1480
4713 + 1480
4714 + 1480
4714 d 1 1480
4714 + 1480
4714 d 1 1480
4715 # 1504
4715 - 1480 110
4715 # 1504
4715 - 1480 109
4715 + 1480
4715 + 1480
4716 + 1480
4716 d 1 1480
4717 # 1504
4717 - 1480 109
4717 + 1480
4718 + 1480
4718 + 1480
4718 d 1 1480
4719 # 1504
4719 - 1480 111
4719 + 1480
4719 + 1480
4719 d 1 1480
4720 # 1504
4720 - 1480 109
4720 + 1480
4720 + 1480
4721 + 1480
4721 d 1 1480
4721 + 1480
4721 d 1 1480
4722 # 1504
4722 - 1480 110
4722 + 1480
4722 + 1480
4722 d 1 1480
4723 # 1504
4723 - 1480 108
4723 + 1480
4723 + 1480
4723 d 1 1480
4725 + 1480
4725 d 1 1480
4725 + 1480
4725 d 1 1480
4726 + 1480
4726 d 1 1480
4726 + 1480
4726 d 1 1480
4727 + 1480
4727 d 1 1480
4727 + 1480
4727 d 1 1480
4728 + 1480
4728 d 1 1480
4728 + 1480
4728 d 1 1480
4729 + 1480
4729 d 1 1480
4729 + 1480
4729 d 1 1480
4730 + 1480
4730 d 1 1480
4730 + 1480
4730 d 1 1480
4732 + 1480
4732 d 1 1480
4732 + 1480
4732 d 1 1480
4733 # 1504
4733 - 1480 118
4733 # 1504
4733 - 1480 116
4733 + 1480
4733 + 1480
4734 + 1480
4734 + 1480
4735 # 1504
4735 - 1480 115
4735 + 1480
4735 + 1480
4736 + 1480
4736 d 1 1480
4736 + 1480
4736 d 1 1480
4737 + 1480
4737 d 1 1480
4737 + 1480
4737 d 1 1480
4738 # 1504
4738 - 1480 118
4739 + 1480
4739 + 1480
4740 # 1504
4740 - 1480 118
4740 + 1480
4740 + 1480
4741 + 1480
4741 d 1 1480
4741 + 1480
4741 d 1 1480
4742 # 1504
4742 - 1480 119
4742 + 1480
4742 + 1480
4742 d 1 1480
4743 # 1504
4743 - 1480 118
4743 + 1480
4743 + 1480
4743 d 1 1480
4744 + 1480
4744 d 1 1480
4744 + 1480
4744 d 1 1480
4745 # 1504
4745 - 1480 119
4745 + 1480
4745 + 1480
4746 # 1504
4746 - 1480 119
4747 + 1480
4747 + 1480
4747 d 1 1480
4748 # 1504
4748 - 1480 120
4748 + 1480
4748 + 1480
4749 + 1480
4749 d 1 1480
4749 + 1480
4749 d 1 1480
4750 # 1504
4750 - 1480 120
4750 + 1480
4750 + 1480
4750 d 1 1480
4751 # 1504
4751 - 1480 119
4751 + 1480
4751 + 1480
4751 d 1 1480
4752 + 1480
4752 d 1 1480
4752 + 1480
4752 d 1 1480
4753 # 1504
4753 - 1480 119
4754 + 1480
4754 + 1480
4755 # 1504
4755 - 1480 120
4755 + 1480
4755 + 1480
4755 d 1 1480
4756 # 1504
4756 - 1480 119
4756 + 1480
4756 + 1480
4757 + 1480
4757 d 1 1480
4757 + 1480
4757 d 1 1480
4758 # 1504
4758 - 1480 120
4758 + 1480
4758 + 1480
4758 d 1 1480
4759 + 1480
4759 d 1 1480
4759 + 1480
4759 d 1 1480
4760 # 1504
4760 - 1480 120
4760 # 1504
4760 - 1480 119
4761 + 1480
4761 + 1480
4762 + 1480
4762 + 1480
4762 d 1 1480
4763 # 1504
4763 - 1480 119
4763 + 1480
4763 + 1480
4763 d 1 1480
4764 + 1480
4764 d 1 1480
4764 + 1480
4764 d 1 1480
4765 # 1504
4765 - 1480 120
4765 + 1480
4765 + 1480
4766 + 1480
4766 d 1 1480
4766 + 1480
4766 d 1 1480
4767 + 1480
4767 d 1 1480
4767 + 1480
4767 d 1 1480
4768 # 1504
4768 - 1480 123
4768 # 1504
4768 - 1480 120
4769 + 1480
4769 + 1480
4770 # 1504
4770 - 1480 121
4770 + 1480
4770 + 1480
4771 + 1480
4771 d 1 1480
4771 + 1480
4771 d 1 1480
4772 # 1504
4772 - 1480 122
4772 + 1480
4772 + 1480
4773 # 1504
4773 - 1480 121
4773 + 1480
4773 + 1480
4773 d 1 1480
4774 + 1480
4774 d 1 1480
4774 + 1480
4774 d 1 1480
4775 # 1504
4775 - 1480 122
4776 + 1480
4776 + 1480
4776 d 1 1480
4777 # 1504
4777 - 1480 124
4777 + 1480
4777 + 1480
4778 + 1480
4778 d 1 1480
4778 + 1480
4778 d 1 1480
4779 # 1504
4779 - 1480 123
4779 + 1480
4779 + 1480
4779 d 1 1480
4780 + 1480
4780 d 1 1480
4780 + 1480
4780 d 1 1480
4781 + 1480
4781 d 1 1480
4781 + 1480
4781 d 1 1480
4783 + 1480
4783 d 1 1480
4783 + 1480
4783 d 1 1480
4784 + 1480
4784 d 1 1480
4785 + 1480
4785 d 1 1480
4785 + 1480
4785 d 1 1480
4785 + 1480
4785 d 1 1480
4786 + 1480
4786 d 1 1480
4786 + 1480
4786 d 1 1480
4787 + 1480
4787 d 1 1480
4787 + 1480
4787 d 1 1480
4788 + 1480
4788 d 1 1480
4788 + 1480
4788 d 1 1480
4789 + 1480
4789 d 1 1480
4789 + 1480
4789 d 1 1480
4791 # 1504
4791 - 1480 134
4791 # 1504
4791 - 1480 132
4791 + 1480
4791 + 1480
4792 + 1480
4792 + 1480
4793 # 1504
4793 - 1480 123
4793 # 1504
4793 - 1480 123
4793 # 1504
4793 - 1480 122
4793 + 1480
4793 + 1480
4794 + 1480
4794 + 1480
4795 # 1504
4795 - 1480 123
4795 + 1480
4795 + 1480
4796 + 1480
4796 d 1 1480
4796 + 1480
4796 d 1 1480
4797 # 1504
4797 - 1480 125
4798 + 1480
4798 + 1480
4799 + 1480
4799 d 1 1480
4799 + 1480
4799 d 1 1480
4800 + 1480
4800 d 1 1480
4800 + 1480
4800 d 1 1480
4800 + 1480
4800 d 1 1480
4801 + 1480
4801 d 1 1480
4802 + 1480
4802 d 1 1480
4802 + 1480
4802 d 1 1480
4803 + 1480
4803 d 1 1480
4803 + 1480
4803 d 1 1480
4805 + 1480
4805 d 1 1480
4805 + 1480
4805 d 1 1480
4806 + 1480
4806 d 1 1480
4806 + 1480
4806 d 1 1480
4807 + 1480
4807 d 1 1480
4807 + 1480
4807 d 1 1480
4808 + 1480
4808 d 1 1480
4808 + 1480
4808 d 1 1480
4809 + 1480
4809 d 1 1480
4809 + 1480
4809 d 1 1480
4810 + 1480
4810 d 1 1480
4810 + 1480
4810 d 1 1480
4811 + 1480
4811 d 1 1480
4812 + 1480
4812 d 1 1480
4813 # 1504
4813 - 1480 139
4813 - 1480 134
4813 # 1504
4813 - 1480 130
4813 + 1480
4813 + 1480
4814 + 1480
4814 + 1480
4815 + 1480
4815 + 1480
4816 + 1480
4816 + 1480
4816 d 1 1480
4817 # 1504
4817 - 1480 133
4817 + 1480
4817 + 1480
4818 # 1504
4818 - 1480 134
4818 + 1480
4818 + 1480
4818 d 1 1480
4820 + 1480
4820 d 1 1480
4820 + 1480
4820 d 1 1480
4821 # 1504
4821 - 1480 136
4821 + 1480
4821 + 1480
4822 # 1504
4822 - 1480 136
4822 + 1480
4822 + 1480
4822 d 1 1480
4823 + 1480
4823 d 1 1480
4823 + 1480
4823 d 1 1480
4824 # 1504
4824 - 1480 135
4824 + 1480
4824 + 1480
4825 + 1480
4825 d 1 1480
4825 + 1480
4825 d 1 1480
4826 # 1504
4826 - 1480 136
4827 # 1504
4827 - 1480 136
4827 + 1480
4827 + 1480
4828 + 1480
4828 d 1 1480
4828 + 1480
4828 d 1 1480
4829 # 1504
4829 - 1480 138
4829 + 1480
4829 + 1480
4830 + 1480
4830 d 1 1480
4830 + 1480
4830 d 1 1480
4831 + 1480
4831 d 1 1480
4831 + 1480
4831 d 1 1480
4832 + 1480
4832 d 1 1480
4832 + 1480
4832 d 1 1480
4833 + 1480
4833 d 1 1480
4834 + 1480
4834 d 1 1480
4835 + 1480
4835 d 1 1480
4835 + 1480
4835 d 1 1480
4836 + 1480
4836 d 1 1480
4836 + 1480
4836 d 1 1480
4837 + 1480
4837 d 1 1480
4837 + 1480
4837 d 1 1480
4838 # 1504
4838 - 1480 146
4838 # 1504
4838 - 1480 143
4838 # 1504
4838 - 1480 141
4838 # 1504
4838 - 1480 139
4838 # 1504
4838 - 1480 137
4838 + 1480
4838 + 1480
4839 + 1480
4839 + 1480
4840 # 1504
4840 - 1480 139
4840 + 1480
4840 + 1480
4841 # 1504
4841 - 1480 138
4842 + 1480
4842 + 1480
4843 # 1504
4843 - 1480 139
4843 + 1480
4843 + 1480
4844 + 1480
4844 + 1480
4844 d 1 1480
4845 + 1480
4845 d 1 1480
4845 + 1480
4845 d 1 1480
4846 # 1504
4846 - 1480 141
4846 # 1504
4846 - 1480 139
4846 + 1480
4846 + 1480
4847 # 1504
4847 - 1480 139
4847 + 1480
4847 + 1480
4848 # 1504
4848 - 1480 138
4848 # 1504
4848 - 1480 137
4849 + 1480
4849 + 1480
4850 + 1480
4850 + 1480
4850 d 1 1480
4851 + 1480
4851 d 1 1480
4851 + 1480
4851 d 1 1480
4852 + 1480
4852 d 1 1480
4852 + 1480
4852 d 1 1480
4853 + 1480
4853 d 1 1480
4853 + 1480
4853 d 1 1480
4854 + 1480
4854 d 1 1480
4854 + 1480
4854 d 1 1480
4856 + 1480
4856 d 1 1480
4856 + 1480
4856 d 1 1480
4857 + 1480
4857 d 1 1480
4857 + 1480
4857 d 1 1480
4858 + 1480
4858 d 1 1480
4858 + 1480
4858 d 1 1480
4859 + 1480
4859 d 1 1480
4859 + 1480
4859 d 1 1480
4860 # 1504
4860 - 1480 147
4860 # 1504
4860 - 1480 145
4860 # 1504
4860 - 1480 141
4860 + 1480
4860 + 1480
4861 + 1480
4861 + 1480
4862 + 1480
4862 + 1480
4864 + 1480
4864 d 1 1480
4864 + 1480
4864 d 1 1480
4865 + 1480
4865 d 1 1480
4865 + 1480
4865 d 1 1480
4866 + 1480
4866 d 1 1480
4866 + 1480
4866 d 1 1480
4867 + 1480
4867 d 1 1480
4867 + 1480
4867 d 1 1480
4868 + 1480
4868 d 1 1480
4868 + 1480
4868 d 1 1480
4869 + 1480
4869 d 1 1480
4869 + 1480
4869 d 1 1480
4871 + 1480
4871 d 1 1480
4871 + 1480
4871 d 1 1480
4872 + 1480
4872 d 1 1480
4872 + 1480
4872 d 1 1480
4873 + 1480
4873 d 1 1480
4873 + 1480
4873 d 1 1480
4874 + 1480
4874 d 1 1480
4874 + 1480
4874 d 1 1480
4875 + 1480
4875 d 1 1480
4875 + 1480
4875 d 1 1480
4876 + 1480
4876 d 1 1480
4876 + 1480
4876 d 1 1480
4878 # 1504
4878 - 1480 158
4878 # 1504
4878 - 1480 158
4878 # 1504
4878 - 1480 143
4878 # 1504
4878 - 1480 143
4878 # 1504
4878 - 1480 139
4878 # 1504
4878 - 1480 139
4878 # 1504
4878 - 1480 138
4878 + 1480
4878 + 1480
4879 # 1504
4879 - 1480 139
4879 # 1504
4879 - 1480 137
4879 # 1504
4879 - 1480 136
4879 + 1480
4879 + 1480
4880 + 1480
4880 + 1480
4881 # 1504
4881 - 1480 136
4881 + 1480
4881 + 1480
4882 + 1480
4882 + 1480
4883 + 1480
4883 + 1480
4884 + 1480
4884 + 1480
4886 + 1480
4886 + 1480
4887 + 1480
4887 + 1480
4888 + 1480
4888 d 1 1480
4888 + 1480
4888 d 1 1480
4889 + 1480
4889 d 1 1480
4889 + 1480
4889 d 1 1480
4890 + 1480
4890 d 1 1480
4890 + 1480
4890 d 1 1480
4891 + 1480
4891 d 1 1480
4891 + 1480
4891 d 1 1480
4893 # 1504
4893 - 1480 148
4893 # 1504
4893 - 1480 145
4893 # 1504
4893 - 1480 139
4893 # 1504
4893 - 1480 138
4893 # 1504
4893 - 1480 137
4893 # 1504
4893 - 1480 137
4893 + 1480
4893 + 1480
4894 # 1504
4894 - 1480 136
4894 # 1504
4894 - 1480 133
4894 + 1480
4894 + 1480
4895 + 1480
4895 + 1480
4896 + 1480
4896 + 1480
4897 + 1480
4897 + 1480
4898 + 1480
4898 + 1480
4900 + 1480
4900 d 1 1480
4900 + 1480
4900 d 1 1480
4900 + 1480
4900 d 1 1480
4900 + 1480
4900 d 1 1480
4902 + 1480
4902 d 1 1480
4902 + 1480
4902 d 1 1480
4903 # 1504
4903 - 1480 142
4903 # 1504
4903 - 1480 141
4903 # 1504
4903 - 1480 134
4903 # 1504
4903 - 1480 134
4903 + 1480
4903 + 1480
4904 + 1480
4904 + 1480
4905 + 1480
4905 + 1480
4906 # 1504
4906 - 1480 136
4906 + 1480
4906 + 1480
4908 + 1480
4908 + 1480
4908 d 1 1480
4909 + 1480
4909 d 1 1480
4909 + 1480
4909 d 1 1480
4910 # 1504
4910 - 1480 140
4910 + 1480
4910 + 1480
4911 + 1480
4911 d 1 1480
4911 + 1480
4911 d 1 1480
4912 + 1480
4912 d 1 1480
4912 + 1480
4912 d 1 1480
4913 + 1480
4913 d 1 1480
4913 + 1480
4913 d 1 1480
4915 + 1480
4915 d 1 1480
4915 + 1480
4915 d 1 1480
4916 + 1480
4916 d 1 1480
4916 + 1480
4916 d 1 1480
4917 + 1480
4917 d 1 1480
4917 + 1480
4917 d 1 1480
4918 + 1480
4918 d 1 1480
4918 + 1480
4918 d 1 1480
4919 + 1480
4919 d 1 1480
4919 + 1480
4919 d 1 1480
4920 # 1504
4920 - 1480 148
4920 # 1504
4920 - 1480 144
4920 # 1504
4920 - 1480 129
4920 # 1504
4920 - 1480 128
4920 # 1504
4920 - 1480 128
4920 # 1504
4920 - 1480 127
4920 # 1504
4920 - 1480 127
4920 + 1480
4920 + 1480
4921 # 1504
4921 - 1480 127
4921 # 1504
4921 - 1480 127
4922 # 1504
4922 - 1480 127
4922 + 1480
4922 + 1480
4923 # 1504
4923 - 1480 128
4923 + 1480
4923 + 1480
4924 # 1504
4924 - 1480 126
4924 - 1480 111
4924 + 1480
4924 + 1480
4925 # 1504
4925 - 1480 112
4925 + 1480
4925 + 1480
4926 # 1504
4926 - 1480 112
4926 + 1480
4926 + 1480
4927 # 1504
4927 - 1480 113
4927 + 1480
4927 + 1480
4928 # 1504
4928 - 1480 113
4929 # 1504
4929 - 1480 113
4929 + 1480
4929 + 1480
4930 + 1480
4930 + 1480
4931 + 1480
4931 + 1480
4932 # 1504
4932 - 1480 115
4932 # 1504
4932 - 1480 114
4932 + 1480
4932 + 1480
4933 # 1504
4933 - 1480 112
4933 + 1480
4933 + 1480
4934 # 1504
4934 - 1480 112
4934 + 1480
4934 + 1480
4935 # 1504
4935 - 1480 111
4935 + 1480
4935 + 1480
4936 # 1504
4936 - 1480 112
4937 # 1504
4937 - 1480 110
4937 + 1480
4937 + 1480
4938 + 1480
4938 + 1480
4939 + 1480
4939 + 1480
4940 # 1504
4940 - 1480 111
4940 # 1504
4940 - 1480 111
4940 + 1480
4940 + 1480
4941 # 1504
4941 - 1480 103
4941 + 1480
4941 + 1480
4942 # 1504
4942 - 1480 103
4942 + 1480
4942 + 1480
4943 # 1504
4943 - 1480 103
4944 # 1504
4944 - 1480 104
4944 + 1480
4944 + 1480
4945 # 1504
4945 - 1480 103
4945 + 1480
4945 + 1480
4946 + 1480
4946 d 1 1480
4946 + 1480
4946 d 1 1480
4947 # 1504
4947 - 1480 104
4947 + 1480
4947 + 1480
4948 # 1504
4948 - 1480 105
4948 + 1480
4948 + 1480
4948 d 1 1480
4949 # 1504
4949 - 1480 103
4949 + 1480
4949 + 1480
4949 d 1 1480
4950 # 1504
4950 - 1480 104
4950 + 1480
4951 + 1480
4951 + 1480
4951 d 1 1480
4951 + 1480
4951 d 1 1480
4952 # 1504
4952 - 1480 105
4953 # 1504
4953 - 1480 104
4953 + 1480
4953 + 1480
4954 # 1504
4954 - 1480 105
4954 + 1480
4954 + 1480
4955 + 1480
4955 d 1 1480
4955 + 1480
4955 d 1 1480
4956 # 1504
4956 - 1480 96
4956 + 1480
4956 + 1480
4957 # 1504
4957 - 1480 97
4957 + 1480
4957 + 1480
4957 d 1 1480
4958 # 1504
4958 - 1480 97
4959 + 1480
4959 + 1480
4959 d 1 1480
4960 # 1504
4960 - 1480 98
4960 + 1480
4960 + 1480
4961 # 1504
4961 - 1480 99
4961 + 1480
4961 + 1480
4961 d 1 1480
4962 # 1504
4962 - 1480 84
4962 + 1480
4962 + 1480
4963 + 1480
4963 d 1 1480
4963 + 1480
4963 d 1 1480
4964 # 1504
4964 - 1480 85
4964 + 1480
4964 + 1480
4964 d 1 1480
4965 # 1504
4965 - 1480 85
4966 # 1504
4966 - 1480 86
4966 + 1480
4966 + 1480
4967 # 1504
4967 - 1480 86
4967 + 1480
4967 + 1480
4968 + 1480
4968 d 1 1480
4968 + 1480
4968 d 1 1480
4969 # 1504
4969 - 1480 87
4969 + 1480
4969 + 1480
4970 + 1480
4970 d 1 1480
4970 + 1480
4970 d 1 1480
4971 # 1504
4971 - 1480 89
4971 + 1480
4971 + 1480
4973 # 1504
4973 - 1480 90
4973 + 1480
4973 + 1480
4973 d 1 1480
4974 # 1504
4974 - 1480 90
4974 + 1480
4974 + 1480
4975 # 1504
4975 - 1480 89
4975 + 1480
4975 + 1480
4975 d 1 1480
4976 + 1480
4976 d 1 1480
4976 + 1480
4976 d 1 1480
4977 # 1504
4977 - 1480 90
4977 + 1480
4977 + 1480
4978 # 1504
4978 - 1480 91
4978 + 1480
4978 + 1480
4978 d 1 1480
4979 + 1480
4979 d 1 1480
4979 + 1480
4979 d 1 1480
4981 # 1504
4981 - 1480 88
4981 + 1480
4981 + 1480
4982 # 1504
4982 - 1480 88
4982 # 1504
4982 - 1480 87
4982 + 1480
4982 + 1480
4983 # 1504
4983 - 1480 88
4983 + 1480
4983 + 1480
4984 # 1504
4984 - 1480 88
4984 + 1480
4984 + 1480
4984 d 1 1480
4985 + 1480
4985 d 1 1480
4985 + 1480
4985 d 1 1480
4986 # 1504
4986 - 1480 89
4986 + 1480
4986 + 1480
4988 + 1480
4988 d 1 1480
4988 + 1480
4988 d 1 1480
4989 + 1480
4989 d 1 1480
4989 + 1480
4989 d 1 1480
4990 + 1480
4990 d 1 1480
4990 + 1480
4990 d 1 1480
4991 # 1504
4991 - 1480 94
4991 # 1504
4991 - 1480 93
4991 # 1504
4991 - 1480 88
4991 + 1480
4991 + 1480
4992 + 1480
4992 + 1480
4993 + 1480
4993 d 1 1480
4993 + 1480
4993 d 1 1480
4995 + 1480
4995 d 1 1480
4995 + 1480
4995 d 1 1480
4996 + 1480
4996 d 1 1480
4996 + 1480
4996 d 1 1480
4997 # 1504
4997 - 1480 93
4997 + 1480
4997 + 1480
4998 # 1504
4998 - 1480 94
4998 # 1504
4998 - 1480 92
4998 # 1504
4998 - 1480 90
4998 # 1504
4998 - 1480 88
4998 # 1504
4998 - 1480 88
4998 + 1480
4998 + 1480
4999 + 1480
4999 + 1480
5000 + 1480
5000 + 1480
5001 + 1480
5001 + 1480
5001 d 1 1480
5003 + 1480
5003 d 1 1480
5003 + 1480
5003 d 1 1480
5004 # 1504
5004 - 1480 84
5004 # 1504
5004 - 1480 84
5004 # 1504
5004 - 1480 81
5004 - 1480 81
5004 # 1504
5004 - 1480 80
5004 # 1504
5004 - 1480 80
5004 + 1480
5004 + 1480
5005 # 1504
5005 - 1480 80
5005 # 1504
5005 - 1480 80
5005 # 1504
5005 - 1480 79
5005 + 1480
5005 + 1480
5006 # 1504
5006 - 1480 80
5006 # 1504
5006 - 1480 79
5006 + 1480
5006 + 1480
5007 # 1504
5007 - 1480 80
5007 + 1480
5007 + 1480
5008 # 1504
5008 - 1480 79
5008 + 1480
5008 + 1480
5009 # 1504
5009 - 1480 79
5009 # 1504
5009 - 1480 79
5010 + 1480
5010 + 1480
5011 + 1480
5011 + 1480
5012 # 1504
5012 - 1480 81
5012 + 1480
5012 + 1480
5013 # 1504
5013 - 1480 82
5013 + 1480
5013 + 1480
5014 # 1504
5014 - 1480 82
5014 # 1504
5014 - 1480 81
5014 + 1480
5014 + 1480
5015 # 1504
5015 - 1480 81
5015 + 1480
5015 + 1480
5016 # 1504
5016 - 1480 82
5017 # 1504
5017 - 1480 82
5017 # 1504
5017 - 1480 80
5017 + 1480
5017 + 1480
5018 + 1480
5018 + 1480
5019 + 1480
5019 + 1480
5020 # 1504
5020 - 1480 83
5020 # 1504
5020 - 1480 82
5020 + 1480
5020 + 1480
5021 # 1504
5021 - 1480 82
5021 + 1480
5021 + 1480
5022 # 1504
5022 - 1480 83
5022 + 1480
5022 + 1480
5023 + 1480
5023 + 1480
5023 d 1 1480
5025 + 1480
5025 d 1 1480
5025 + 1480
5025 d 1 1480
5026 + 1480
5026 d 1 1480
5026 + 1480
5026 d 1 1480
5027 + 1480
5027 d 1 1480
5027 + 1480
5027 d 1 1480
5028 + 1480
5028 d 1 1480
5028 + 1480
5028 d 1 1480
5029 + 1480
5029 d 1 1480
5029 + 1480
5029 d 1 1480
5030 + 1480
5030 d 1 1480
5030 + 1480
5030 d 1 1480
5031 # 1504
5031 - 1480 91
5031 # 1504
5031 - 1480 90
5031 # 1504
5031 - 1480 87
5031 # 1504
5031 - 1480 87
5031 # 1504
5031 - 1480 86
5031 # 1504
5031 - 1480 86
5032 # 1504
5032 - 1480 85
5032 # 1504
5032 - 1480 85
5032 # 1504
5032 - 1480 84
5032 # 1504
5032 - 1480 83
5032 # 1504
5032 - 1480 82
5032 + 1480
5032 + 1480
5033 # 1504
5033 - 1480 82
5033 + 1480
5033 + 1480
5034 # 1504
5034 - 1480 81
5034 # 1504
5034 - 1480 81
5034 + 1480
5034 + 1480
5035 # 1504
5035 - 1480 81
5035 + 1480
5035 + 1480
5036 # 1504
5036 - 1480 80
5036 + 1480
5036 + 1480
5037 + 1480
5037 + 1480
5038 # 1504
5038 - 1480 82
5038 # 1504
5038 - 1480 81
5038 # 1504
5038 - 1480 78
5039 # 1504
5039 - 1480 79
5039 + 1480
5039 + 1480
5040 # 1504
5040 - 1480 79
5040 + 1480
5040 + 1480
5041 # 1504
5041 - 1480 79
5041 + 1480
5041 + 1480
5042 # 1504
5042 - 1480 78
5042 + 1480
5042 + 1480
5043 # 1504
5043 - 1480 77
5043 + 1480
5043 + 1480
5044 # 1504
5044 - 1480 78
5044 + 1480
5044 + 1480
5045 + 1480
5045 + 1480
5047 + 1480
5047 + 1480
5048 + 1480
5048 + 1480
5049 + 1480
5049 + 1480
5050 + 1480
5050 d 1 1480
5050 + 1480
5050 d 1 1480
5051 + 1480
5051 d 1 1480
5051 + 1480
5051 d 1 1480
5052 + 1480
5052 d 1 1480
5052 + 1480
5052 d 1 1480
5053 # 1504
5053 - 1480 86
5053 # 1504
5053 - 1480 84
5053 # 1504
5053 - 1480 80
5053 # 1504
5053 - 1480 79
5053 # 1504
5053 - 1480 79
5053 # 1504
5053 - 1480 78
5054 + 1480
5054 + 1480
5055 # 1504
5055 - 1480 78
5055 + 1480
5055 + 1480
5056 + 1480
5056 + 1480
5057 # 1504
5057 - 1480 80
5057 + 1480
5057 + 1480
5058 # 1504
5058 - 1480 77
5058 + 1480
5058 + 1480
5059 + 1480
5059 + 1480
5061 # 1504
5061 - 1480 80
5061 + 1480
5061 + 1480
5062 # 1504
5062 - 1480 80
5062 + 1480
5062 + 1480
5063 + 1480
5063 + 1480
5063 d 1 1480
5064 # 1504
5064 - 1480 81
5064 + 1480
5064 + 1480
5065 + 1480
5065 d 1 1480
5065 + 1480
5065 d 1 1480
5066 # 1504
5066 - 1480 82
5066 + 1480
5066 + 1480
5066 d 1 1480
5067 + 1480
5067 d 1 1480
5068 # 1504
5068 - 1480 82
5068 - 1480 77
5068 + 1480
5069 # 1504
5069 - 1480 77
5069 # 1504
5069 - 1480 77
5069 + 1480
5069 + 1480
5070 + 1480
5070 + 1480
5071 # 1504
5071 - 1480 74
5071 + 1480
5071 + 1480
5072 # 1504
5072 - 1480 75
5072 + 1480
5072 + 1480
5072 d 1 1480
5073 # 1504
5073 - 1480 75
5073 + 1480
5073 + 1480
5074 # 1504
5074 - 1480 75
5074 + 1480
5074 + 1480
5074 d 1 1480
5076 # 1504
5076 - 1480 76
5076 # 1504
5076 - 1480 76
5076 # 1504
5076 - 1480 72
5076 + 1480
5076 + 1480
5077 # 1504
5077 - 1480 73
5077 + 1480
5077 + 1480
5078 + 1480
5078 + 1480
5078 d 1 1480
5079 # 1504
5079 - 1480 74
5079 # 1504
5079 - 1480 74
5079 + 1480
5079 + 1480
5080 + 1480
5080 + 1480
5080 d 1 1480
5081 + 1480
5081 d 1 1480
5081 + 1480
5081 d 1 1480
5083 + 1480
5083 d 1 1480
5083 + 1480
5083 d 1 1480
5084 + 1480
5084 d 1 1480
5084 + 1480
5084 d 1 1480
5085 + 1480
5085 d 1 1480
5085 + 1480
5085 d 1 1480
5086 + 1480
5086 d 1 1480
5086 + 1480
5086 d 1 1480
5087 + 1480
5087 d 1 1480
5087 + 1480
5087 d 1 1480
5088 + 1480
5088 d 1 1480
5088 + 1480
5088 d 1 1480
5090 + 1480
5090 d 1 1480
5090 + 1480
5090 d 1 1480
5091 # 1504
5091 - 1480 85
5091 + 1480
5091 + 1480
5092 # 1504
5092 - 1480 85
5092 # 1504
5092 - 1480 82
5092 + 1480
5092 + 1480
5093 + 1480
5093 + 1480
5094 # 1504
5094 - 1480 83
5094 # 1504
5094 - 1480 83
5094 # 1504
5094 - 1480 82
5094 # 1504
5094 - 1480 81
5094 # 1504
5094 - 1480 81
5094 # 1504
5094 - 1480 80
5094 + 1480
5094 + 1480
5095 # 1504
5095 - 1480 81
5095 # 1504
5095 - 1480 80
5095 + 1480
5095 + 1480
5096 + 1480
5096 + 1480
5097 # 1504
5097 - 1480 82
5098 # 1504
5098 - 1480 81
5098 + 1480
5098 + 1480
5099 # 1504
5099 - 1480 81
5099 + 1480
5099 + 1480
5100 + 1480
5101 # 1504
5101 - 1480 83
5101 # 1504
5101 - 1480 82
5101 + 1480
5101 + 1480
5101 + 1480
5102 # 1504
5102 - 1480 82
5102 + 1480
5102 + 1480
5103 # 1504
5103 - 1480 83
5103 + 1480
5103 + 1480
5105 + 1480
5105 + 1480
5106 + 1480
5106 d 1 1480
5106 + 1480
5106 d 1 1480
5107 + 1480
5107 d 1 1480
5107 + 1480
5107 d 1 1480
5108 + 1480
5108 d 1 1480
5108 + 1480
5108 d 1 1480
5109 + 1480
5109 d 1 1480
5109 + 1480
5109 d 1 1480
5110 + 1480
5110 d 1 1480
5110 + 1480
5110 d 1 1480
5112 + 1480
5112 d 1 1480
5112 + 1480
5112 d 1 1480
5113 # 1504
5113 - 1480 92
5113 # 1504
5113 - 1480 91
5113 # 1504
5113 - 1480 81
5113 # 1504
5113 - 1480 80
5113 # 1504
5113 - 1480 80
5113 # 1504
5113 - 1480 79
5113 # 1504
5113 - 1480 79
5113 # 1504
5113 - 1480 78
5113 + 1480
5113 + 1480
5114 # 1504
5114 - 1480 79
5114 + 1480
5114 + 1480
5115 # 1504
5115 - 1480 79
5115 + 1480
5115 + 1480
5116 # 1504
5116 - 1480 80
5116 + 1480
5116 + 1480
5117 # 1504
5117 - 1480 80
5117 # 1504
5117 - 1480 78
5117 + 1480
5117 + 1480
5118 + 1480
5118 + 1480
5120 # 1504
5120 - 1480 81
5120 # 1504
5120 - 1480 80
5120 # 1504
5120 - 1480 79
5120 + 1480
5120 + 1480
5121 # 1504
5121 - 1480 80
5121 + 1480
5121 + 1480
5122 + 1480
5122 + 1480
5123 + 1480
5123 + 1480
5124 + 1480
5124 + 1480
5125 + 1480
5125 + 1480
5125 d 1 1480
5127 + 1480
5127 d 1 1480
5127 + 1480
5127 d 1 1480
5128 + 1480
5128 d 1 1480
5128 + 1480
5128 d 1 1480
5129 + 1480
5129 d 1 1480
5129 + 1480
5129 d 1 1480
5130 # 1504
5130 - 1480 88
5130 # 1504
5130 - 1480 87
5130 # 1504
5130 - 1480 85
5130 # 1504
5130 - 1480 85
5130 # 1504
5130 - 1480 83
5130 # 1504
5130 - 1480 83
5130 # 1504
5130 - 1480 82
5130 + 1480
5130 + 1480
5131 # 1504
5131 - 1480 83
5131 # 1504
5131 - 1480 82
5131 # 1504
5131 - 1480 82
5131 + 1480
5131 + 1480
5132 # 1504
5132 - 1480 78
5132 + 1480
5132 + 1480
5133 # 1504
5133 - 1480 79
5133 # 1504
5133 - 1480 78
5134 + 1480
5134 + 1480
5135 # 1504
5135 - 1480 79
5135 # 1504
5135 - 1480 79
5135 - 1480 78
5135 + 1480
5135 + 1480
5136 # 1504
5136 - 1480 79
5136 + 1480
5136 + 1480
5137 # 1504
5137 - 1480 79
5137 + 1480
5137 + 1480
5138 # 1504
5138 - 1480 79
5138 # 1504
5138 - 1480 79
5138 + 1480
5138 + 1480
5139 # 1504
5139 - 1480 78
5139 + 1480
5139 + 1480
5140 + 1480
5140 + 1480
5142 + 1480
5142 + 1480
5143 + 1480
5143 + 1480
5144 + 1480
5144 + 1480
5145 + 1480
5145 + 1480
5145 d 1 1480
5146 + 1480
5146 d 1 1480
5146 + 1480
5146 d 1 1480
5147 + 1480
5147 d 1 1480
5147 + 1480
5147 d 1 1480
5148 # 1504
5148 - 1480 87
5148 # 1504
5148 - 1480 86
5149 + 1480
5149 + 1480
5150 # 1504
5150 - 1480 84
5150 # 1504
5150 - 1480 82
5150 # 1504
5150 - 1480 81
5150 # 1504
5150 - 1480 81
5150 + 1480
5150 + 1480
5151 + 1480
5151 + 1480
5152 + 1480
5152 + 1480
5153 # 1504
5153 - 1480 83
5153 # 1504
5153 - 1480 83
5153 + 1480
5153 + 1480
5154 # 1504
5154 - 1480 83
5154 # 1504
5154 - 1480 82
5154 # 1504
5154 - 1480 81
5154 # 1504
5154 - 1480 80
5154 # 1504
5154 - 1480 78
5154 + 1480
5154 + 1480
5156 + 1480
5156 + 1480
5157 # 1504
5157 - 1480 81
5157 # 1504
5157 - 1480 80
5157 + 1480
5157 + 1480
5158 # 1504
5158 - 1480 80
5158 # 1504
5158 - 1480 79
5158 + 1480
5158 + 1480
5159 # 1504
5159 - 1480 80
5159 + 1480
5159 + 1480
5160 # 1504
5160 - 1480 80
5160 + 1480
5160 + 1480
5161 + 1480
5161 + 1480
5162 # 1504
5162 - 1480 71
5162 + 1480
5162 + 1480
5164 # 1504
5164 - 1480 72
5164 + 1480
5164 + 1480
5165 + 1480
5165 + 1480
5165 d 1 1480
5166 + 1480
5166 d 1 1480
5166 + 1480
5166 d 1 1480
5167 + 1480
5167 d 1 1480
5167 + 1480
5167 d 1 1480
5168 + 1480
5168 d 1 1480
5168 + 1480
5168 d 1 1480
5169 + 1480
5169 d 1 1480
5169 + 1480
5169 d 1 1480
5171 + 1480
5171 d 1 1480
5171 + 1480
5171 d 1 1480
5172 + 1480
5172 d 1 1480
5172 + 1480
5172 d 1 1480
5173 # 1504
5173 - 1480 81
5173 # 1504
5173 - 1480 80
5173 # 1504
5173 - 1480 78
5173 # 1504
5173 - 1480 77
5173 # 1504
5173 - 1480 77
5173 # 1504
5173 - 1480 75
5173 + 1480
5173 + 1480
5174 # 1504
5174 - 1480 76
5174 + 1480
5174 + 1480
5175 + 1480
5175 + 1480
5176 # 1504
5176 - 1480 77
5176 + 1480
5176 + 1480
5177 # 1504
5177 - 1480 78
5177 # 1504
5177 - 1480 76
5178 + 1480
5178 + 1480
5179 + 1480
5179 + 1480
5180 # 1504
5180 - 1480 79
5180 + 1480
5180 + 1480
5181 # 1504
5181 - 1480 80
5181 + 1480
5181 + 1480
5182 + 1480
5182 + 1480
5183 # 1504
5183 - 1480 81
5183 + 1480
5183 + 1480
5183 d 1 1480
5184 # 1504
5184 - 1480 81
5184 + 1480
5184 + 1480
5186 # 1504
5186 - 1480 81
5186 + 1480
5186 + 1480
5186 d 1 1480
5187 + 1480
5187 d 1 1480
5187 + 1480
5187 d 1 1480
5188 + 1480
5188 d 1 1480
5188 + 1480
5188 d 1 1480
5189 + 1480
5189 d 1 1480
5189 + 1480
5189 d 1 1480
5190 # 1504
5190 - 1480 77
5190 # 1504
5190 - 1480 77
5190 + 1480
5190 + 1480
5191 # 1504
5191 - 1480 76
5191 + 1480
5191 + 1480
5192 # 1504
5192 - 1480 77
5193 + 1480
5193 + 1480
5194 # 1504
5194 - 1480 78
5194 + 1480
5194 + 1480
5195 # 1504
5195 - 1480 79
5195 + 1480
5195 + 1480
5195 d 1 1480
5196 + 1480
5196 d 1 1480
5196 + 1480
5196 d 1 1480
5197 # 1504
5197 - 1480 80
5197 + 1480
5197 + 1480
5198 # 1504
5198 - 1480 80
5198 + 1480
5198 + 1480
5198 d 1 1480
5199 # 1504
5199 - 1480 79
5200 + 1480
5200 + 1480
5201 # 1504
5201 - 1480 81
5201 + 1480
5201 + 1480
5201 d 1 1480
5202 # 1504
5202 - 1480 81
5202 + 1480
5202 + 1480
5203 + 1480
5203 d 1 1480
5203 + 1480
5203 d 1 1480
5204 # 1504
5204 - 1480 82
5204 + 1480
5204 + 1480
5204 d 1 1480
5205 # 1504
5205 - 1480 82
5205 + 1480
5205 + 1480
5206 # 1504
5206 - 1480 83
5207 + 1480
5207 + 1480
5207 d 1 1480
5208 # 1504
5208 - 1480 84
5208 + 1480
5208 + 1480
5209 # 1504
5209 - 1480 84
5209 + 1480
5209 + 1480
5209 d 1 1480
5210 + 1480
5210 d 1 1480
5210 + 1480
5210 d 1 1480
5211 # 1504
5211 - 1480 81
5211 + 1480
5211 + 1480
5212 # 1504
5212 - 1480 81
5212 + 1480
5212 + 1480
5212 d 1 1480
5213 # 1504
5213 - 1480 81
5213 + 1480
5213 + 1480
5213 d 1 1480
5214 # 1504
5214 - 1480 82
5214 - 1480 80
5215 # 1504
5215 - 1480 80
5215 # 1504
5215 - 1480 80
5215 + 1480
5215 + 1480
5216 + 1480
5216 + 1480
5217 # 1504
5217 - 1480 81
5217 + 1480
5217 + 1480
5218 + 1480
5218 + 1480
5218 d 1 1480
5219 # 1504
5219 - 1480 83
5219 + 1480
5219 + 1480
5219 d 1 1480
5220 # 1504
5220 - 1480 83
5220 + 1480
5220 + 1480
5221 # 1504
5221 - 1480 83
5222 # 1504
5222 - 1480 83
5222 + 1480
5222 + 1480
5223 # 1504
5223 - 1480 84
5223 # 1504
5223 - 1480 83
5223 + 1480
5223 + 1480
5224 + 1480
5224 + 1480
5224 d 1 1480
5225 # 1504
5225 - 1480 83
5225 + 1480
5225 + 1480
5225 d 1 1480
5226 # 1504
5226 - 1480 84
5226 + 1480
5226 + 1480
5227 + 1480
5227 d 1 1480
5227 + 1480
5227 d 1 1480
5229 + 1480
5229 d 1 1480
5229 + 1480
5229 d 1 1480
5230 + 1480
5230 d 1 1480
5230 + 1480
5230 d 1 1480
5231 + 1480
5231 d 1 1480
5231 + 1480
5231 d 1 1480
5232 + 1480
5232 d 1 1480
5232 + 1480
5232 d 1 1480
5233 + 1480
5233 d 1 1480
5233 + 1480
5233 d 1 1480
5234 + 1480
5234 d 1 1480
5234 + 1480
5234 d 1 1480
5235 + 1480
5235 d 1 1480
5235 + 1480
5235 d 1 1480
5236 # 1504
5236 - 1480 93
5236 # 1504
5236 - 1480 92
5236 # 1504
5236 - 1480 87
5236 # 1504
5236 - 1480 86
5236 # 1504
5236 - 1480 86
5236 # 1504
5236 - 1480 85
5236 # 1504
5236 - 1480 85
5237 + 1480
5237 + 1480
5238 # 1504
5238 - 1480 86
5238 # 1504
5238 - 1480 86
5238 + 1480
5238 + 1480
5239 # 1504
5239 - 1480 86
5239 + 1480
5239 + 1480
5240 # 1504
5240 - 1480 86
5240 + 1480
5240 + 1480
5241 + 1480
5241 + 1480
5242 # 1504
5242 - 1480 88
5242 + 1480
5242 + 1480
5243 # 1504
5243 - 1480 87
5244 # 1504
5244 - 1480 87
5244 + 1480
5244 + 1480
5245 + 1480
5245 + 1480
5246 + 1480
5246 + 1480
5247 + 1480
5247 + 1480
5248 + 1480
5248 d 1 1480
5248 + 1480
5248 d 1 1480
5249 + 1480
5249 d 1 1480
5249 + 1480
5249 d 1 1480
5251 + 1480
5251 d 1 1480
5251 + 1480
5251 d 1 1480
5252 + 1480
5252 d 1 1480
5252 + 1480
5252 d 1 1480
5253 # 1504
5253 - 1480 96
5253 # 1504
5253 - 1480 95
5253 # 1504
5253 - 1480 93
5253 # 1504
5253 - 1480 92
5253 # 1504
5253 - 1480 92
5253 # 1504
5253 - 1480 91
5253 # 1504
5253 - 1480 91
5253 + 1480
5253 + 1480
5254 # 1504
5254 - 1480 90
5254 + 1480
5254 + 1480
5255 # 1504
5255 - 1480 91
5255 + 1480
5255 + 1480
5256 + 1480
5256 + 1480
5257 # 1504
5257 - 1480 92
5257 # 1504
5257 - 1480 84
5257 + 1480
5257 + 1480
5258 # 1504
5258 - 1480 84
5259 # 1504
5259 - 1480 85
5259 + 1480
5259 + 1480
5260 # 1504
5260 - 1480 85
5260 + 1480
5260 + 1480
5261 # 1504
5261 - 1480 85
5261 + 1480
5261 + 1480
5262 + 1480
5262 + 1480
5263 # 1504
5263 - 1480 87
5263 + 1480
5263 + 1480
5264 + 1480
5264 + 1480
5266 + 1480
5266 d 1 1480
5266 + 1480
5266 d 1 1480
5267 + 1480
5267 d 1 1480
5267 + 1480
5267 d 1 1480
5268 + 1480
5268 d 1 1480
5268 + 1480
5268 d 1 1480
5269 + 1480
5269 d 1 1480
5269 + 1480
5269 d 1 1480
5270 + 1480
5270 d 1 1480
5270 + 1480
5270 d 1 1480
5271 + 1480
5271 d 1 1480
5271 + 1480
5271 d 1 1480
5272 # 1504
5272 - 1480 94
5273 # 1504
5273 - 1480 94
5273 # 1504
5273 - 1480 92
5273 # 1504
5273 - 1480 92
5273 # 1504
5273 - 1480 91
5273 # 1504
5273 - 1480 91
5273 # 1504
5273 - 1480 90
5273 + 1480
5273 + 1480
5274 + 1480
5274 + 1480
5275 + 1480
5275 + 1480
5276 + 1480
5276 + 1480
5277 + 1480
5277 + 1480
5278 + 1480
5278 d 1 1480
5278 + 1480
5278 d 1 1480
5279 + 1480
5279 d 1 1480
5279 + 1480
5279 d 1 1480
5281 + 1480
5281 d 1 1480
5281 + 1480
5281 d 1 1480
5282 # 1504
5282 - 1480 98
5282 # 1504
5282 - 1480 98
5282 # 1504
5282 - 1480 91
5282 + 1480
5282 + 1480
5283 + 1480
5283 + 1480
5284 + 1480
5284 + 1480
5285 # 1504
5285 - 1480 94
5285 # 1504
5285 - 1480 92
5285 # 1504
5285 - 1480 91
5285 + 1480
5285 + 1480
5286 + 1480
5286 + 1480
5288 + 1480
5288 d 1 1480
5288 + 1480
5288 d 1 1480
5289 + 1480
5289 d 1 1480
5289 + 1480
5289 d 1 1480
5290 + 1480
5290 d 1 1480
5290 + 1480
5290 d 1 1480
5291 + 1480
5291 d 1 1480
5291 + 1480
5291 d 1 1480
5292 # 1504
5292 - 1480 98
5292 # 1504
5292 - 1480 97
5292 # 1504
5292 - 1480 92
5292 # 1504
5292 - 1480 92
5292 + 1480
5292 + 1480
5293 # 1504
5293 - 1480 92
5293 + 1480
5293 + 1480
5294 # 1504
5294 - 1480 92
5295 + 1480
5295 + 1480
5296 # 1504
5296 - 1480 94
5296 + 1480
5296 + 1480
5297 # 1504
5297 - 1480 93
5297 - 1480 92
5297 + 1480
5297 + 1480
5298 + 1480
5298 + 1480
5299 # 1504
5299 - 1480 92
5299 + 1480
5299 + 1480
5300 + 1480
5300 + 1480
5300 d 1 1480
5301 + 1480
5301 d 1 1480
5301 + 1480
5301 d 1 1480
5303 + 1480
5303 d 1 1480
5303 + 1480
5303 d 1 1480
5304 + 1480
5304 d 1 1480
5304 + 1480
5304 d 1 1480
5305 + 1480
5305 d 1 1480
5305 + 1480
5305 d 1 1480
5306 + 1480
5306 d 1 1480
5306 + 1480
5306 d 1 1480
5307 + 1480
5307 d 1 1480
5307 + 1480
5307 d 1 1480
5308 + 1480
5308 d 1 1480
5308 + 1480
5308 d 1 1480
5310 + 1480
5310 d 1 1480
5310 + 1480
5310 d 1 1480
5311 + 1480
5311 d 1 1480
5311 + 1480
5311 d 1 1480
5312 + 1480
5312 d 1 1480
5312 + 1480
5312 d 1 1480
5313 # 1504
5313 - 1480 105
5313 # 1504
5313 - 1480 104
5313 + 1480
5313 + 1480
5314 + 1480
5314 + 1480
5315 + 1480
5315 + 1480
5317 # 1504
5317 - 1480 102
5317 + 1480
5317 + 1480
5318 + 1480
5318 + 1480
5318 d 1 1480
5319 # 1504
5319 - 1480 103
5319 + 1480
5319 + 1480
5320 + 1480
5320 d 1 1480
5320 + 1480
5320 d 1 1480
5321 # 1504
5321 - 1480 104
5321 + 1480
5321 + 1480
5321 d 1 1480
5322 + 1480
5322 d 1 1480
5322 + 1480
5322 d 1 1480
5323 # 1504
5323 - 1480 105
5324 + 1480
5324 + 1480
5325 # 1504
5325 - 1480 106
5325 + 1480
5325 + 1480
5326 + 1480
5326 d 1 1480
5326 + 1480
5326 d 1 1480
5327 # 1504
5327 - 1480 107
5327 + 1480
5327 + 1480
5327 d 1 1480
5328 + 1480
5328 d 1 1480
5328 + 1480
5328 d 1 1480
5329 # 1504
5329 - 1480 107
5329 + 1480
5331 # 1504
5331 - 1480 108
5333 # 1504
5333 - 1480 108
5333 + 1480
5333 + 1480
5333 + 1480
5333 + 1480
5333 + 1480
5333 d 1 1480
5333 + 1480
5333 d 1 1480
5333 + 1480
5333 d 1 1480
5334 + 1480
5334 d 1 1480
5334 + 1480
5334 d 1 1480
5335 # 1504
5335 - 1480 109
5335 + 1480
5335 + 1480
5336 + 1480
5336 d 1 1480
5336 + 1480
5336 d 1 1480
5337 # 1504
5337 - 1480 111
5337 + 1480
5337 + 1480
5339 # 1504
5339 - 1480 102
5339 + 1480
5339 + 1480
5339 d 1 1480
5340 + 1480
5340 d 1 1480
5340 + 1480
5340 d 1 1480
5341 # 1504
5341 - 1480 103
5341 + 1480
5341 + 1480
5342 + 1480
5342 d 1 1480
5342 + 1480
5342 d 1 1480
5343 # 1504
5343 - 1480 104
5343 + 1480
5343 + 1480
5344 + 1480
5344 d 1 1480
5344 + 1480
5344 d 1 1480
5345 # 1504
5345 - 1480 105
5346 + 1480
5346 + 1480
5346 d 1 1480
5347 + 1480
5347 d 1 1480
5347 + 1480
5347 d 1 1480
5348 + 1480
5348 d 1 1480
5348 + 1480
5348 d 1 1480
5349 + 1480
5349 d 1 1480
5349 + 1480
5349 d 1 1480
5350 # 1504
5350 - 1480 109
5350 + 1480
5350 + 1480
5351 + 1480
5351 + 1480
5351 d 1 1480
5352 # 1504
5352 - 1480 111
5352 + 1480
5352 + 1480
5354 # 1504
5354 - 1480 110
5354 + 1480
5354 + 1480
5354 d 1 1480
5355 + 1480
5355 d 1 1480
5355 + 1480
5355 d 1 1480
5356 + 1480
5356 d 1 1480
5356 + 1480
5356 d 1 1480
5357 + 1480
5357 d 1 1480
5357 + 1480
5357 d 1 1480
5358 # 1504
5358 - 1480 113
5358 + 1480
5358 + 1480
5359 + 1480
5359 + 1480
5359 d 1 1480
5360 # 1504
5360 - 1480 115
5361 + 1480
5361 + 1480
5361 d 1 1480
5362 # 1504
5362 - 1480 115
5362 + 1480
5362 + 1480
5363 + 1480
5363 d 1 1480
5363 + 1480
5363 d 1 1480
5364 # 1504
5364 - 1480 117
5364 + 1480
5364 + 1480
5365 + 1480
5365 d 1 1480
5365 + 1480
5365 d 1 1480
5366 # 1504
5366 - 1480 113
5366 + 1480
5366 + 1480
5366 d 1 1480
5367 + 1480
5367 d 1 1480
5367 + 1480
5367 d 1 1480
5369 + 1480
5369 d 1 1480
5369 + 1480
5369 d 1 1480
5370 + 1480
5370 d 1 1480
5370 + 1480
5370 d 1 1480
5371 + 1480
5371 d 1 1480
5371 + 1480
5371 d 1 1480
5372 + 1480
5372 d 1 1480
5372 + 1480
5372 d 1 1480
5373 + 1480
5373 d 1 1480
5373 + 1480
5373 d 1 1480
5374 + 1480
5374 d 1 1480
5374 + 1480
5374 d 1 1480
5375 # 1504
5375 - 1480 121
5375 # 1504
5375 - 1480 120
5375 # 1504
5375 - 1480 118
5375 # 1504
5375 - 1480 118
5376 # 1504
5376 - 1480 117
5376 + 1480
5376 + 1480
5377 + 1480
5377 + 1480
5378 # 1504
5378 - 1480 119
5378 + 1480
5378 + 1480
5379 + 1480
5379 + 1480
5380 # 1504
5380 - 1480 120
5380 + 1480
5380 + 1480
5381 # 1504
5381 - 1480 120
5381 + 1480
5381 + 1480
5383 + 1480
5383 + 1480
5383 d 1 1480
5384 + 1480
5384 d 1 1480
5384 + 1480
5384 d 1 1480
5385 + 1480
5385 d 1 1480
5385 + 1480
5385 d 1 1480
5386 + 1480
5386 d 1 1480
5386 + 1480
5386 d 1 1480
5387 + 1480
5387 d 1 1480
5387 + 1480
5387 d 1 1480
5388 + 1480
5388 d 1 1480
5388 + 1480
5388 d 1 1480
5390 + 1480
5390 d 1 1480
5390 + 1480
5390 d 1 1480
5391 # 1504
5391 - 1480 129
5391 # 1504
5391 - 1480 129
5391 # 1504
5391 - 1480 118
5391 # 1504
5391 - 1480 118
5391 + 1480
5391 + 1480
5392 + 1480
5392 + 1480
5393 + 1480
5393 + 1480
5394 # 1504
5394 - 1480 120
5394 + 1480
5394 + 1480
5395 # 1504
5395 - 1480 121
5395 + 1480
5395 + 1480
5396 # 1504
5396 - 1480 121
5396 + 1480
5396 + 1480
5398 + 1480
5398 d 1 1480
5398 + 1480
5398 d 1 1480
5399 # 1504
5399 - 1480 123
5399 + 1480
5399 + 1480
5400 + 1480
5400 d 1 1480
5400 + 1480
5400 d 1 1480
5401 # 1504
5401 - 1480 125
5401 + 1480
5401 + 1480
5402 + 1480
5402 d 1 1480
5402 + 1480
5402 d 1 1480
5403 # 1504
5403 - 1480 126
5403 + 1480
5403 + 1480
5405 # 1504
5405 - 1480 123
5405 + 1480
5405 + 1480
5405 d 1 1480
5406 + 1480
5406 d 1 1480
5406 + 1480
5406 d 1 1480
5407 + 1480
5407 d 1 1480
5407 + 1480
5407 d 1 1480
5408 + 1480
5408 d 1 1480
5408 + 1480
5408 d 1 1480
5409 + 1480
5409 d 1 1480
5409 + 1480
5409 d 1 1480
5410 + 1480
5410 d 1 1480
5410 + 1480
5410 d 1 1480
5412 + 1480
5412 d 1 1480
5412 + 1480
5412 d 1 1480
5413 + 1480
5413 d 1 1480
5413 + 1480
5413 d 1 1480
5414 + 1480
5414 d 1 1480
5414 + 1480
5414 d 1 1480
5415 # 1504
5415 - 1480 132
5415 # 1504
5415 - 1480 131
5415 # 1504
5415 - 1480 129
5415 # 1504
5415 - 1480 123
5415 + 1480
5415 + 1480
5416 # 1504
5416 - 1480 124
5416 + 1480
5416 + 1480
5417 + 1480
5418 # 1504
5418 - 1480 125
5418 + 1480
5418 + 1480
5419 # 1504
5419 - 1480 126
5419 + 1480
5420 + 1480
5420 + 1480
5421 # 1504
5421 - 1480 126
5421 + 1480
5421 + 1480
5422 + 1480
5422 + 1480
5423 + 1480
5423 d 1 1480
5423 + 1480
5423 d 1 1480
5424 + 1480
5424 d 1 1480
5424 + 1480
5424 d 1 1480
5425 + 1480
5425 d 1 1480
5425 + 1480
5425 d 1 1480
5427 + 1480
5427 d 1 1480
5427 + 1480
5427 d 1 1480
5428 + 1480
5428 d 1 1480
5428 + 1480
5428 d 1 1480
5429 + 1480
5429 d 1 1480
5429 + 1480
5429 d 1 1480
5430 # 1504
5430 - 1480 134
5430 # 1504
5430 - 1480 133
5430 # 1504
5430 - 1480 131
5430 # 1504
5430 - 1480 131
5430 + 1480
5430 + 1480
5431 + 1480
5431 + 1480
5432 + 1480
5432 + 1480
5433 # 1504
5433 - 1480 133
5433 + 1480
5434 # 1504
5434 - 1480 121
5434 + 1480
5434 + 1480
5435 + 1480
5436 # 1504
5436 - 1480 122
5436 + 1480
5436 + 1480
5437 + 1480
5437 d 1 1480
5437 + 1480
5437 d 1 1480
5438 # 1504
5438 - 1480 124
5438 + 1480
5438 + 1480
5438 d 1 1480
5439 + 1480
5439 d 1 1480
5439 + 1480
5439 d 1 1480
5440 # 1504
5440 - 1480 125
5440 - 1480 123
5441 + 1480
5441 + 1480
5442 # 1504
5442 - 1480 124
5442 + 1480
5442 + 1480
5443 + 1480
5443 + 1480
5443 d 1 1480
5444 # 1504
5444 - 1480 125
5444 + 1480
5444 + 1480
5444 d 1 1480
5445 + 1480
5445 d 1 1480
5445 + 1480
5445 d 1 1480
5446 # 1504
5446 - 1480 125
5446 + 1480
5446 + 1480
5447 + 1480
5447 d 1 1480
5447 + 1480
5447 d 1 1480
5448 # 1504
5448 - 1480 124
5449 # 1504
5449 - 1480 124
5449 + 1480
5449 + 1480
5450 + 1480
5450 + 1480
5450 d 1 1480
5451 # 1504
5451 - 1480 124
5451 + 1480
5451 + 1480
5452 # 1504
5452 - 1480 123
5452 + 1480
5452 + 1480
5452 d 1 1480
5453 + 1480
5453 d 1 1480
5453 + 1480
5453 d 1 1480
5454 # 1504
5454 - 1480 121
5454 + 1480
5454 + 1480
5455 # 1504
5455 - 1480 122
5456 + 1480
5456 + 1480
5456 d 1 1480
5457 # 1504
5457 - 1480 122
5457 + 1480
5457 + 1480
5458 # 1504
5458 - 1480 123
5458 + 1480
5458 + 1480
5458 d 1 1480
5459 + 1480
5459 d 1 1480
5459 + 1480
5459 d 1 1480
5460 + 1480
5460 d 1 1480
5460 + 1480
5460 d 1 1480
5461 # 1504
5461 - 1480 124
5461 + 1480
5461 + 1480
5463 # 1504
5463 - 1480 124
5463 + 1480
5463 + 1480
5464 # 1504
5464 - 1480 123
5464 + 1480
5464 + 1480
5464 d 1 1480
5465 + 1480
5465 d 1 1480
5465 + 1480
5465 d 1 1480
5466 + 1480
5466 d 1 1480
5466 + 1480
5466 d 1 1480
5467 # 1504
5467 - 1480 124
5467 + 1480
5467 + 1480
5468 # 1504
5468 - 1480 122
5468 + 1480
5468 + 1480
5468 d 1 1480
5469 # 1504
5469 - 1480 119
5469 + 1480
5469 + 1480
5471 # 1504
5471 - 1480 120
5471 + 1480
5471 + 1480
5471 d 1 1480
5472 # 1504
5472 - 1480 120
5472 + 1480
5472 + 1480
5473 # 1504
5473 - 1480 119
5473 + 1480
5473 + 1480
5473 d 1 1480
5474 + 1480
5474 d 1 1480
5474 + 1480
5474 d 1 1480
5475 # 1504
5475 - 1480 117
5475 + 1480
5475 + 1480
5476 # 1504
5476 - 1480 117
5476 + 1480
5476 + 1480
5476 d 1 1480
5478 # 1504
5478 - 1480 116
5478 + 1480
5478 + 1480
5479 # 1504
5479 - 1480 117
5479 + 1480
5479 + 1480
5479 d 1 1480
5480 + 1480
5480 d 1 1480
5480 + 1480
5480 d 1 1480
5481 # 1504
5481 - 1480 117
5481 + 1480
5481 + 1480
5482 # 1504
5482 - 1480 116
5482 + 1480
5482 + 1480
5482 d 1 1480
5483 + 1480
5483 d 1 1480
5483 + 1480
5483 d 1 1480
5484 # 1504
5484 - 1480 108
5485 # 1504
5485 - 1480 108
5485 + 1480
5485 + 1480
5486 + 1480
5486 + 1480
5486 d 1 1480
5487 + 1480
5487 d 1 1480
5487 + 1480
5487 d 1 1480
5488 + 1480
5488 d 1 1480
5488 + 1480
5488 d 1 1480
5489 + 1480
5489 d 1 1480
5489 + 1480
5489 d 1 1480
5490 + 1480
5490 d 1 1480
5490 + 1480
5490 d 1 1480
5491 + 1480
5491 d 1 1480
5491 + 1480
5491 d 1 1480
5493 + 1480
5493 d 1 1480
5493 + 1480
5493 d 1 1480
5494 + 1480
5494 d 1 1480
5494 + 1480
5494 d 1 1480
5495 # 1504
5495 - 1480 117
5495 + 1480
5495 + 1480
5496 + 1480
5496 + 1480
5497 # 1504
5497 - 1480 119
5497 # 1504
5497 - 1480 117
5497 # 1504
5497 - 1480 116
5497 # 1504
5497 - 1480 114
5497 # 1504
5497 - 1480 106
5497 # 1504
5497 - 1480 106
5497 + 1480
5497 + 1480
5498 # 1504
5498 - 1480 106
5498 # 1504
5498 - 1480 106
5498 # 1504
5498 - 1480 105
5498 + 1480
5498 + 1480
5500 # 1504
5500 - 1480 107
5500 + 1480
5500 + 1480
5501 # 1504
5501 - 1480 107
5501 # 1504
5501 - 1480 106
5501 + 1480
5502 + 1480
5502 + 1480
5502 + 1480
5503 # 1504
5503 - 1480 108
5503 # 1504
5503 - 1480 107
5503 + 1480
5503 + 1480
5504 # 1504
5504 - 1480 105
5504 + 1480
5504 + 1480
5505 # 1504
5505 - 1480 106
5505 + 1480
5505 + 1480
5506 # 1504
5506 - 1480 105
5507 + 1480
5507 + 1480
5508 # 1504
5508 - 1480 105
5508 + 1480
5508 + 1480
5509 # 1504
5509 - 1480 106
5509 # 1504
5509 - 1480 94
5509 + 1480
5509 + 1480
5510 # 1504
5510 - 1480 95
5510 + 1480
5510 + 1480
5511 # 1504
5511 - 1480 95
5511 + 1480
5511 + 1480
5512 # 1504
5512 - 1480 96
5512 + 1480
5512 + 1480
5513 # 1504
5513 - 1480 95
5513 + 1480
5513 + 1480
5515 # 1504
5515 - 1480 97
5515 + 1480
5515 + 1480
5516 # 1504
5516 - 1480 97
5516 # 1504
5516 - 1480 96
5516 + 1480
5516 + 1480
5517 + 1480
5517 d 1 1480
5517 + 1480
5517 d 1 1480
5518 # 1504
5518 - 1480 97
5518 # 1504
5518 - 1480 97
5518 + 1480
5518 + 1480
5519 # 1504
5519 - 1480 97
5519 + 1480
5519 + 1480
5520 # 1504
5520 - 1480 90
5520 + 1480
5520 + 1480
5521 # 1504
5521 - 1480 91
5521 - 1480 90
5522 + 1480
5522 + 1480
5522 d 1 1480
5523 # 1504
5523 - 1480 91
5523 + 1480
5523 + 1480
5524 # 1504
5524 - 1480 91
5524 + 1480
5524 + 1480
5525 # 1504
5525 - 1480 91
5525 # 1504
5525 - 1480 91
5525 + 1480
5525 + 1480
5526 + 1480
5526 d 1 1480
5526 + 1480
5526 d 1 1480
5527 # 1504
5527 - 1480 92
5527 + 1480
5527 + 1480
5528 # 1504
5528 - 1480 92
5529 # 1504
5529 - 1480 91
5529 # 1504
5529 - 1480 88
5529 + 1480
5529 + 1480
5530 + 1480
5530 + 1480
5531 # 1504
5531 - 1480 89
5531 + 1480
5531 + 1480
5531 d 1 1480
5532 # 1504
5532 - 1480 90
5532 + 1480
5532 + 1480
5533 + 1480
5533 d 1 1480
5533 + 1480
5533 d 1 1480
5534 # 1504
5534 - 1480 91
5534 # 1504
5534 - 1480 88
5534 + 1480
5534 + 1480
5535 # 1504
5535 - 1480 89
5535 + 1480
5535 + 1480
5536 # 1504
5536 - 1480 87
5537 + 1480
5537 + 1480
5537 d 1 1480
5538 # 1504
5538 - 1480 88
5538 + 1480
5538 + 1480
5539 # 1504
5539 - 1480 88
5539 # 1504
5539 - 1480 87
5539 + 1480
5539 + 1480
5540 # 1504
5540 - 1480 86
5540 + 1480
5540 + 1480
5540 d 1 1480
5541 # 1504
5541 - 1480 87
5541 # 1504
5541 - 1480 85
5541 + 1480
5541 + 1480
5542 # 1504
5542 - 1480 85
5542 + 1480
5542 + 1480
5543 # 1504
5543 - 1480 85
5544 + 1480
5544 + 1480
5544 d 1 1480
5545 # 1504
5545 - 1480 84
5545 # 1504
5545 - 1480 84
5545 # 1504
5545 - 1480 82
5545 + 1480
5545 + 1480
5546 # 1504
5546 - 1480 82
5546 + 1480
5546 + 1480
5547 + 1480
5547 + 1480
5547 d 1 1480
5548 # 1504
5548 - 1480 81
5548 + 1480
5548 + 1480
5549 # 1504
5549 - 1480 82
5549 + 1480
5549 + 1480
5549 d 1 1480
5550 + 1480
5550 d 1 1480
5550 + 1480
5550 d 1 1480
5551 # 1504
5551 - 1480 82
5552 + 1480
5552 + 1480
5553 # 1504
5553 - 1480 84
5553 + 1480
5553 + 1480
5554 + 1480
5554 d 1 1480
5554 + 1480
5554 d 1 1480
5555 + 1480
5555 d 1 1480
5555 + 1480
5555 d 1 1480
5556 + 1480
5556 d 1 1480
5556 + 1480
5556 d 1 1480
5558 + 1480
5558 d 1 1480
5558 + 1480
5558 d 1 1480
5559 + 1480
5559 d 1 1480
5559 + 1480
5559 d 1 1480
5560 + 1480
5560 d 1 1480
5560 + 1480
5560 d 1 1480
5561 + 1480
5561 d 1 1480
5561 + 1480
5561 d 1 1480
5562 + 1480
5562 d 1 1480
5562 + 1480
5562 d 1 1480
5563 # 1504
5563 - 1480 91
5563 # 1504
5563 - 1480 90
5563 # 1504
5563 - 1480 85
5563 # 1504
5563 - 1480 85
5563 # 1504
5563 - 1480 84
5563 # 1504
5563 - 1480 82
5563 + 1480
5563 + 1480
5564 + 1480
5564 + 1480
5566 + 1480
5566 + 1480
5567 + 1480
5567 + 1480
5568 + 1480
5568 + 1480
5568 d 1 1480
5569 + 1480
5569 d 1 1480
5569 + 1480
5569 d 1 1480
5570 # 1504
5570 - 1480 89
5570 + 1480
5570 + 1480
5571 + 1480
5571 + 1480
5571 d 1 1480
5573 + 1480
5573 d 1 1480
5573 + 1480
5573 d 1 1480
5574 # 1504
5574 - 1480 92
5574 # 1504
5574 - 1480 88
5574 # 1504
5574 - 1480 78
5574 # 1504
5574 - 1480 78
5574 # 1504
5574 - 1480 77
5574 + 1480
5574 + 1480
5575 + 1480
5575 + 1480
5576 + 1480
5576 + 1480
5577 + 1480
5577 + 1480
5577 d 1 1480
5578 + 1480
5578 d 1 1480
5578 + 1480
5578 d 1 1480
5580 # 1504
5580 - 1480 83
5580 # 1504
5580 - 1480 82
5580 # 1504
5580 - 1480 80
5580 # 1504
5580 - 1480 79
5580 # 1504
5580 - 1480 78
5580 # 1504
5580 - 1480 78
5580 # 1504
5580 - 1480 78
5580 + 1480
5580 + 1480
5581 + 1480
5581 + 1480
5582 + 1480
5582 + 1480
5583 + 1480
5583 + 1480
5584 + 1480
5584 + 1480
5584 d 1 1480
5585 + 1480
5585 d 1 1480
5585 + 1480
5585 d 1 1480
5586 + 1480
5586 d 1 1480
5586 + 1480
5586 d 1 1480
5588 + 1480
5588 d 1 1480
5588 + 1480
5588 d 1 1480
5589 # 1504
5589 - 1480 86
5589 # 1504
5589 - 1480 86
5589 + 1480
5589 + 1480
5590 + 1480
5590 + 1480
5591 + 1480
5591 + 1480
5591 d 1 1480
5592 + 1480
5592 d 1 1480
5592 + 1480
5592 d 1 1480
5593 + 1480
5593 d 1 1480
5593 + 1480
5593 d 1 1480
5595 # 1504
5595 - 1480 90
5595 # 1504
5595 - 1480 88
5595 # 1504
5595 - 1480 87
5595 # 1504
5595 - 1480 86
5595 # 1504
5595 - 1480 86
5595 # 1504
5595 - 1480 85
5595 # 1504
5595 - 1480 85
5595 # 1504
5595 - 1480 84
5595 # 1504
5595 - 1480 84
5595 # 1504
5595 - 1480 83
5595 # 1504
5595 - 1480 83
5595 - 1480 82
5595 # 1504
5595 - 1480 82
5595 + 1480
5595 + 1480
5596 # 1504
5596 - 1480 81
5596 + 1480
5596 + 1480
5597 # 1504
5597 - 1480 82
5597 + 1480
5597 + 1480
5598 # 1504
5598 - 1480 82
5598 + 1480
5598 + 1480
5599 # 1504
5599 - 1480 83
5599 + 1480
5599 + 1480
5600 # 1504
5600 - 1480 82
5600 + 1480
5600 + 1480
5601 # 1504
5601 - 1480 82
5601 + 1480
5602 + 1480
5603 + 1480
5603 + 1480
5604 + 1480
5604 + 1480
5605 + 1480
5605 + 1480
5606 + 1480
5606 + 1480
5607 + 1480
5607 + 1480
5607 d 1 1480
5608 + 1480
5608 d 1 1480
5608 + 1480
5608 d 1 1480
5610 # 1504
5610 - 1480 91
5610 + 1480
5610 + 1480
5611 + 1480
5611 + 1480
5612 # 1504
5612 - 1480 92
5612 # 1504
5612 - 1480 88
5612 # 1504
5612 - 1480 88
5612 # 1504
5612 - 1480 87
5612 # 1504
5612 - 1480 87
5612 # 1504
5612 - 1480 85
5612 # 1504
5612 - 1480 85
5612 + 1480
5612 + 1480
5613 # 1504
5613 - 1480 84
5613 + 1480
5613 + 1480
5614 # 1504
5614 - 1480 85
5614 + 1480
5614 + 1480
5615 # 1504
5615 - 1480 85
5615 + 1480
5615 + 1480
5616 # 1504
5616 - 1480 85
5617 + 1480
5617 + 1480
5618 + 1480
5618 + 1480
5619 + 1480
5619 + 1480
5619 d 1 1480
5620 + 1480
5620 d 1 1480
5620 + 1480
5620 d 1 1480
5621 + 1480
5621 d 1 1480
5621 + 1480
5621 d 1 1480
5622 + 1480
5622 d 1 1480
5622 + 1480
5622 d 1 1480
5624 + 1480
5624 d 1 1480
5624 + 1480
5624 d 1 1480
5625 # 1504
5625 - 1480 93
5625 + 1480
5625 + 1480
5626 # 1504
5626 - 1480 92
5626 # 1504
5626 - 1480 89
5626 # 1504
5626 - 1480 88
5626 # 1504
5626 - 1480 88
5626 # 1504
5626 - 1480 87
5626 # 1504
5626 - 1480 87
5626 # 1504
5626 - 1480 86
5626 # 1504
5626 - 1480 85
5626 + 1480
5626 + 1480
5627 # 1504
5627 - 1480 86
5627 + 1480
5627 + 1480
5628 + 1480
5628 + 1480
5629 # 1504
5629 - 1480 87
5629 + 1480
5629 + 1480
5630 # 1504
5630 - 1480 88
5630 + 1480
5630 + 1480
5631 # 1504
5631 - 1480 86
5632 # 1504
5632 - 1480 87
5632 + 1480
5632 + 1480
5633 # 1504
5633 - 1480 87
5633 + 1480
5633 + 1480
5634 + 1480
5634 + 1480
5635 + 1480
5635 + 1480
5636 # 1504
5636 - 1480 89
5636 + 1480
5636 + 1480
5637 # 1504
5637 - 1480 89
5637 + 1480
5637 + 1480
5638 # 1504
5638 - 1480 89
5638 # 1504
5638 - 1480 86
5639 # 1504
5639 - 1480 86
5639 + 1480
5639 + 1480
5640 # 1504
5640 - 1480 87
5640 + 1480
5640 + 1480
5641 # 1504
5641 - 1480 78
5641 + 1480
5641 + 1480
5642 + 1480
5642 d 1 1480
5642 + 1480
5642 d 1 1480
5643 + 1480
5643 d 1 1480
5643 + 1480
5643 d 1 1480
5644 + 1480
5644 d 1 1480
5644 + 1480
5644 d 1 1480
5646 + 1480
5646 d 1 1480
5646 + 1480
5646 d 1 1480
5647 + 1480
5647 d 1 1480
5647 + 1480
5647 d 1 1480
5648 + 1480
5648 d 1 1480
5648 + 1480
5648 d 1 1480
5649 + 1480
5649 d 1 1480
5649 + 1480
5649 d 1 1480
5650 + 1480
5650 d 1 1480
5650 + 1480
5650 d 1 1480
5651 # 1504
5651 - 1480 87
5651 # 1504
5651 - 1480 87
5651 # 1504
5651 - 1480 84
5651 # 1504
5651 - 1480 83
5651 # 1504
5651 - 1480 81
5651 # 1504
5651 - 1480 81
5651 # 1504
5651 - 1480 80
5651 # 1504
5651 - 1480 77
5651 + 1480
5651 + 1480
5652 # 1504
5652 - 1480 78
5652 + 1480
5653 + 1480
5654 + 1480
5654 + 1480
5655 # 1504
5655 - 1480 80
5655 # 1504
5655 - 1480 79
5655 # 1504
5655 - 1480 78
5655 + 1480
5655 + 1480
5656 # 1504
5656 - 1480 76
5656 + 1480
5656 + 1480
5657 # 1504
5657 - 1480 77
5657 + 1480
5657 + 1480
5658 + 1480
5658 + 1480
5659 # 1504
5659 - 1480 78
5659 + 1480
5659 + 1480
5660 # 1504
5660 - 1480 79
5661 + 1480
5661 + 1480
5662 + 1480
5662 + 1480
5663 + 1480
5663 + 1480
5664 + 1480
5664 d 1 1480
5664 + 1480
5664 d 1 1480
5665 + 1480
5665 d 1 1480
5665 + 1480
5665 d 1 1480
5666 + 1480
5666 d 1 1480
5666 + 1480
5666 d 1 1480
5668 + 1480
5668 d 1 1480
5668 + 1480
5668 d 1 1480
5669 # 1504
5669 - 1480 87
5669 # 1504
5669 - 1480 86
5669 # 1504
5669 - 1480 80
5669 # 1504
5669 - 1480 79
5669 # 1504
5669 - 1480 79
5669 - 1480 78
5669 + 1480
5669 + 1480
5670 # 1504
5670 - 1480 75
5670 # 1504
5670 - 1480 75
5670 # 1504
5670 - 1480 74
5670 + 1480
5670 + 1480
5671 + 1480
5671 + 1480
5672 # 1504
5672 - 1480 75
5672 + 1480
5672 + 1480
5673 # 1504
5673 - 1480 76
5673 + 1480
5673 + 1480
5675 # 1504
5675 - 1480 77
5675 + 1480
5675 + 1480
5676 + 1480
5676 + 1480
5677 # 1504
5677 - 1480 78
5677 + 1480
5677 + 1480
5678 # 1504
5678 - 1480 79
5678 + 1480
5678 + 1480
5679 + 1480
5679 + 1480
5680 + 1480
5680 d 1 1480
5680 + 1480
5680 d 1 1480
5681 + 1480
5681 d 1 1480
5681 + 1480
5681 d 1 1480
5683 + 1480
5683 d 1 1480
5683 + 1480
5683 d 1 1480
5684 + 1480
5684 d 1 1480
5684 + 1480
5684 d 1 1480
5685 + 1480
5685 d 1 1480
5685 + 1480
5685 d 1 1480
5686 + 1480
5686 d 1 1480
5686 + 1480
5686 d 1 1480
5687 + 1480
5687 d 1 1480
5687 + 1480
5687 d 1 1480
5688 # 1504
5688 - 1480 88
5688 # 1504
5688 - 1480 87
5688 # 1504
5688 - 1480 84
5688 # 1504
5688 - 1480 83
5688 # 1504
5688 - 1480 83
5688 + 1480
5688 + 1480
5689 # 1504
5689 - 1480 83
5690 + 1480
5690 + 1480
5691 + 1480
5691 + 1480
5692 + 1480
5692 + 1480
5693 + 1480
5693 + 1480
5694 + 1480
5694 d 1 1480
5694 + 1480
5694 d 1 1480
5695 + 1480
5695 d 1 1480
5695 + 1480
5695 d 1 1480
5696 # 1504
5696 - 1480 90
5696 # 1504
5696 - 1480 89
5696 # 1504
5696 - 1480 85
5696 # 1504
5696 - 1480 85
5697 + 1480
5697 + 1480
5698 # 1504
5698 - 1480 86
5698 + 1480
5698 + 1480
5699 + 1480
5699 + 1480
5700 + 1480
5700 + 1480
5701 + 1480
5701 d 1 1480
5701 + 1480
5701 d 1 1480
5702 + 1480
5702 d 1 1480
5702 + 1480
5702 d 1 1480
5703 + 1480
5703 d 1 1480
5703 + 1480
5703 d 1 1480
5705 + 1480
5705 d 1 1480
5705 + 1480
5705 d 1 1480
5706 + 1480
5706 d 1 1480
5706 + 1480
5706 d 1 1480
5707 + 1480
5707 d 1 1480
5707 + 1480
5707 d 1 1480
5708 # 1504
5708 - 1480 96
5708 # 1504
5708 - 1480 95
5708 # 1504
5708 - 1480 93
5708 + 1480
5708 + 1480
5709 + 1480
5709 + 1480
5710 + 1480
5710 + 1480
5712 + 1480
5712 d 1 1480
5712 + 1480
5712 d 1 1480
5713 # 1504
5713 - 1480 96
5713 # 1504
5713 - 1480 96
5713 # 1504
5713 - 1480 94
5713 # 1504
5713 - 1480 88
5713 + 1480
5713 + 1480
5714 + 1480
5714 + 1480
5715 # 1504
5715 - 1480 90
5715 + 1480
5715 + 1480
5716 # 1504
5716 - 1480 90
5716 + 1480
5716 + 1480
5717 # 1504
5717 - 1480 90
5717 + 1480
5717 + 1480
5719 + 1480
5719 d 1 1480
5719 + 1480
5719 d 1 1480
5720 # 1504
5720 - 1480 93
5720 + 1480
5720 + 1480
5721 # 1504
5721 - 1480 93
5721 + 1480
5721 + 1480
5722 + 1480
5722 d 1 1480
5722 + 1480
5722 d 1 1480
5723 # 1504
5723 - 1480 94
5723 + 1480
5723 + 1480
5723 d 1 1480
5724 + 1480
5724 d 1 1480
5724 + 1480
5724 d 1 1480
5725 # 1504
5725 - 1480 95
5725 + 1480
5725 + 1480
5727 # 1504
5727 - 1480 97
5727 + 1480
5727 + 1480
5728 # 1504
5728 - 1480 96
5728 + 1480
5728 + 1480
5728 d 1 1480
5729 # 1504
5729 - 1480 96
5729 + 1480
5729 + 1480
5729 d 1 1480
5730 + 1480
5730 d 1 1480
5730 + 1480
5730 d 1 1480
5731 # 1504
5731 - 1480 97
5731 + 1480
5731 + 1480
5732 # 1504
5732 - 1480 98
5732 + 1480
5732 + 1480
5732 d 1 1480
5733 # 1504
5733 - 1480 98
5734 # 1504
5734 - 1480 98
5734 + 1480
5734 + 1480
5735 + 1480
5735 + 1480
5735 d 1 1480
5736 # 1504
5736 - 1480 99
5736 + 1480
5736 + 1480
5737 # 1504
5737 - 1480 100
5737 + 1480
5737 + 1480
5737 d 1 1480
5738 # 1504
5738 - 1480 99
5738 + 1480
5738 + 1480
5738 d 1 1480
5739 # 1504
5739 - 1480 99
5739 + 1480
5739 + 1480
5740 # 1504
5740 - 1480 100
5741 # 1504
5741 - 1480 100
5741 + 1480
5741 + 1480
5742 + 1480
5742 d 1 1480
5742 + 1480
5742 d 1 1480
5743 # 1504
5743 - 1480 92
5743 + 1480
5743 + 1480
5744 # 1504
5744 - 1480 93
5744 # 1504
5744 - 1480 91
5744 + 1480
5744 + 1480
5745 + 1480
5745 d 1 1480
5745 + 1480
5745 d 1 1480
5746 # 1504
5746 - 1480 92
5746 + 1480
5746 + 1480
5747 + 1480
5747 d 1 1480
5747 + 1480
5747 d 1 1480
5749 + 1480
5749 d 1 1480
5749 + 1480
5749 d 1 1480
5750 + 1480
5750 d 1 1480
5750 + 1480
5750 d 1 1480
5751 # 1504
5751 - 1480 97
5751 # 1504
5751 - 1480 96
5751 # 1504
5751 - 1480 94
5751 # 1504
5751 - 1480 94
5751 + 1480
5751 + 1480
5752 # 1504
5752 - 1480 94
5752 + 1480
5752 + 1480
5753 # 1504
5753 - 1480 95
5753 + 1480
5753 + 1480
5754 # 1504
5754 - 1480 95
5754 + 1480
5754 + 1480
5756 + 1480
5756 + 1480
5757 + 1480
5757 d 1 1480
5757 + 1480
5757 d 1 1480
5758 + 1480
5758 d 1 1480
5758 + 1480
5758 d 1 1480
5759 + 1480
5759 d 1 1480
5759 + 1480
5759 d 1 1480
5760 + 1480
5760 d 1 1480
5760 + 1480
5760 d 1 1480
5761 + 1480
5761 d 1 1480
5761 + 1480
5761 d 1 1480
5763 # 1504
5763 - 1480 104
5763 # 1504
5763 - 1480 102
5763 # 1504
5763 - 1480 100
5763 # 1504
5763 - 1480 94
5763 - 1480 94
5763 # 1504
5763 - 1480 93
5763 # 1504
5763 - 1480 93
5763 # 1504
5763 - 1480 92
5763 + 1480
5763 + 1480
5764 # 1504
5764 - 1480 93
5764 + 1480
5764 + 1480
5765 # 1504
5765 - 1480 93
5765 + 1480
5765 + 1480
5766 # 1504
5766 - 1480 94
5766 + 1480
5766 + 1480
5767 # 1504
5767 - 1480 94
5767 + 1480
5767 + 1480
5768 # 1504
5768 - 1480 93
5768 + 1480
5768 + 1480
5769 # 1504
5769 - 1480 94
5769 + 1480
5769 + 1480
5771 + 1480
5771 + 1480
5772 + 1480
5772 + 1480
5773 # 1504
5773 - 1480 97
5773 # 1504
5773 - 1480 96
5773 + 1480
5773 + 1480
5774 # 1504
5774 - 1480 96
5774 + 1480
5774 + 1480
5775 # 1504
5775 - 1480 97
5775 + 1480
5775 + 1480
5776 # 1504
5776 - 1480 97
5776 + 1480
5776 + 1480
5777 # 1504
5777 - 1480 89
5778 + 1480
5778 + 1480
5778 d 1 1480
5779 # 1504
5779 - 1480 91
5779 + 1480
5779 + 1480
5780 # 1504
5780 - 1480 90
5780 + 1480
5780 + 1480
5780 d 1 1480
5781 # 1504
5781 - 1480 90
5781 + 1480
5781 + 1480
5782 + 1480
5782 d 1 1480
5782 + 1480
5782 d 1 1480
5783 # 1504
5783 - 1480 92
5783 + 1480
5784 # 1504
5784 - 1480 92
5784 + 1480
5784 + 1480
5784 + 1480
5784 d 1 1480
5785 # 1504
5785 - 1480 92
5786 + 1480
5786 + 1480
5786 d 1 1480
5787 # 1504
5787 - 1480 90
5787 + 1480
5787 + 1480
5788 # 1504
5788 - 1480 91
5788 + 1480
5788 + 1480
5788 d 1 1480
5789 # 1504
5789 - 1480 91
5789 + 1480
5789 + 1480
5789 d 1 1480
5790 # 1504
5790 - 1480 91
5790 + 1480
5790 + 1480
5791 + 1480
5791 d 1 1480
5792 + 1480
5792 d 1 1480
5793 + 1480
5793 d 1 1480
5793 + 1480
5793 d 1 1480
5794 + 1480
5794 d 1 1480
5794 + 1480
5794 d 1 1480
5795 # 1504
5795 - 1480 96
5795 # 1504
5795 - 1480 95
5795 # 1504
5795 - 1480 87
5795 # 1504
5795 - 1480 86
5795 + 1480
5795 + 1480
5796 # 1504
5796 - 1480 87
5796 + 1480
5796 + 1480
5797 + 1480
5797 + 1480
5798 # 1504
5798 - 1480 88
5798 + 1480
5798 + 1480
5800 + 1480
5800 d 1 1480
5800 + 1480
5800 d 1 1480
5801 + 1480
5801 d 1 1480
5801 + 1480
5801 d 1 1480
5802 + 1480
5802 d 1 1480
5802 + 1480
5802 d 1 1480
5803 + 1480
5803 d 1 1480
5803 + 1480
5803 d 1 1480
5804 + 1480
5804 d 1 1480
5804 + 1480
5804 d 1 1480
5805 + 1480
5805 d 1 1480
5805 + 1480
5805 d 1 1480
5807 + 1480
5807 d 1 1480
5807 + 1480
5807 d 1 1480
5808 + 1480
5808 d 1 1480
5808 + 1480
5808 d 1 1480
5809 + 1480
5809 d 1 1480
5809 + 1480
5809 d 1 1480
5810 + 1480
5810 d 1 1480
5810 + 1480
5810 d 1 1480
5811 + 1480
5811 d 1 1480
5811 + 1480
5811 d 1 1480
5812 + 1480
5812 d 1 1480
5812 + 1480
5812 d 1 1480
5814 + 1480
5814 d 1 1480
5814 + 1480
5814 d 1 1480
5815 # 1504
5815 - 1480 102
5815 # 1504
5815 - 1480 102
5815 # 1504
5815 - 1480 98
5815 # 1504
5815 - 1480 98
5815 + 1480
5815 + 1480
5816 + 1480
5816 + 1480
5817 # 1504
5817 - 1480 97
5817 # 1504
5817 - 1480 97
5817 + 1480
5817 + 1480
5818 # 1504
5818 - 1480 97
5818 + 1480
5818 + 1480
5819 + 1480
5819 + 1480
5820 + 1480
5820 + 1480
5822 + 1480
5822 + 1480
5823 + 1480
5823 d 1 1480
5823 + 1480
5823 d 1 1480
5824 # 1504
5824 - 1480 101
5824 # 1504
5824 - 1480 99
5824 + 1480
5824 + 1480
5825 + 1480
5825 + 1480
5826 + 1480
5826 d 1 1480
5826 + 1480
5826 d 1 1480
5827 + 1480
5827 d 1 1480
5827 + 1480
5827 d 1 1480
5829 # 1504
5829 - 1480 102
5829 # 1504
5829 - 1480 101
5829 # 1504
5829 - 1480 98
5829 # 1504
5829 - 1480 97
5829 # 1504
5829 - 1480 95
5829 # 1504
5829 - 1480 95
5829 + 1480
5829 + 1480
5830 # 1504
5830 - 1480 95
5830 + 1480
5830 + 1480
5831 + 1480
5831 + 1480
5832 + 1480
5832 + 1480
5833 # 1504
5833 - 1480 97
5833 + 1480
5834 + 1480
5834 + 1480
5834 + 1480
5834 d 1 1480
5836 + 1480
5836 d 1 1480
5836 + 1480
5836 d 1 1480
5837 + 1480
5837 d 1 1480
5837 + 1480
5837 d 1 1480
5838 + 1480
5838 d 1 1480
5838 + 1480
5838 d 1 1480
5839 + 1480
5839 d 1 1480
5839 + 1480
5839 d 1 1480
5840 + 1480
5840 d 1 1480
5840 + 1480
5840 d 1 1480
5841 + 1480
5841 d 1 1480
5841 + 1480
5841 d 1 1480
5842 + 1480
5842 d 1 1480
5842 + 1480
5842 d 1 1480
5844 + 1480
5844 d 1 1480
5844 + 1480
5844 d 1 1480
5845 + 1480
5845 d 1 1480
5845 + 1480
5845 d 1 1480
5846 + 1480
5846 d 1 1480
5846 + 1480
5846 d 1 1480
5847 + 1480
5847 d 1 1480
5847 + 1480
5847 d 1 1480
5848 + 1480
5848 d 1 1480
5848 + 1480
5848 d 1 1480
5849 + 1480
5849 d 1 1480
5849 + 1480
5849 d 1 1480
5851 + 1480
5851 d 1 1480
5851 + 1480
5851 d 1 1480
5852 + 1480
5852 d 1 1480
5852 + 1480
5852 d 1 1480
5853 + 1480
5853 d 1 1480
5853 + 1480
5853 d 1 1480
5854 + 1480
5854 d 1 1480
5854 + 1480
5854 d 1 1480
5855 # 1504
5855 - 1480 119
5855 + 1480
5855 + 1480
5856 # 1504
5856 - 1480 118
5856 + 1480
5856 + 1480
5857 # 1504
5857 - 1480 113
5858 + 1480
5858 + 1480
5859 # 1504
5859 - 1480 113
5859 + 1480
5859 + 1480
5860 # 1504
5860 - 1480 109
5860 + 1480
5860 + 1480
5861 # 1504
5861 - 1480 109
5861 + 1480
5861 + 1480
5862 + 1480
5862 + 1480
5863 # 1504
5863 - 1480 111
5863 + 1480
5863 + 1480
5864 # 1504
5864 - 1480 111
5864 + 1480
5864 + 1480
5865 # 1504
5865 - 1480 111
5866 + 1480
5866 + 1480
5867 + 1480
5867 d 1 1480
5867 + 1480
5867 d 1 1480
5868 # 1504
5868 - 1480 114
5868 + 1480
5868 + 1480
5869 # 1504
5869 - 1480 113
5869 + 1480
5869 + 1480
5869 d 1 1480
5870 + 1480
5870 d 1 1480
5870 + 1480
5870 d 1 1480
5871 + 1480
5871 d 1 1480
5871 + 1480
5871 d 1 1480
5873 # 1504
5873 - 1480 110
5873 # 1504
5873 - 1480 109
5873 + 1480
5873 + 1480
5874 + 1480
5874 + 1480
5874 d 1 1480
5875 + 1480
5875 d 1 1480
5875 + 1480
5875 d 1 1480
5876 # 1504
5876 - 1480 111
5876 - 1480 111
5876 + 1480
5876 + 1480
5877 # 1504
5877 - 1480 111
5877 + 1480
5877 + 1480
5878 + 1480
5878 + 1480
5878 d 1 1480
5879 # 1504
5879 - 1480 112
5880 # 1504
5880 - 1480 112
5880 + 1480
5880 + 1480
5881 + 1480
5881 + 1480
5881 d 1 1480
5882 # 1504
5882 - 1480 114
5882 + 1480
5882 + 1480
5882 d 1 1480
5883 # 1504
5883 - 1480 114
5883 + 1480
5883 + 1480
5884 + 1480
5884 d 1 1480
5884 + 1480
5884 d 1 1480
5885 + 1480
5885 d 1 1480
5885 + 1480
5885 d 1 1480
5886 # 1504
5886 - 1480 115
5886 + 1480
5886 + 1480
5888 + 1480
5888 d 1 1480
5888 + 1480
5888 d 1 1480
5889 + 1480
5889 d 1 1480
5889 + 1480
5889 d 1 1480
5890 + 1480
5890 d 1 1480
5890 + 1480
5890 d 1 1480
5891 + 1480
5891 d 1 1480
5891 + 1480
5891 d 1 1480
5892 + 1480
5892 d 1 1480
5892 + 1480
5892 d 1 1480
5893 + 1480
5893 d 1 1480
5893 + 1480
5893 d 1 1480
5895 # 1504
5895 - 1480 123
5895 # 1504
5895 - 1480 122
5895 # 1504
5895 - 1480 120
5895 # 1504
5895 - 1480 120
5895 # 1504
5895 - 1480 119
5895 # 1504
5895 - 1480 119
5895 # 1504
5895 - 1480 117
5895 # 1504
5895 - 1480 116
5895 # 1504
5895 - 1480 116
5895 + 1480
5895 + 1480
5896 # 1504
5896 - 1480 116
5896 + 1480
5896 + 1480
5897 # 1504
5897 - 1480 116
5897 + 1480
5897 + 1480
5898 # 1504
5898 - 1480 117
5898 + 1480
5898 + 1480
5899 # 1504
5899 - 1480 116
5899 + 1480
5899 + 1480
5900 # 1504
5900 - 1480 116
5900 + 1480
5900 + 1480
5901 # 1504
5901 - 1480 115
5902 + 1480
5902 + 1480
5903 # 1504
5903 - 1480 116
5903 # 1504
5903 - 1480 115
5903 + 1480
5903 + 1480
5904 # 1504
5904 - 1480 115
5904 + 1480
5904 + 1480
5905 # 1504
5905 - 1480 115
5905 + 1480
5905 + 1480
5906 # 1504
5906 - 1480 111
5906 + 1480
5906 + 1480
5907 + 1480
5907 + 1480
5908 # 1504
5908 - 1480 113
5908 # 1504
5908 - 1480 112
5909 # 1504
5909 - 1480 112
5909 + 1480
5909 + 1480
5910 + 1480
5910 + 1480
5911 # 1504
5911 - 1480 114
5911 + 1480
5911 + 1480
5912 # 1504
5912 - 1480 114
5912 + 1480
5912 + 1480
5913 # 1504
5913 - 1480 98
5913 + 1480
5913 + 1480
5914 # 1504
5914 - 1480 99
5914 + 1480
5914 + 1480
5915 + 1480
5915 d 1 1480
5915 + 1480
5915 d 1 1480
5916 # 1504
5916 - 1480 100
5917 # 1504
5917 - 1480 100
5917 + 1480
5917 + 1480
5918 # 1504
5918 - 1480 100
5918 + 1480
5918 + 1480
5919 + 1480
5919 d 1 1480
5919 + 1480
5919 d 1 1480
5920 + 1480
5920 d 1 1480
5920 + 1480
5920 d 1 1480
5921 + 1480
5921 d 1 1480
5921 + 1480
5921 d 1 1480
5922 + 1480
5922 d 1 1480
5922 + 1480
5922 d 1 1480
5924 + 1480
5924 d 1 1480
5924 + 1480
5924 d 1 1480
5925 + 1480
5925 d 1 1480
5925 + 1480
5925 d 1 1480
5926 + 1480
5926 d 1 1480
5926 + 1480
5926 d 1 1480
5927 # 1504
5927 - 1480 109
5927 + 1480
5927 + 1480
5928 + 1480
5928 + 1480
5929 + 1480
5929 d 1 1480
5929 + 1480
5929 d 1 1480
5930 # 1504
5930 - 1480 111
5930 # 1504
5930 - 1480 108
5930 # 1504
5930 - 1480 106
5930 # 1504
5930 - 1480 106
5930 # 1504
5930 - 1480 105
5931 # 1504
5931 - 1480 106
5931 # 1504
5931 - 1480 102
5931 + 1480
5931 + 1480
5932 + 1480
5932 + 1480
5933 + 1480
5933 + 1480
5934 + 1480
5934 + 1480
5935 + 1480
5935 + 1480
5935 d 1 1480
5936 # 1504
5936 - 1480 106
5936 + 1480
5936 + 1480
5937 # 1504
5937 - 1480 107
5937 # 1504
5937 - 1480 106
5937 # 1504
5937 - 1480 105
5937 # 1504
5937 - 1480 104
5937 # 1504
5937 - 1480 103
5937 + 1480
5937 + 1480
5938 # 1504
5938 - 1480 104
5938 # 1504
5938 - 1480 83
5939 # 1504
5939 - 1480 84
5939 + 1480
5939 + 1480
5940 # 1504
5940 - 1480 84
5940 + 1480
5940 + 1480
5941 # 1504
5941 - 1480 85
5941 + 1480
5941 + 1480
5942 + 1480
5942 + 1480
5943 + 1480
5943 + 1480
5944 + 1480
5944 d 1 1480
5944 + 1480
5944 d 1 1480
5946 + 1480
5946 d 1 1480
5946 + 1480
5946 d 1 1480
5947 + 1480
5947 d 1 1480
5947 + 1480
5947 d 1 1480
5948 + 1480
5948 d 1 1480
5948 + 1480
5948 d 1 1480
5949 + 1480
5949 d 1 1480
5949 + 1480
5949 d 1 1480
5950 + 1480
5950 d 1 1480
5950 + 1480
5950 d 1 1480
5951 + 1480
5951 d 1 1480
5951 + 1480
5951 d 1 1480
5953 + 1480
5953 d 1 1480
5953 + 1480
5953 d 1 1480
5954 + 1480
5954 d 1 1480
5954 + 1480
5954 d 1 1480
5955 + 1480
5955 d 1 1480
5955 + 1480
5955 d 1 1480
5956 + 1480
5956 d 1 1480
5956 + 1480
5956 d 1 1480
5957 + 1480
5957 d 1 1480
5957 + 1480
5957 d 1 1480
5958 # 1504
5958 - 1480 100
5958 # 1504
5958 - 1480 99
5958 # 1504
5958 - 1480 96
5958 # 1504
5958 - 1480 95
5958 # 1504
5958 - 1480 95
5958 # 1504
5958 - 1480 94
5958 # 1504
5958 - 1480 94
5958 - 1480 92
5958 + 1480
5958 + 1480
5959 # 1504
5959 - 1480 93
5959 # 1504
5959 - 1480 91
5959 # 1504
5959 - 1480 91
5959 # 1504
5959 - 1480 90
5959 + 1480
5959 + 1480
5961 + 1480
5961 + 1480
5962 + 1480
5962 + 1480
5963 + 1480
5963 + 1480
5964 + 1480
5964 + 1480
5965 + 1480
5965 + 1480
5966 + 1480
5966 + 1480
5967 # 1504
5967 - 1480 94
5967 # 1504
5967 - 1480 94
5967 # 1504
5967 - 1480 90
5967 # 1504
5967 - 1480 90
5967 # 1504
5967 - 1480 89
5967 + 1480
5968 # 1504
5968 - 1480 88
5968 + 1480
5969 # 1504
5969 - 1480 89
5969 # 1504
5969 - 1480 88
5969 + 1480
5969 + 1480
5970 + 1480
5970 + 1480
5971 # 1504
5971 - 1480 89
5971 + 1480
5971 + 1480
5972 # 1504
5972 - 1480 89
5972 # 1504
5972 - 1480 86
5972 + 1480
5972 + 1480
5973 + 1480
5973 + 1480
5974 # 1504
5974 - 1480 88
5974 # 1504
5974 - 1480 79
5975 # 1504
5975 - 1480 79
5975 + 1480
5975 + 1480
5976 + 1480
5976 + 1480
5977 # 1504
5977 - 1480 81
5977 # 1504
5977 - 1480 80
5977 + 1480
5977 + 1480
5978 + 1480
5978 + 1480
5979 + 1480
5979 + 1480
5980 + 1480
5980 + 1480
5981 + 1480
5981 d 1 1480
5981 + 1480
5981 d 1 1480
5984 + 1480
5984 d 1 1480
5984 + 1480
5984 d 1 1480
5984 + 1480
5984 d 1 1480
5984 + 1480
5984 d 1 1480
5985 + 1480
5985 d 1 1480
5985 + 1480
5985 d 1 1480
5986 # 1504
5986 - 1480 88
5986 + 1480
5986 + 1480
5987 # 1504
5987 - 1480 89
5987 + 1480
5987 + 1480
5988 # 1504
5988 - 1480 88
5988 + 1480
5988 + 1480
5989 # 1504
5989 - 1480 87
5989 # 1504
5989 - 1480 86
5989 # 1504
5989 - 1480 86
5989 # 1504
5989 - 1480 85
5989 # 1504
5989 - 1480 85
5989 # 1504
5989 - 1480 84
5990 + 1480
5990 + 1480
5991 + 1480
5991 + 1480
5992 + 1480
5992 + 1480
5993 + 1480
5993 + 1480
5993 d 1 1480
5994 + 1480
5994 d 1 1480
5994 + 1480
5994 d 1 1480
5995 + 1480
5995 d 1 1480
5995 + 1480
5995 d 1 1480
5997 + 1480
5997 d 1 1480
5997 + 1480
5997 d 1 1480
5998 # 1504
5998 - 1480 93
5998 # 1504
5998 - 1480 92
5998 + 1480
5998 + 1480
5999 + 1480
5999 + 1480
6000 + 1480
6000 + 1480
6000 d 1 1480
6001 # 1504
6001 - 1480 92
6001 # 1504
6001 - 1480 92
6001 # 1504
6001 - 1480 91
6001 # 1504
6001 - 1480 90
6001 # 1504
6001 - 1480 90
6001 # 1504
6001 - 1480 89
6001 + 1480
6001 + 1480
6002 + 1480
6002 + 1480
6003 + 1480
6003 + 1480
6004 # 1504
6004 - 1480 92
6005 + 1480
6005 + 1480
6006 + 1480
6006 + 1480
6006 d 1 1480
6007 + 1480
6007 d 1 1480
6007 + 1480
6007 d 1 1480
6008 + 1480
6008 d 1 1480
6008 + 1480
6008 d 1 1480
6009 + 1480
6009 d 1 1480
6009 + 1480
6009 d 1 1480
6010 + 1480
6010 d 1 1480
6010 + 1480
6010 d 1 1480
6012 + 1480
6012 d 1 1480
6012 + 1480
6012 d 1 1480
6013 # 1504
6013 - 1480 100
6013 + 1480
6013 + 1480
6014 # 1504
6014 - 1480 100
6014 # 1504
6014 - 1480 96
6014 # 1504
6014 - 1480 96
6014 # 1504
6014 - 1480 87
6014 # 1504
6014 - 1480 87
6014 + 1480
6014 + 1480
6015 # 1504
6015 - 1480 87
6015 + 1480
6015 + 1480
6016 # 1504
6016 - 1480 88
6016 + 1480
6016 + 1480
6017 # 1504
6017 - 1480 86
6017 + 1480
6017 + 1480
6018 # 1504
6018 - 1480 86
6019 # 1504
6019 - 1480 87
6019 + 1480
6019 + 1480
6020 + 1480
6020 + 1480
6021 + 1480
6021 + 1480
6022 + 1480
6022 d 1 1480
6022 + 1480
6022 d 1 1480
6023 + 1480
6023 d 1 1480
6023 + 1480
6023 d 1 1480
6024 + 1480
6024 d 1 1480
6024 + 1480
6024 d 1 1480
6026 + 1480
6026 d 1 1480
6026 + 1480
6026 d 1 1480
6027 + 1480
6027 d 1 1480
6027 + 1480
6027 d 1 1480
6028 # 1504
6028 - 1480 95
6028 # 1504
6028 - 1480 94
6028 + 1480
6028 + 1480
6029 + 1480
6029 + 1480
6030 + 1480
6030 + 1480
6030 d 1 1480
6031 # 1504
6031 - 1480 95
6031 # 1504
6031 - 1480 94
6031 + 1480
6031 + 1480
6032 + 1480
6032 + 1480
6032 d 1 1480
6033 # 1504
6033 - 1480 94
6033 # 1504
6033 - 1480 94
6034 + 1480
6034 + 1480
6035 + 1480
6035 + 1480
6035 d 1 1480
6036 + 1480
6036 d 1 1480
6036 + 1480
6036 d 1 1480
6037 + 1480
6037 d 1 1480
6037 + 1480
6037 d 1 1480
6038 + 1480
6038 d 1 1480
6038 + 1480
6038 d 1 1480
6039 + 1480
6039 d 1 1480
6039 + 1480
6039 d 1 1480
6041 + 1480
6041 d 1 1480
6041 + 1480
6041 d 1 1480
6042 + 1480
6042 d 1 1480
6042 + 1480
6042 d 1 1480
6043 # 1504
6043 - 1480 103
6043 # 1504
6043 - 1480 102
6043 # 1504
6043 - 1480 100
6043 # 1504
6043 - 1480 100
6043 # 1504
6043 - 1480 85
6043 # 1504
6043 - 1480 85
6043 - 1480 84
6043 # 1504
6043 - 1480 84
6043 + 1480
6043 + 1480
6044 + 1480
6044 + 1480
6045 + 1480
6045 + 1480
6046 + 1480
6046 + 1480
6048 + 1480
6048 + 1480
6049 + 1480
6049 + 1480
6049 d 1 1480
6050 # 1504
6050 - 1480 89
6050 # 1504
6050 - 1480 89
6050 # 1504
6050 - 1480 87
6050 + 1480
6050 + 1480
6050 + 1480
6051 # 1504
6051 - 1480 88
6051 # 1504
6051 - 1480 87
6051 + 1480
6052 + 1480
6052 + 1480
6053 + 1480
6053 + 1480
6054 + 1480
6054 d 1 1480
6054 + 1480
6054 d 1 1480
6055 # 1504
6055 - 1480 90
6056 + 1480
6056 + 1480
6057 + 1480
6057 d 1 1480
6057 + 1480
6057 d 1 1480
6058 + 1480
6058 d 1 1480
6058 + 1480
6058 d 1 1480
6059 + 1480
6059 d 1 1480
6059 + 1480
6059 d 1 1480
6060 + 1480
6060 d 1 1480
6060 + 1480
6060 d 1 1480
6061 + 1480
6061 d 1 1480
6061 + 1480
6061 d 1 1480
6063 + 1480
6063 d 1 1480
6063 + 1480
6063 d 1 1480
6064 + 1480
6064 d 1 1480
6064 + 1480
6064 d 1 1480
6065 # 1504
6065 - 1480 100
6065 # 1504
6065 - 1480 99
6065 + 1480
6065 + 1480
6066 + 1480
6066 + 1480
6067 + 1480
6067 + 1480
6067 d 1 1480
6068 + 1480
6068 d 1 1480
6068 + 1480
6068 d 1 1480
6070 # 1504
6070 - 1480 101
6070 # 1504
6070 - 1480 100
6070 # 1504
6070 - 1480 99
6070 # 1504
6070 - 1480 98
6070 + 1480
6070 + 1480
6071 + 1480
6071 + 1480
6072 + 1480
6072 + 1480
6073 + 1480
6073 d 1 1480
6073 + 1480
6073 d 1 1480
6074 + 1480
6074 d 1 1480
6074 + 1480
6074 d 1 1480
6075 + 1480
6075 d 1 1480
6075 + 1480
6075 d 1 1480
6076 + 1480
6076 d 1 1480
6076 + 1480
6076 d 1 1480
6078 + 1480
6078 d 1 1480
6078 + 1480
6078 d 1 1480
6079 # 1504
6079 - 1480 107
6079 # 1504
6079 - 1480 106
6079 # 1504
6079 - 1480 103
6079 # 1504
6079 - 1480 103
6079 # 1504
6079 - 1480 102
6079 + 1480
6079 + 1480
6080 # 1504
6080 - 1480 103
6080 + 1480
6080 + 1480
6081 # 1504
6081 - 1480 103
6081 + 1480
6081 + 1480
6082 + 1480
6082 + 1480
6083 + 1480
6083 + 1480
6085 + 1480
6085 + 1480
6085 d 1 1480
6086 + 1480
6086 d 1 1480
6086 + 1480
6086 d 1 1480
6087 + 1480
6087 d 1 1480
6087 + 1480
6087 d 1 1480
6088 + 1480
6088 d 1 1480
6088 + 1480
6088 d 1 1480
6089 + 1480
6089 d 1 1480
6089 + 1480
6089 d 1 1480
6090 + 1480
6090 d 1 1480
6090 + 1480
6090 d 1 1480
6091 # 1504
6091 - 1480 113
6091 # 1504
6091 - 1480 112
6091 # 1504
6091 - 1480 105
6091 # 1504
6091 - 1480 104
6091 # 1504
6091 - 1480 104
6092 # 1504
6092 - 1480 104
6092 + 1480
6092 + 1480
6093 + 1480
6093 + 1480
6094 + 1480
6094 + 1480
6095 + 1480
6095 + 1480
6096 + 1480
6096 + 1480
6096 d 1 1480
6097 # 1504
6097 - 1480 109
6097 # 1504
6097 - 1480 107
6097 + 1480
6097 + 1480
6098 # 1504
6098 - 1480 107
6098 + 1480
6098 + 1480
6099 # 1504
6099 - 1480 107
6100 # 1504
6100 - 1480 108
6100 + 1480
6100 + 1480
6101 # 1504
6101 - 1480 103
6101 + 1480
6101 + 1480
6102 + 1480
6102 + 1480
6102 d 1 1480
6103 # 1504
6103 - 1480 105
6103 + 1480
6103 + 1480
6104 + 1480
6104 d 1 1480
6104 + 1480
6104 d 1 1480
6105 # 1504
6105 - 1480 106
6105 + 1480
6105 + 1480
6106 # 1504
6106 - 1480 106
6107 + 1480
6107 + 1480
6107 d 1 1480
6108 + 1480
6108 d 1 1480
6108 + 1480
6108 d 1 1480
6109 + 1480
6109 d 1 1480
6109 + 1480
6109 d 1 1480
6110 + 1480
6110 d 1 1480
6110 + 1480
6110 d 1 1480
6111 + 1480
6111 d 1 1480
6111 + 1480
6111 d 1 1480
6112 + 1480
6112 d 1 1480
6112 + 1480
6112 d 1 1480
6114 + 1480
6114 d 1 1480
6114 + 1480
6114 d 1 1480
6115 # 1504
6115 - 1480 114
6115 + 1480
6115 + 1480
6116 + 1480
6116 + 1480
6117 # 1504
6117 - 1480 115
6117 + 1480
6117 + 1480
6118 # 1504
6118 - 1480 113
6118 + 1480
6118 + 1480
6118 d 1 1480
6119 + 1480
6119 d 1 1480
6119 + 1480
6119 d 1 1480
6120 + 1480
6120 d 1 1480
6120 + 1480
6120 d 1 1480
6121 # 1504
6121 - 1480 115
6121 # 1504
6121 - 1480 108
6122 + 1480
6122 + 1480
6123 + 1480
6123 + 1480
6123 d 1 1480
6124 + 1480
6124 d 1 1480
6124 + 1480
6124 d 1 1480
6125 + 1480
6125 d 1 1480
6125 + 1480
6125 d 1 1480
6126 + 1480
6126 d 1 1480
6126 + 1480
6126 d 1 1480
6127 # 1504
6127 - 1480 113
6127 # 1504
6127 - 1480 113
6127 # 1504
6127 - 1480 111
6127 # 1504
6127 - 1480 111
6127 # 1504
6127 - 1480 110
6127 + 1480
6127 + 1480
6128 # 1504
6128 - 1480 111
6129 + 1480
6129 + 1480
6130 # 1504
6130 - 1480 111
6130 + 1480
6130 + 1480
6131 + 1480
6131 + 1480
6132 # 1504
6132 - 1480 113
6132 + 1480
6132 + 1480
6133 + 1480
6133 + 1480
6134 # 1504
6134 - 1480 114
6134 + 1480
6134 + 1480
6134 d 1 1480
6136 # 1504
6136 - 1480 115
6136 + 1480
6136 + 1480
6137 # 1504
6137 - 1480 109
6137 + 1480
6137 + 1480
6137 d 1 1480
6138 + 1480
6138 d 1 1480
6138 + 1480
6138 d 1 1480
6139 # 1504
6139 - 1480 110
6139 + 1480
6139 + 1480
6140 + 1480
6140 d 1 1480
6140 + 1480
6140 d 1 1480
6141 + 1480
6141 d 1 1480
6141 + 1480
6141 d 1 1480
6142 + 1480
6142 d 1 1480
6143 + 1480
6143 d 1 1480
6144 # 1504
6144 - 1480 115
6144 # 1504
6144 - 1480 113
6144 + 1480
6144 + 1480
6145 # 1504
6145 - 1480 111
6145 + 1480
6145 + 1480
6146 + 1480
6146 + 1480
6146 d 1 1480
6147 # 1504
6147 - 1480 113
6147 + 1480
6147 + 1480
6148 # 1504
6148 - 1480 113
6148 + 1480
6148 + 1480
6148 d 1 1480
6149 + 1480
6149 d 1 1480
6149 + 1480
6149 d 1 1480
6151 # 1504
6151 - 1480 108
6151 + 1480
6151 + 1480
6152 + 1480
6152 d 1 1480
6152 + 1480
6152 d 1 1480
6153 + 1480
6153 d 1 1480
6153 + 1480
6153 d 1 1480
6154 # 1504
6154 - 1480 110
6154 # 1504
6154 - 1480 109
6154 + 1480
6154 + 1480
6155 + 1480
6155 + 1480
6155 d 1 1480
6156 + 1480
6156 d 1 1480
6156 + 1480
6156 d 1 1480
6158 + 1480
6158 d 1 1480
6158 + 1480
6158 d 1 1480
6159 + 1480
6159 d 1 1480
6159 + 1480
6159 d 1 1480
6160 + 1480
6160 d 1 1480
6160 + 1480
6160 d 1 1480
6161 + 1480
6161 d 1 1480
6161 + 1480
6161 d 1 1480
6162 + 1480
6162 d 1 1480
6162 + 1480
6162 d 1 1480
6163 + 1480
6163 d 1 1480
6163 + 1480
6163 d 1 1480
6164 # 1504
6164 - 1480 118
6164 # 1504
6164 - 1480 118
6164 - 1480 114
6164 # 1504
6164 - 1480 114
6164 # 1504
6164 - 1480 114
6165 # 1504
6165 - 1480 114
6165 + 1480
6165 + 1480
6166 + 1480
6166 + 1480
6166 + 1480
6167 # 1504
6167 - 1480 115
6167 + 1480
6168 + 1480
6168 + 1480
6169 + 1480
6169 + 1480
6170 # 1504
6170 - 1480 117
6170 + 1480
6170 + 1480
6171 # 1504
6171 - 1480 118
6171 + 1480
6171 + 1480
6173 # 1504
6173 - 1480 117
6173 + 1480
6173 + 1480
6174 # 1504
6174 - 1480 109
6174 + 1480
6174 + 1480
6175 + 1480
6175 d 1 1480
6175 + 1480
6175 d 1 1480
6176 + 1480
6176 d 1 1480
6176 + 1480
6176 d 1 1480
6177 # 1504
6177 - 1480 111
6177 + 1480
6177 + 1480
6178 # 1504
6178 - 1480 111
6178 + 1480
6178 + 1480
6178 d 1 1480
6180 # 1504
6180 - 1480 110
6180 + 1480
6180 + 1480
6181 # 1504
6181 - 1480 110
6181 + 1480
6181 + 1480
6181 d 1 1480
6182 + 1480
6182 d 1 1480
6182 + 1480
6182 d 1 1480
6183 # 1504
6183 - 1480 111
6183 + 1480
6183 + 1480
6184 + 1480
6184 d 1 1480
6184 + 1480
6184 d 1 1480
6185 # 1504
6185 - 1480 113
6185 + 1480
6185 + 1480
6185 d 1 1480
6186 # 1504
6186 - 1480 107
6187 # 1504
6187 - 1480 107
6187 + 1480
6187 + 1480
6188 + 1480
6188 + 1480
6188 d 1 1480
6189 # 1504
6189 - 1480 108
6189 + 1480
6189 + 1480
6190 # 1504
6190 - 1480 109
6190 + 1480
6190 + 1480
6190 d 1 1480
6191 + 1480
6191 d 1 1480
6191 + 1480
6191 d 1 1480
6192 + 1480
6192 d 1 1480
6192 + 1480
6192 d 1 1480
6193 # 1504
6193 - 1480 111
6193 + 1480
6193 + 1480
6195 + 1480
6195 d 1 1480
6195 + 1480
6195 d 1 1480
6196 + 1480
6196 d 1 1480
6196 + 1480
6196 d 1 1480
6197 + 1480
6197 d 1 1480
6197 + 1480
6197 d 1 1480
6198 + 1480
6198 d 1 1480
6198 + 1480
6198 d 1 1480
6199 # 1504
6199 - 1480 116
6199 # 1504
6199 - 1480 114
6199 # 1504
6199 - 1480 106
6199 # 1504
6199 - 1480 106
6199 + 1480
6199 + 1480
6200 + 1480
6200 + 1480
6202 + 1480
6202 + 1480
6203 # 1504
6203 - 1480 109
6203 # 1504
6203 - 1480 109
6203 # 1504
6203 - 1480 108
6203 + 1480
6203 + 1480
6204 + 1480
6204 + 1480
6205 + 1480
6205 d 1 1480
6205 + 1480
6205 d 1 1480
6206 + 1480
6206 d 1 1480
6206 + 1480
6206 d 1 1480
6207 + 1480
6207 d 1 1480
6207 + 1480
6207 d 1 1480
6209 + 1480
6209 d 1 1480
6209 + 1480
6209 d 1 1480
6210 # 1504
6210 - 1480 114
6210 # 1504
6210 - 1480 113
6210 # 1504
6210 - 1480 110
6210 # 1504
6210 - 1480 110
6210 # 1504
6210 - 1480 109
6210 + 1480
6210 + 1480
6211 # 1504
6211 - 1480 110
6211 + 1480
6211 + 1480
6212 + 1480
6212 + 1480
6213 + 1480
6213 + 1480
6214 + 1480
6214 + 1480
6214 d 1 1480
6215 + 1480
6215 d 1 1480
6215 + 1480
6215 d 1 1480
6218 + 1480
6218 d 1 1480
6218 + 1480
6218 d 1 1480
6218 + 1480
6218 d 1 1480
6218 + 1480
6218 d 1 1480
6219 # 1504
6219 - 1480 117
6219 + 1480
6219 + 1480
6220 # 1504
6220 - 1480 117
6220 # 1504
6220 - 1480 113
6220 # 1504
6220 - 1480 105
6220 # 1504
6220 - 1480 105
6220 # 1504
6220 - 1480 104
6220 + 1480
6220 + 1480
6221 + 1480
6221 + 1480
6222 # 1504
6222 - 1480 106
6222 + 1480
6222 + 1480
6223 # 1504
6223 - 1480 106
6224 # 1504
6224 - 1480 106
6224 + 1480
6224 + 1480
6225 + 1480
6225 + 1480
6226 + 1480
6226 + 1480
6226 d 1 1480
6227 # 1504
6227 - 1480 105
6227 + 1480
6227 + 1480
6228 # 1504
6228 - 1480 106
6228 + 1480
6228 + 1480
6229 # 1504
6229 - 1480 102
6229 + 1480
6229 + 1480
6229 d 1 1480
6231 # 1504
6231 - 1480 102
6231 + 1480
6231 + 1480
6232 # 1504
6232 - 1480 103
6232 + 1480
6232 + 1480
6232 d 1 1480
6233 # 1504
6233 - 1480 103
6233 + 1480
6233 + 1480
6233 d 1 1480
6234 + 1480
6234 d 1 1480
6234 + 1480
6234 d 1 1480
6235 # 1504
6235 - 1480 104
6235 + 1480
6235 + 1480
6236 # 1504
6236 - 1480 105
6236 + 1480
6236 + 1480
6236 d 1 1480
6237 + 1480
6237 d 1 1480
6237 + 1480
6237 d 1 1480
6238 # 1504
6238 - 1480 106
6239 # 1504
6239 - 1480 106
6239 + 1480
6239 + 1480
6240 # 1504
6240 - 1480 106
6240 + 1480
6240 + 1480
6241 + 1480
6241 + 1480
6241 d 1 1480
6242 # 1504
6242 - 1480 106
6242 + 1480
6242 + 1480
6242 d 1 1480
6243 # 1504
6243 - 1480 106
6243 + 1480
6243 + 1480
6244 + 1480
6244 d 1 1480
6244 + 1480
6244 d 1 1480
6246 + 1480
6246 d 1 1480
6246 + 1480
6246 d 1 1480
6247 + 1480
6247 d 1 1480
6247 + 1480
6247 d 1 1480
6248 + 1480
6248 d 1 1480
6248 + 1480
6248 d 1 1480
6249 + 1480
6249 d 1 1480
6249 + 1480
6249 d 1 1480
6250 + 1480
6250 d 1 1480
6250 + 1480
6250 d 1 1480
6251 + 1480
6251 d 1 1480
6251 + 1480
6251 d 1 1480
6253 # 1504
6253 - 1480 114
6253 # 1504
6253 - 1480 109
6253 # 1504
6253 - 1480 107
6253 # 1504
6253 - 1480 106
6253 # 1504
6253 - 1480 106
6253 # 1504
6253 - 1480 105
6253 + 1480
6253 + 1480
6254 # 1504
6254 - 1480 103
6254 + 1480
6254 + 1480
6255 # 1504
6255 - 1480 104
6255 - 1480 101
6255 + 1480
6255 + 1480
6256 + 1480
6256 + 1480
6257 # 1504
6257 - 1480 102
6257 + 1480
6257 + 1480
6258 # 1504
6258 - 1480 93
6258 + 1480
6258 + 1480
6259 + 1480
6260 # 1504
6260 - 1480 95
6260 + 1480
6261 # 1504
6261 - 1480 95
6261 + 1480
6261 + 1480
6262 + 1480
6262 + 1480
6263 # 1504
6263 - 1480 97
6263 + 1480
6263 + 1480
6264 + 1480
6264 d 1 1480
6264 + 1480
6264 d 1 1480
6265 # 1504
6265 - 1480 97
6265 + 1480
6265 + 1480
6266 # 1504
6266 - 1480 98
6266 + 1480
6266 + 1480
6266 d 1 1480
6268 # 1504
6268 - 1480 99
6268 + 1480
6268 + 1480
6269 # 1504
6269 - 1480 99
6269 + 1480
6269 + 1480
6269 d 1 1480
6270 + 1480
6270 d 1 1480
6270 + 1480
6270 d 1 1480
6271 + 1480
6271 d 1 1480
6271 + 1480
6271 d 1 1480
6272 # 1504
6272 - 1480 101
6272 + 1480
6272 + 1480
6273 # 1504
6273 - 1480 102
6273 + 1480
6273 + 1480
6275 # 1504
6275 - 1480 102
6275 + 1480
6275 + 1480
6275 d 1 1480
6276 # 1504
6276 - 1480 102
6276 + 1480
6276 + 1480
6277 # 1504
6277 - 1480 100
6277 + 1480
6277 + 1480
6277 d 1 1480
6278 + 1480
6278 d 1 1480
6278 + 1480
6278 d 1 1480
6279 + 1480
6279 d 1 1480
6279 + 1480
6279 d 1 1480
6280 + 1480
6280 d 1 1480
6280 + 1480
6280 d 1 1480
6282 + 1480
6282 d 1 1480
6282 + 1480
6282 d 1 1480
6283 + 1480
6283 d 1 1480
6283 + 1480
6283 d 1 1480
6284 + 1480
6284 d 1 1480
6284 + 1480
6284 d 1 1480
6285 + 1480
6285 d 1 1480
6285 + 1480
6285 d 1 1480
6286 + 1480
6286 d 1 1480
6286 + 1480
6286 d 1 1480
6287 + 1480
6287 d 1 1480
6287 + 1480
6287 d 1 1480
6288 + 1480
6288 d 1 1480
6288 + 1480
6288 d 1 1480
6290 + 1480
6290 d 1 1480
6290 + 1480
6290 d 1 1480
6291 + 1480
6291 d 1 1480
6291 + 1480
6291 d 1 1480
6292 + 1480
6292 d 1 1480
6292 + 1480
6292 d 1 1480
6293 + 1480
6293 d 1 1480
6293 + 1480
6293 d 1 1480
6294 # 1504
6294 - 1480 116
6294 # 1504
6294 - 1480 114
6294 # 1504
6294 - 1480 107
6294 # 1504
6294 - 1480 106
6294 # 1504
6294 - 1480 105
6294 # 1504
6294 - 1480 105
6294 + 1480
6294 + 1480
6295 + 1480
6295 + 1480
6297 + 1480
6297 + 1480
6298 + 1480
6298 + 1480
6299 + 1480
6299 + 1480
6300 # 1504
6300 - 1480 110
6300 # 1504
6300 - 1480 107
6300 # 1504
6300 - 1480 101
6300 # 1504
6300 - 1480 100
6300 # 1504
6300 - 1480 100
6300 # 1504
6300 - 1480 98
6300 + 1480
6300 + 1480
6301 # 1504
6301 - 1480 99
6301 + 1480
6301 + 1480
6302 + 1480
6302 + 1480
6304 + 1480
6304 + 1480
6305 + 1480
6305 + 1480
6306 + 1480
6306 + 1480
6306 d 1 1480
6307 + 1480
6307 d 1 1480
6307 + 1480
6307 d 1 1480
6308 + 1480
6308 d 1 1480
6308 + 1480
6308 d 1 1480
6309 + 1480
6309 d 1 1480
6309 + 1480
6309 d 1 1480
6310 + 1480
6310 d 1 1480
6310 + 1480
6310 d 1 1480
6311 # 1504
6311 - 1480 108
6311 # 1504
6311 - 1480 108
6312 + 1480
6312 + 1480
6313 + 1480
6313 + 1480
6314 # 1504
6314 - 1480 104
6314 + 1480
6314 + 1480
6315 + 1480
6315 + 1480
6315 d 1 1480
6316 # 1504
6316 - 1480 105
6316 + 1480
6316 + 1480
6318 + 1480
6318 d 1 1480
6318 + 1480
6318 d 1 1480
6319 + 1480
6319 d 1 1480
6319 + 1480
6319 d 1 1480
6320 + 1480
6320 d 1 1480
6320 + 1480
6320 d 1 1480
6321 + 1480
6321 d 1 1480
6321 + 1480
6321 d 1 1480
6322 + 1480
6322 d 1 1480
6322 + 1480
6322 d 1 1480
6323 + 1480
6323 d 1 1480
6323 + 1480
6323 d 1 1480
6324 + 1480
6324 d 1 1480
6324 + 1480
6324 d 1 1480
6326 # 1504
6326 - 1480 114
6326 + 1480
6326 + 1480
6327 + 1480
6327 + 1480
6328 # 1504
6328 - 1480 115
6328 # 1504
6328 - 1480 108
6328 # 1504
6328 - 1480 107
6328 + 1480
6328 + 1480
6329 # 1504
6329 - 1480 107
6329 # 1504
6329 - 1480 107
6329 + 1480
6329 + 1480
6330 # 1504
6330 - 1480 106
6330 + 1480
6330 + 1480
6331 + 1480
6331 + 1480
6332 # 1504
6332 - 1480 108
6332 + 1480
6332 + 1480
6333 # 1504
6333 - 1480 108
6333 + 1480
6334 + 1480
6335 + 1480
6335 + 1480
6335 d 1 1480
6336 # 1504
6336 - 1480 109
6336 # 1504
6336 - 1480 109
6336 + 1480
6336 + 1480
6337 + 1480
6337 + 1480
6338 # 1504
6338 - 1480 109
6338 + 1480
6338 + 1480
6339 + 1480
6339 d 1 1480
6339 + 1480
6339 d 1 1480
6340 # 1504
6340 - 1480 109
6341 + 1480
6341 + 1480
6342 # 1504
6342 - 1480 110
6342 + 1480
6342 + 1480
6343 + 1480
6343 d 1 1480
6343 + 1480
6343 d 1 1480
6344 # 1504
6344 - 1480 109
6344 + 1480
6344 + 1480
6345 # 1504
6345 - 1480 109
6345 + 1480
6345 + 1480
6345 d 1 1480
6346 + 1480
6346 d 1 1480
6346 + 1480
6346 d 1 1480
6347 # 1504
6347 - 1480 108
6348 # 1504
6348 - 1480 108
6348 + 1480
6348 + 1480
6349 + 1480
6349 + 1480
6350 + 1480
6350 d 1 1480
6350 + 1480
6350 d 1 1480
6351 + 1480
6351 d 1 1480
6351 + 1480
6351 d 1 1480
6352 + 1480
6352 d 1 1480
6352 + 1480
6352 d 1 1480
6353 + 1480
6353 d 1 1480
6353 + 1480
6353 d 1 1480
6354 + 1480
6354 d 1 1480
6354 + 1480
6354 d 1 1480
6356 + 1480
6356 d 1 1480
6356 + 1480
6356 d 1 1480
6357 + 1480
6357 d 1 1480
6357 + 1480
6357 d 1 1480
6358 # 1504
6358 - 1480 117
6358 # 1504
6358 - 1480 115
6358 + 1480
6358 + 1480
6359 + 1480
6359 + 1480
6360 # 1504
6360 - 1480 105
6360 + 1480
6360 + 1480
6361 # 1504
6361 - 1480 106
6361 # 1504
6361 - 1480 105
6361 # 1504
6361 - 1480 104
6361 + 1480
6361 + 1480
6363 + 1480
6363 + 1480
6364 + 1480
6364 + 1480
6365 + 1480
6365 d 1 1480
6365 + 1480
6365 d 1 1480
6366 + 1480
6366 d 1 1480
6366 + 1480
6366 d 1 1480
6367 # 1504
6367 - 1480 110
6367 # 1504
6367 - 1480 109
6367 + 1480
6367 + 1480
6368 + 1480
6368 + 1480
6370 + 1480
6370 + 1480
6370 d 1 1480
6371 # 1504
6371 - 1480 110
6371 # 1504
6371 - 1480 110
6371 # 1504
6371 - 1480 108
6371 # 1504
6371 - 1480 108
6371 - 1480 106
6371 + 1480
6371 + 1480
6372 # 1504
6372 - 1480 107
6372 + 1480
6372 + 1480
6373 + 1480
6373 + 1480
6374 + 1480
6374 + 1480
6375 + 1480
6375 + 1480
6375 d 1 1480
6376 # 1504
6376 - 1480 108
6376 # 1504
6376 - 1480 108
6376 + 1480
6376 + 1480
6377 # 1504
6377 - 1480 105
6378 + 1480
6378 + 1480
6379 + 1480
6379 + 1480
6379 d 1 1480
6380 # 1504
6380 - 1480 107
6380 + 1480
6380 + 1480
6381 # 1504
6381 - 1480 108
6381 + 1480
6381 + 1480
6382 # 1504
6382 - 1480 106
6382 + 1480
6382 + 1480
6383 + 1480
6383 d 1 1480
6383 + 1480
6383 d 1 1480
6385 # 1504
6385 - 1480 108
6385 + 1480
6385 + 1480
6386 # 1504
6386 - 1480 92
6386 + 1480
6386 + 1480
6387 + 1480
6387 d 1 1480
6387 + 1480
6387 d 1 1480
6388 # 1504
6388 - 1480 93
6388 + 1480
6388 + 1480
6389 + 1480
6389 d 1 1480
6389 + 1480
6389 d 1 1480
6390 + 1480
6390 d 1 1480
6390 + 1480
6390 d 1 1480
6392 + 1480
6392 d 1 1480
6392 + 1480
6392 d 1 1480
6393 # 1504
6393 - 1480 96
6393 # 1504
6393 - 1480 95
6393 # 1504
6393 - 1480 93
6393 + 1480
6393 + 1480
6394 # 1504
6394 - 1480 94
6394 + 1480
6394 + 1480
6395 + 1480
6395 + 1480
6396 + 1480
6396 + 1480
6396 d 1 1480
6397 + 1480
6397 d 1 1480
6397 + 1480
6397 d 1 1480
6398 + 1480
6398 d 1 1480
6399 # 1504
6399 - 1480 98
6399 # 1504
6399 - 1480 97
6399 + 1480
6400 # 1504
6400 - 1480 96
6400 + 1480
6400 + 1480
6401 + 1480
6401 + 1480
6402 + 1480
6402 + 1480
6402 d 1 1480
6403 + 1480
6403 d 1 1480
6403 + 1480
6403 d 1 1480
6404 + 1480
6404 d 1 1480
6404 + 1480
6404 d 1 1480
6405 + 1480
6405 d 1 1480
6405 + 1480
6405 d 1 1480
6407 + 1480
6407 d 1 1480
6407 + 1480
6407 d 1 1480
6408 # 1504
6408 - 1480 103
6408 # 1504
6408 - 1480 102
6408 # 1504
6408 - 1480 94
6408 + 1480
6408 + 1480
6409 # 1504
6409 - 1480 95
6409 # 1504
6409 - 1480 94
6409 + 1480
6409 + 1480
6410 + 1480
6410 + 1480
6411 + 1480
6411 + 1480
6412 + 1480
6412 + 1480
6412 d 1 1480
6414 + 1480
6414 d 1 1480
6414 + 1480
6414 d 1 1480
6415 # 1504
6415 - 1480 99
6415 # 1504
6415 - 1480 99
6415 # 1504
6415 - 1480 88
6415 # 1504
6415 - 1480 87
6415 + 1480
6415 + 1480
6416 # 1504
6416 - 1480 88
6416 + 1480
6416 + 1480
6417 # 1504
6417 - 1480 88
6418 + 1480
6418 + 1480
6418 + 1480
6418 + 1480
6419 # 1504
6419 - 1480 89
6419 + 1480
6419 + 1480
6421 # 1504
6421 - 1480 90
6421 + 1480
6421 + 1480
6422 + 1480
6422 + 1480
6423 # 1504
6423 - 1480 92
6423 + 1480
6423 + 1480
6424 + 1480
6424 d 1 1480
6424 + 1480
6424 d 1 1480
6425 # 1504
6425 - 1480 93
6425 + 1480
6425 + 1480
6426 + 1480
6426 d 1 1480
6426 + 1480
6426 d 1 1480
6427 # 1504
6427 - 1480 93
6427 + 1480
6427 + 1480
6429 # 1504
6429 - 1480 93
6429 + 1480
6429 + 1480
6430 + 1480
6430 d 1 1480
6430 + 1480
6430 d 1 1480
6431 # 1504
6431 - 1480 94
6431 + 1480
6431 + 1480
6432 + 1480
6432 d 1 1480
6432 + 1480
6432 d 1 1480
6433 # 1504
6433 - 1480 95
6434 # 1504
6434 - 1480 93
6434 + 1480
6434 + 1480
6434 + 1480
6434 + 1480
6436 # 1504
6436 - 1480 94
6436 + 1480
6436 + 1480
6437 # 1504
6437 - 1480 93
6437 + 1480
6437 + 1480
6437 d 1 1480
6438 + 1480
6438 d 1 1480
6438 + 1480
6438 d 1 1480
6439 # 1504
6439 - 1480 94
6439 + 1480
6439 + 1480
6440 # 1504
6440 - 1480 92
6440 + 1480
6440 + 1480
6441 + 1480
6441 d 1 1480
6441 + 1480
6441 d 1 1480
6442 # 1504
6442 - 1480 93
6443 # 1504
6443 - 1480 85
6443 + 1480
6443 + 1480
6444 + 1480
6444 + 1480
6444 d 1 1480
6445 # 1504
6445 - 1480 86
6445 + 1480
6445 + 1480
6446 + 1480
6446 d 1 1480
6446 + 1480
6446 d 1 1480
6447 + 1480
6447 d 1 1480
6447 + 1480
6447 d 1 1480
6448 # 1504
6448 - 1480 89
6448 # 1504
6448 - 1480 88
6448 + 1480
6448 + 1480
6449 # 1504
6449 - 1480 86
6449 + 1480
6449 + 1480
6450 # 1504
6450 - 1480 87
6450 # 1504
6450 - 1480 86
6451 + 1480
6451 + 1480
6452 # 1504
6452 - 1480 85
6452 + 1480
6452 + 1480
6453 # 1504
6453 - 1480 86
6453 + 1480
6453 + 1480
6454 # 1504
6454 - 1480 86
6454 # 1504
6454 - 1480 84
6454 + 1480
6454 + 1480
6455 # 1504
6455 - 1480 84
6455 + 1480
6455 + 1480
6456 # 1504
6456 - 1480 84
6456 + 1480
6456 + 1480
6457 # 1504
6457 - 1480 85
6458 # 1504
6458 - 1480 85
6458 # 1504
6458 - 1480 84
6458 + 1480
6458 + 1480
6459 # 1504
6459 - 1480 84
6459 + 1480
6459 + 1480
6460 # 1504
6460 - 1480 84
6460 + 1480
6460 + 1480
6461 # 1504
6461 - 1480 85
6461 # 1504
6461 - 1480 83
6461 - 1480 82
6461 + 1480
6461 + 1480
6462 + 1480
6462 + 1480
6463 # 1504
6463 - 1480 83
6463 + 1480
6463 + 1480
6465 + 1480
6465 + 1480
6465 d 1 1480
6466 + 1480
6466 d 1 1480
6466 + 1480
6466 d 1 1480
6467 + 1480
6467 d 1 1480
6467 + 1480
6467 d 1 1480
6468 + 1480
6468 d 1 1480
6468 + 1480
6468 d 1 1480
6469 + 1480
6469 d 1 1480
6469 + 1480
6469 d 1 1480
6470 + 1480
6470 d 1 1480
6470 + 1480
6470 d 1 1480
6471 + 1480
6471 d 1 1480
6471 + 1480
6471 d 1 1480
6472 # 1504
6472 - 1480 92
6472 # 1504
6472 - 1480 91
6472 # 1504
6472 - 1480 86
6473 # 1504
6473 - 1480 85
6473 + 1480
6473 + 1480
6474 + 1480
6474 + 1480
6475 # 1504
6475 - 1480 87
6475 + 1480
6475 + 1480
6476 # 1504
6476 - 1480 83
6476 # 1504
6476 - 1480 82
6476 # 1504
6476 - 1480 81
6476 # 1504
6476 - 1480 81
6476 # 1504
6476 - 1480 80
6476 # 1504
6476 - 1480 77
6476 + 1480
6476 + 1480
6477 + 1480
6477 + 1480
6478 + 1480
6478 + 1480
6480 + 1480
6480 + 1480
6481 + 1480
6481 + 1480
6482 + 1480
6482 + 1480
6483 + 1480
6483 d 1 1480
6483 + 1480
6483 d 1 1480
6484 # 1504
6484 - 1480 84
6484 # 1504
6484 - 1480 84
6484 # 1504
6484 - 1480 76
6484 # 1504
6484 - 1480 75
6484 + 1480
6484 + 1480
6485 # 1504
6485 - 1480 76
6485 # 1504
6485 - 1480 75
6485 # 1504
6485 - 1480 75
6485 # 1504
6485 - 1480 74
6485 # 1504
6485 - 1480 74
6485 + 1480
6485 + 1480
6487 + 1480
6487 + 1480
6488 + 1480
6488 + 1480
6489 + 1480
6489 + 1480
6490 + 1480
6490 + 1480
6491 # 1504
6491 - 1480 79
6491 # 1504
6491 - 1480 76
6491 # 1504
6491 - 1480 73
6491 # 1504
6491 - 1480 73
6491 + 1480
6491 + 1480
6492 # 1504
6492 - 1480 74
6492 # 1504
6492 - 1480 74
6492 # 1504
6492 - 1480 73
6492 # 1504
6492 - 1480 71
6492 # 1504
6492 - 1480 71
6492 # 1504
6492 - 1480 70
6492 # 1504
6492 - 1480 70
6492 + 1480
6492 + 1480
6493 + 1480
6494 # 1504
6494 - 1480 71
6494 # 1504
6494 - 1480 71
6494 + 1480
6495 # 1504
6495 - 1480 70
6495 + 1480
6495 + 1480
6496 + 1480
6496 + 1480
6497 + 1480
6497 + 1480
6498 + 1480
6498 + 1480
6499 + 1480
6499 + 1480
6500 # 1504
6500 - 1480 73
6500 # 1504
6500 - 1480 73
6500 # 1504
6500 - 1480 69
6500 # 1504
6500 - 1480 66
6500 # 1504
6500 - 1480 66
6500 + 1480
6500 + 1480
6501 # 1504
6501 - 1480 67
6501 # 1504
6501 - 1480 67
6501 # 1504
6501 - 1480 65
6502 # 1504
6502 - 1480 66
6502 + 1480
6502 + 1480
6503 # 1504
6503 - 1480 66
6503 + 1480
6503 + 1480
6504 + 1480
6504 + 1480
6505 # 1504
6505 - 1480 66
6505 + 1480
6505 + 1480
6506 # 1504
6506 - 1480 66
6506 + 1480
6506 + 1480
6507 + 1480
6507 + 1480
6509 + 1480
6509 + 1480
6510 + 1480
6510 + 1480
6511 + 1480
6511 + 1480
6512 + 1480
6512 + 1480
6513 + 1480
6513 d 1 1480
6513 + 1480
6513 d 1 1480
6514 + 1480
6514 d 1 1480
6514 + 1480
6514 d 1 1480
6515 # 1504
6515 - 1480 72
6515 # 1504
6515 - 1480 71
6515 # 1504
6515 - 1480 66
6515 # 1504
6515 - 1480 66
6515 # 1504
6515 - 1480 64
6516 # 1504
6516 - 1480 65
6516 # 1504
6516 - 1480 64
6516 # 1504
6516 - 1480 63
6516 # 1504
6516 - 1480 63
6516 # 1504
6516 - 1480 62
6516 # 1504
6516 - 1480 62
6516 + 1480
6516 + 1480
6517 # 1504
6517 - 1480 62
6517 # 1504
6517 - 1480 62
6517 + 1480
6518 # 1504
6518 - 1480 62
6518 + 1480
6518 + 1480
6518 + 1480
6519 # 1504
6519 - 1480 63
6519 - 1480 61
6519 + 1480
6519 + 1480
6520 # 1504
6520 - 1480 61
6520 + 1480
6520 + 1480
6521 # 1504
6521 - 1480 62
6521 + 1480
6521 + 1480
6522 # 1504
6522 - 1480 62
6522 # 1504
6522 - 1480 61
6522 + 1480
6522 + 1480
6523 # 1504
6523 - 1480 61
6524 + 1480
6524 + 1480
6525 # 1504
6525 - 1480 63
6525 # 1504
6525 - 1480 62
6525 # 1504
6525 - 1480 60
6525 # 1504
6525 - 1480 52
6525 + 1480
6525 + 1480
6526 + 1480
6526 + 1480
6527 + 1480
6527 + 1480
6528 + 1480
6528 + 1480
6529 + 1480
6529 + 1480
6531 + 1480
6531 + 1480
6532 + 1480
6532 + 1480
6533 + 1480
6533 + 1480
6534 + 1480
6534 + 1480
6535 + 1480
6535 d 1 1480
6535 + 1480
6535 d 1 1480
6536 # 1504
6536 - 1480 63
6536 # 1504
6536 - 1480 62
6536 # 1504
6536 - 1480 59
6536 # 1504
6536 - 1480 58
6536 # 1504
6536 - 1480 58
6536 # 1504
6536 - 1480 56
6536 # 1504
6536 - 1480 56
6536 # 1504
6536 - 1480 55
6536 # 1504
6536 - 1480 55
6536 + 1480
6536 + 1480
6537 # 1504
6537 - 1480 55
6538 # 1504
6538 - 1480 56
6538 + 1480
6538 + 1480
6539 # 1504
6539 - 1480 55
6539 + 1480
6539 + 1480
6540 # 1504
6540 - 1480 55
6540 + 1480
6540 + 1480
6541 # 1504
6541 - 1480 56
6541 # 1504
6541 - 1480 54
6541 + 1480
6541 + 1480
6542 + 1480
6542 + 1480
6543 + 1480
6543 + 1480
6544 + 1480
6544 + 1480
6546 + 1480
6546 + 1480
6547 + 1480
6547 + 1480
6548 + 1480
6548 + 1480
6549 + 1480
6549 + 1480
6549 d 1 1480
6550 + 1480
6550 d 1 1480
6550 + 1480
6550 d 1 1480
6551 # 1504
6551 - 1480 63
6551 # 1504
6551 - 1480 63
6551 + 1480
6551 + 1480
6552 # 1504
6552 - 1480 61
6552 # 1504
6552 - 1480 60
6552 # 1504
6552 - 1480 59
6552 # 1504
6552 - 1480 58
6552 # 1504
6552 - 1480 57
6552 # 1504
6552 - 1480 57
6553 + 1480
6553 + 1480
6554 # 1504
6554 - 1480 58
6554 + 1480
6554 + 1480
6555 # 1504
6555 - 1480 59
6555 + 1480
6555 + 1480
6556 + 1480
6556 + 1480
6557 + 1480
6557 + 1480
6558 + 1480
6558 + 1480
6560 + 1480
6560 + 1480
6561 + 1480
6561 + 1480
6561 d 1 1480
6562 + 1480
6562 d 1 1480
6562 + 1480
6562 d 1 1480
6563 + 1480
6563 d 1 1480
6563 + 1480
6563 d 1 1480
6564 + 1480
6564 d 1 1480
6564 + 1480
6564 d 1 1480
6565 # 1504
6565 - 1480 68
6565 + 1480
6565 + 1480
6566 + 1480
6566 + 1480
6567 # 1504
6567 - 1480 69
6568 + 1480
6568 + 1480
6569 + 1480
6569 + 1480
6570 + 1480
6570 d 1 1480
6570 + 1480
6570 d 1 1480
6571 # 1504
6571 - 1480 69
6571 # 1504
6571 - 1480 68
6571 + 1480
6571 + 1480
6572 + 1480
6572 + 1480
6573 + 1480
6573 d 1 1480
6573 + 1480
6573 d 1 1480
6574 # 1504
6574 - 1480 70
6574 # 1504
6574 - 1480 69
6574 # 1504
6574 - 1480 68
6575 + 1480
6575 + 1480
6576 + 1480
6576 + 1480
6577 + 1480
6577 + 1480
6577 d 1 1480
6578 + 1480
6578 d 1 1480
6578 + 1480
6578 d 1 1480
6579 + 1480
6579 d 1 1480
6579 + 1480
6579 d 1 1480
6580 + 1480
6580 d 1 1480
6580 + 1480
6580 d 1 1480
6582 + 1480
6582 d 1 1480
6582 + 1480
6582 d 1 1480
6583 + 1480
6583 d 1 1480
6583 + 1480
6583 d 1 1480
6584 + 1480
6584 d 1 1480
6584 + 1480
6584 d 1 1480
6585 + 1480
6585 d 1 1480
6585 + 1480
6585 d 1 1480
6586 + 1480
6586 d 1 1480
6586 + 1480
6586 d 1 1480
6587 + 1480
6587 d 1 1480
6587 + 1480
6587 d 1 1480
6588 + 1480
6588 d 1 1480
6588 + 1480
6588 d 1 1480
6590 + 1480
6590 d 1 1480
6590 + 1480
6590 d 1 1480
6591 + 1480
6591 d 1 1480
6591 + 1480
6591 d 1 1480
6592 + 1480
6592 d 1 1480
6592 + 1480
6592 d 1 1480
6593 + 1480
6593 d 1 1480
6593 + 1480
6593 d 1 1480
6594 + 1480
6594 d 1 1480
6594 + 1480
6594 d 1 1480
6595 # 1504
6595 - 1480 88
6595 # 1504
6595 - 1480 88
6595 # 1504
6595 - 1480 78
6595 # 1504
6595 - 1480 77
6595 # 1504
6595 - 1480 77
6595 # 1504
6595 - 1480 77
6595 # 1504
6595 - 1480 76
6595 # 1504
6595 - 1480 76
6595 # 1504
6595 - 1480 75
6595 + 1480
6595 + 1480
6597 + 1480
6597 + 1480
6598 + 1480
6598 + 1480
6599 + 1480
6599 + 1480
6600 + 1480
6600 + 1480
6601 + 1480
6601 + 1480
6602 + 1480
6602 + 1480
6604 # 1504
6604 - 1480 84
6604 + 1480
6604 + 1480
6605 # 1504
6605 - 1480 84
6605 # 1504
6605 - 1480 80
6605 # 1504
6605 - 1480 80
6605 # 1504
6605 - 1480 79
6605 # 1504
6605 - 1480 79
6605 # 1504
6605 - 1480 78
6605 # 1504
6605 - 1480 78
6605 + 1480
6605 + 1480
6606 + 1480
6606 + 1480
6607 + 1480
6607 + 1480
6608 + 1480
6608 + 1480
6609 + 1480
6609 + 1480
6610 + 1480
6611 + 1480
6612 + 1480
6612 + 1480
6613 # 1504
6613 - 1480 85
6613 # 1504
6613 - 1480 85
6613 # 1504
6613 - 1480 81
6613 - 1480 81
6613 # 1504
6613 - 1480 80
6613 # 1504
6613 - 1480 80
6613 # 1504
6613 - 1480 79
6613 + 1480
6613 + 1480
6614 + 1480
6614 + 1480
6615 # 1504
6615 - 1480 81
6615 + 1480
6615 + 1480
6616 # 1504
6616 - 1480 80
6616 + 1480
6616 + 1480
6617 # 1504
6617 - 1480 79
6617 + 1480
6617 + 1480
6618 # 1504
6618 - 1480 79
6619 + 1480
6619 + 1480
6620 # 1504
6620 - 1480 81
6620 + 1480
6620 + 1480
6621 + 1480
6621 + 1480
6622 + 1480
6622 + 1480
6623 # 1504
6623 - 1480 83
6623 + 1480
6623 + 1480
6624 + 1480
6624 + 1480
6625 # 1504
6625 - 1480 84
6626 # 1504
6626 - 1480 84
6626 + 1480
6626 + 1480
6627 # 1504
6627 - 1480 84
6627 + 1480
6627 + 1480
6628 + 1480
6628 + 1480
6629 + 1480
6629 + 1480
6629 d 1 1480
6630 + 1480
6630 d 1 1480
6630 + 1480
6630 d 1 1480
6631 # 1504
6631 - 1480 87
6631 # 1504
6631 - 1480 85
6631 + 1480
6631 + 1480
6632 # 1504
6632 - 1480 85
6633 # 1504
6633 - 1480 85
6633 + 1480
6633 + 1480
6634 + 1480
6634 + 1480
6635 # 1504
6635 - 1480 86
6635 + 1480
6635 + 1480
6636 # 1504
6636 - 1480 85
6636 + 1480
6636 + 1480
6637 + 1480
6637 + 1480
6637 d 1 1480
6638 + 1480
6638 d 1 1480
6638 + 1480
6638 d 1 1480
6639 # 1504
6639 - 1480 86
6639 + 1480
6639 + 1480
6641 + 1480
6641 d 1 1480
6641 + 1480
6641 d 1 1480
6642 + 1480
6642 d 1 1480
6642 + 1480
6642 d 1 1480
6643 + 1480
6643 d 1 1480
6643 + 1480
6643 d 1 1480
6644 + 1480
6644 d 1 1480
6644 + 1480
6644 d 1 1480
6645 + 1480
6645 d 1 1480
6645 + 1480
6645 d 1 1480
6646 + 1480
6646 d 1 1480
6646 + 1480
6646 d 1 1480
6647 # 1504
6647 - 1480 93
6647 # 1504
6647 - 1480 92
6647 # 1504
6647 - 1480 90
6647 # 1504
6647 - 1480 89
6647 # 1504
6647 - 1480 89
6647 # 1504
6647 - 1480 87
6648 # 1504
6648 - 1480 88
6648 + 1480
6648 + 1480
6649 # 1504
6649 - 1480 88
6649 + 1480
6649 + 1480
6650 + 1480
6650 + 1480
6651 # 1504
6651 - 1480 86
6651 + 1480
6651 + 1480
6652 + 1480
6652 + 1480
6653 # 1504
6653 - 1480 87
6653 + 1480
6653 + 1480
6655 # 1504
6655 - 1480 87
6655 + 1480
6655 + 1480
6656 # 1504
6656 - 1480 87
6656 + 1480
6656 + 1480
6657 + 1480
6657 + 1480
6658 # 1504
6658 - 1480 87
6658 + 1480
6658 + 1480
6659 # 1504
6659 - 1480 87
6659 + 1480
6659 + 1480
6660 # 1504
6660 - 1480 85
6660 + 1480
6660 + 1480
6661 + 1480
6661 + 1480
6663 # 1504
6663 - 1480 88
6663 # 1504
6663 - 1480 87
6663 + 1480
6663 + 1480
6664 + 1480
6664 + 1480
6664 d 1 1480
6665 # 1504
6665 - 1480 70
6665 + 1480
6665 + 1480
6666 + 1480
6666 d 1 1480
6667 # 1504
6667 - 1480 72
6667 + 1480
6667 + 1480
6667 + 1480
6667 d 1 1480
6668 # 1504
6668 - 1480 71
6668 + 1480
6668 + 1480
6669 # 1504
6669 - 1480 71
6670 + 1480
6670 + 1480
6670 d 1 1480
6671 # 1504
6671 - 1480 72
6671 + 1480
6671 + 1480
6672 # 1504
6672 - 1480 72
6672 + 1480
6672 + 1480
6673 # 1504
6673 - 1480 72
6673 + 1480
6673 + 1480
6673 d 1 1480
6674 # 1504
6674 - 1480 72
6674 + 1480
6674 + 1480
6675 # 1504
6675 - 1480 73
6675 + 1480
6675 + 1480
6675 d 1 1480
6677 # 1504
6677 - 1480 73
6677 + 1480
6677 + 1480
6678 + 1480
6678 d 1 1480
6678 + 1480
6678 d 1 1480
6679 # 1504
6679 - 1480 74
6679 # 1504
6679 - 1480 73
6679 + 1480
6679 + 1480
6680 # 1504
6680 - 1480 73
6680 + 1480
6680 + 1480
6681 + 1480
6681 + 1480
6681 d 1 1480
6682 # 1504
6682 - 1480 75
6682 + 1480
6682 + 1480
6683 # 1504
6683 - 1480 75
6683 + 1480
6683 + 1480
6683 d 1 1480
6684 # 1504
6684 - 1480 75
6685 + 1480
6685 + 1480
6686 # 1504
6686 - 1480 76
6686 + 1480
6686 + 1480
6687 # 1504
6687 - 1480 75
6687 + 1480
6687 + 1480
6687 d 1 1480
6688 # 1504
6688 - 1480 75
6688 + 1480
6688 + 1480
6689 # 1504
6689 - 1480 76
6689 + 1480
6689 + 1480
6689 d 1 1480
6690 # 1504
6690 - 1480 76
6690 + 1480
6690 + 1480
6691 # 1504
6691 - 1480 76
6692 # 1504
6692 - 1480 76
6692 + 1480
6692 + 1480
6693 # 1504
6693 - 1480 77
6693 # 1504
6693 - 1480 76
6693 + 1480
6693 + 1480
6694 # 1504
6694 - 1480 75
6694 - 1480 75
6694 + 1480
6694 + 1480
6695 + 1480
6695 + 1480
6696 + 1480
6696 d 1 1480
6696 + 1480
6696 d 1 1480
6697 # 1504
6697 - 1480 77
6697 + 1480
6697 + 1480
6699 + 1480
6699 d 1 1480
6699 + 1480
6699 d 1 1480
6700 + 1480
6700 d 1 1480
6700 + 1480
6700 d 1 1480
6701 # 1504
6701 - 1480 80
6701 # 1504
6701 - 1480 79
6701 # 1504
6701 - 1480 78
6701 + 1480
6701 + 1480
6702 # 1504
6702 - 1480 78
6702 # 1504
6702 - 1480 78
6702 # 1504
6702 - 1480 76
6702 + 1480
6702 + 1480
6703 # 1504
6703 - 1480 76
6703 + 1480
6703 + 1480
6704 # 1504
6704 - 1480 77
6704 + 1480
6704 + 1480
6705 # 1504
6705 - 1480 77
6705 + 1480
6705 + 1480
6706 # 1504
6706 - 1480 77
6707 + 1480
6707 + 1480
6708 + 1480
6708 + 1480
6709 + 1480
6709 + 1480
6709 d 1 1480
6710 + 1480
6710 d 1 1480
6710 + 1480
6710 d 1 1480
6711 + 1480
6711 d 1 1480
6711 + 1480
6711 d 1 1480
6712 + 1480
6712 d 1 1480
6712 + 1480
6712 d 1 1480
6714 + 1480
6714 d 1 1480
6714 + 1480
6714 d 1 1480
6715 # 1504
6715 - 1480 84
6715 # 1504
6715 - 1480 82
6715 # 1504
6715 - 1480 80
6715 # 1504
6715 - 1480 79
6715 # 1504
6715 - 1480 79
6715 # 1504
6715 - 1480 78
6715 + 1480
6715 + 1480
6716 # 1504
6716 - 1480 77
6716 + 1480
6716 + 1480
6717 # 1504
6717 - 1480 78
6717 + 1480
6717 + 1480
6718 + 1480
6718 + 1480
6719 # 1504
6719 - 1480 71
6719 + 1480
6719 + 1480
6720 # 1504
6720 - 1480 71
6721 # 1504
6721 - 1480 71
6721 + 1480
6721 + 1480
6722 # 1504
6722 - 1480 71
6722 + 1480
6722 + 1480
6723 + 1480
6723 + 1480
6724 # 1504
6724 - 1480 73
6724 # 1504
6724 - 1480 72
6724 + 1480
6724 + 1480
6725 # 1504
6725 - 1480 72
6725 + 1480
6725 + 1480
6726 # 1504
6726 - 1480 71
6726 + 1480
6726 + 1480
6727 # 1504
6727 - 1480 72
6727 + 1480
6727 + 1480
6728 # 1504
6728 - 1480 72
6729 # 1504
6729 - 1480 72
6729 + 1480
6729 + 1480
6730 # 1504
6730 - 1480 72
6730 + 1480
6730 + 1480
6731 # 1504
6731 - 1480 73
6731 + 1480
6731 + 1480
6732 + 1480
6732 + 1480
6733 # 1504
6733 - 1480 74
6733 + 1480
6733 + 1480
6734 # 1504
6734 - 1480 74
6734 # 1504
6734 - 1480 73
6734 + 1480
6734 + 1480
6735 # 1504
6735 - 1480 72
6736 # 1504
6736 - 1480 73
6736 + 1480
6736 + 1480
6737 # 1504
6737 - 1480 73
6737 + 1480
6737 + 1480
6738 # 1504
6738 - 1480 73
6738 + 1480
6738 + 1480
6739 + 1480
6739 + 1480
6740 + 1480
6740 d 1 1480
6740 + 1480
6740 d 1 1480
6741 + 1480
6741 d 1 1480
6741 + 1480
6741 d 1 1480
6743 + 1480
6743 d 1 1480
6743 + 1480
6743 d 1 1480
6744 + 1480
6744 d 1 1480
6744 + 1480
6744 d 1 1480
6745 + 1480
6745 d 1 1480
6745 + 1480
6745 d 1 1480
6746 + 1480
6746 d 1 1480
6746 + 1480
6746 d 1 1480
6747 # 1504
6747 - 1480 80
6747 + 1480
6747 + 1480
6748 # 1504
6748 - 1480 80
6748 # 1504
6748 - 1480 76
6748 # 1504
6748 - 1480 75
6748 # 1504
6748 - 1480 74
6748 # 1504
6748 - 1480 74
6748 # 1504
6748 - 1480 73
6748 # 1504
6748 - 1480 71
6748 + 1480
6748 + 1480
6749 + 1480
6750 + 1480
6752 + 1480
6752 + 1480
6752 + 1480
6752 + 1480
6753 + 1480
6753 + 1480
6754 + 1480
6754 + 1480
6754 d 1 1480
6755 + 1480
6755 d 1 1480
6755 + 1480
6755 d 1 1480
6756 # 1504
6756 - 1480 79
6756 # 1504
6756 - 1480 77
6756 # 1504
6756 - 1480 74
6756 # 1504
6756 - 1480 74
6756 # 1504
6756 - 1480 73
6756 + 1480
6756 + 1480
6758 + 1480
6758 + 1480
6759 + 1480
6759 + 1480
6760 + 1480
6760 + 1480
6761 + 1480
6761 + 1480
6761 d 1 1480
6762 + 1480
6762 d 1 1480
6762 + 1480
6762 d 1 1480
6763 # 1504
6763 - 1480 78
6763 # 1504
6763 - 1480 78
6763 # 1504
6763 - 1480 75
6763 # 1504
6763 - 1480 75
6763 # 1504
6763 - 1480 74
6763 + 1480
6763 + 1480
6764 # 1504
6764 - 1480 74
6765 # 1504
6765 - 1480 75
6765 + 1480
6765 + 1480
6766 + 1480
6766 + 1480
6767 + 1480
6767 + 1480
6768 # 1504
6768 - 1480 76
6768 # 1504
6768 - 1480 75
6768 + 1480
6768 + 1480
6769 + 1480
6769 + 1480
6770 # 1504
6770 - 1480 76
6770 - 1480 75
6770 + 1480
6770 + 1480
6772 # 1504
6772 - 1480 75
6772 + 1480
6772 + 1480
6773 # 1504
6773 - 1480 76
6773 + 1480
6773 + 1480
6774 # 1504
6774 - 1480 73
6774 + 1480
6774 + 1480
6775 + 1480
6775 + 1480
6776 # 1504
6776 - 1480 74
6776 + 1480
6776 + 1480
6777 # 1504
6777 - 1480 74
6777 + 1480
6777 + 1480
6778 + 1480
6778 d 1 1480
6778 + 1480
6778 d 1 1480
6779 # 1504
6779 - 1480 75
6780 # 1504
6780 - 1480 76
6780 + 1480
6780 + 1480
6781 # 1504
6781 - 1480 76
6781 + 1480
6781 + 1480
6782 # 1504
6782 - 1480 75
6782 + 1480
6782 + 1480
6784 # 1504
6784 - 1480 76
6784 + 1480
6784 + 1480
6784 + 1480
6784 + 1480
6784 d 1 1480
6785 # 1504
6785 - 1480 76
6785 + 1480
6785 + 1480
6785 d 1 1480
6787 # 1504
6787 - 1480 72
6787 + 1480
6787 + 1480
6788 # 1504
6788 - 1480 72
6788 + 1480
6788 + 1480
6789 # 1504
6789 - 1480 72
6789 + 1480
6789 + 1480
6789 d 1 1480
6790 + 1480
6790 d 1 1480
6790 + 1480
6790 d 1 1480
6791 # 1504
6791 - 1480 73
6791 + 1480
6791 + 1480
6792 # 1504
6792 - 1480 74
6792 + 1480
6792 + 1480
6794 # 1504
6794 - 1480 75
6794 # 1504
6794 - 1480 73
6794 + 1480
6794 + 1480
6795 + 1480
6795 + 1480
6795 d 1 1480
6796 # 1504
6796 - 1480 74
6796 + 1480
6796 + 1480
6797 # 1504
6797 - 1480 74
6797 + 1480
6797 + 1480
6797 d 1 1480
6798 + 1480
6798 d 1 1480
6798 + 1480
6798 d 1 1480
6799 + 1480
6799 d 1 1480
6799 + 1480
6799 d 1 1480
6800 + 1480
6800 d 1 1480
6800 + 1480
6800 d 1 1480
6801 # 1504
6801 - 1480 77
6801 # 1504
6801 - 1480 77
6802 # 1504
6802 - 1480 76
6802 + 1480
6802 + 1480
6803 + 1480
6803 + 1480
6804 + 1480
6804 + 1480
6805 + 1480
6805 d 1 1480
6805 + 1480
6805 d 1 1480
6806 # 1504
6806 - 1480 80
6806 + 1480
6806 + 1480
6807 # 1504
6807 - 1480 80
6807 + 1480
6807 + 1480
6809 # 1504
6809 - 1480 79
6809 + 1480
6809 + 1480
6810 + 1480
6810 d 1 1480
6810 + 1480
6810 d 1 1480
6811 + 1480
6811 d 1 1480
6811 + 1480
6811 d 1 1480
6812 + 1480
6812 d 1 1480
6812 + 1480
6812 d 1 1480
6813 + 1480
6813 d 1 1480
6813 + 1480
6813 d 1 1480
6814 + 1480
6814 d 1 1480
6814 + 1480
6814 d 1 1480
6815 # 1504
6815 - 1480 85
6816 + 1480
6816 + 1480
6817 + 1480
6817 + 1480
6818 + 1480
6818 d 1 1480
6818 + 1480
6818 d 1 1480
6819 + 1480
6819 d 1 1480
6819 + 1480
6819 d 1 1480
6820 + 1480
6820 d 1 1480
6820 + 1480
6820 d 1 1480
6821 + 1480
6821 d 1 1480
6821 + 1480
6821 d 1 1480
6822 + 1480
6822 d 1 1480
6822 + 1480
6822 d 1 1480
6824 + 1480
6824 d 1 1480
6824 + 1480
6824 d 1 1480
6825 # 1504
6825 - 1480 94
6825 + 1480
6825 + 1480
6826 # 1504
6826 - 1480 93
6826 # 1504
6826 - 1480 89
6826 # 1504
6826 - 1480 88
6826 # 1504
6826 - 1480 87
6826 # 1504
6826 - 1480 87
6826 + 1480
6826 + 1480
6827 # 1504
6827 - 1480 80
6827 + 1480
6827 + 1480
6828 + 1480
6828 + 1480
6829 + 1480
6829 + 1480
6831 # 1504
6831 - 1480 84
6831 + 1480
6831 + 1480
6832 + 1480
6832 + 1480
6833 # 1504
6833 - 1480 85
6833 + 1480
6833 + 1480
6834 # 1504
6834 - 1480 84
6834 + 1480
6834 + 1480
6835 # 1504
6835 - 1480 83
6835 + 1480
6835 + 1480
6836 + 1480
6836 + 1480
6836 d 1 1480
6838 # 1504
6838 - 1480 86
6838 + 1480
6838 + 1480
6839 # 1504
6839 - 1480 86
6839 + 1480
6839 + 1480
6840 + 1480
6840 d 1 1480
6840 + 1480
6840 d 1 1480
6841 # 1504
6841 - 1480 85
6841 + 1480
6841 + 1480
6842 # 1504
6842 - 1480 86
6842 + 1480
6842 + 1480
6843 + 1480
6843 d 1 1480
6843 + 1480
6843 d 1 1480
6844 + 1480
6844 d 1 1480
6844 + 1480
6844 d 1 1480
6845 # 1504
6845 - 1480 87
6846 # 1504
6846 - 1480 87
6846 + 1480
6846 + 1480
6847 + 1480
6847 + 1480
6848 + 1480
6848 d 1 1480
6848 + 1480
6848 d 1 1480
6849 + 1480
6849 d 1 1480
6849 + 1480
6849 d 1 1480
6850 + 1480
6850 d 1 1480
6850 + 1480
6850 d 1 1480
6851 + 1480
6851 d 1 1480
6851 + 1480
6851 d 1 1480
6853 + 1480
6853 d 1 1480
6853 + 1480
6853 d 1 1480
6854 + 1480
6854 d 1 1480
6854 + 1480
6854 d 1 1480
6855 # 1504
6855 - 1480 95
6855 + 1480
6855 + 1480
6856 # 1504
6856 - 1480 93
6856 # 1504
6856 - 1480 90
6856 # 1504
6856 - 1480 89
6856 + 1480
6856 + 1480
6857 # 1504
6857 - 1480 89
6857 # 1504
6857 - 1480 89
6857 + 1480
6857 + 1480
6858 + 1480
6858 + 1480
6860 + 1480
6860 + 1480
6861 + 1480
6861 + 1480
6861 d 1 1480
6862 + 1480
6862 d 1 1480
6862 + 1480
6862 d 1 1480
6863 + 1480
6863 d 1 1480
6863 + 1480
6863 d 1 1480
6864 + 1480
6864 d 1 1480
6864 + 1480
6864 d 1 1480
6865 # 1504
6865 - 1480 96
6865 # 1504
6865 - 1480 96
6865 # 1504
6865 - 1480 92
6865 # 1504
6865 - 1480 92
6865 # 1504
6865 - 1480 91
6865 # 1504
6865 - 1480 91
6865 + 1480
6865 + 1480
6866 # 1504
6866 - 1480 91
6866 + 1480
6866 + 1480
6867 # 1504
6867 - 1480 92
6868 # 1504
6868 - 1480 92
6868 + 1480
6868 + 1480
6869 + 1480
6869 + 1480
6870 # 1504
6870 - 1480 93
6870 + 1480
6870 + 1480
6871 # 1504
6871 - 1480 91
6871 - 1480 90
6871 + 1480
6871 + 1480
6872 + 1480
6872 + 1480
6873 + 1480
6873 + 1480
6875 # 1504
6875 - 1480 94
6875 # 1504
6875 - 1480 91
6875 # 1504
6875 - 1480 91
6875 + 1480
6875 + 1480
6876 + 1480
6876 + 1480
6877 # 1504
6877 - 1480 93
6877 + 1480
6877 + 1480
6878 # 1504
6878 - 1480 93
6878 + 1480
6878 + 1480
6879 + 1480
6879 + 1480
6880 # 1504
6880 - 1480 93
6880 + 1480
6880 + 1480
6882 # 1504
6882 - 1480 94
6882 + 1480
6882 + 1480
6883 # 1504
6883 - 1480 92
6883 + 1480
6883 + 1480
6884 # 1504
6884 - 1480 92
6884 + 1480
6884 + 1480
6885 + 1480
6885 + 1480
6885 d 1 1480
6886 # 1504
6886 - 1480 94
6886 + 1480
6886 + 1480
6887 # 1504
6887 - 1480 93
6887 + 1480
6887 + 1480
6887 d 1 1480
6889 # 1504
6889 - 1480 93
6889 + 1480
6889 + 1480
6890 # 1504
6890 - 1480 94
6890 + 1480
6890 + 1480
6891 + 1480
6891 d 1 1480
6891 + 1480
6891 d 1 1480
6892 + 1480
6892 d 1 1480
6892 + 1480
6892 d 1 1480
6893 # 1504
6893 - 1480 91
6893 + 1480
6893 + 1480
6894 # 1504
6894 - 1480 91
6894 + 1480
6894 + 1480
6895 # 1504
6895 - 1480 91
6895 + 1480
6895 + 1480
6895 d 1 1480
6896 # 1504
6896 - 1480 90
6897 + 1480
6897 + 1480
6898 + 1480
6898 d 1 1480
6898 + 1480
6898 d 1 1480
6899 + 1480
6899 d 1 1480
6899 + 1480
6899 d 1 1480
6900 + 1480
6900 d 1 1480
6900 + 1480
6900 d 1 1480
6901 # 1504
6901 - 1480 95
6901 + 1480
6901 + 1480
6902 # 1504
6902 - 1480 95
6902 # 1504
6902 - 1480 86
6902 + 1480
6902 + 1480
6903 # 1504
6903 - 1480 86
6904 + 1480
6904 + 1480
6905 # 1504
6905 - 1480 88
6905 + 1480
6905 + 1480
6906 # 1504
6906 - 1480 81
6906 + 1480
6906 + 1480
6907 # 1504
6907 - 1480 81
6907 + 1480
6907 + 1480
6908 + 1480
6908 d 1 1480
6908 + 1480
6908 d 1 1480
6909 + 1480
6909 d 1 1480
6909 + 1480
6909 d 1 1480
6910 # 1504
6910 - 1480 83
6910 # 1504
6910 - 1480 83
6911 + 1480
6911 + 1480
6912 # 1504
6912 - 1480 83
6912 + 1480
6912 + 1480
6913 # 1504
6913 - 1480 84
6913 + 1480
6913 + 1480
6914 + 1480
6914 + 1480
6914 d 1 1480
6915 # 1504
6915 - 1480 84
6915 + 1480
6915 + 1480
6916 # 1504
6916 - 1480 84
6916 + 1480
6916 + 1480
6917 + 1480
6917 d 1 1480
6917 + 1480
6917 d 1 1480
6918 # 1504
6918 - 1480 85
6919 # 1504
6919 - 1480 85
6919 + 1480
6919 + 1480
6920 # 1504
6920 - 1480 85
6920 + 1480
6920 + 1480
6921 + 1480
6921 + 1480
6921 d 1 1480
6922 # 1504
6922 - 1480 87
6922 + 1480
6922 + 1480
6923 # 1504
6923 - 1480 85
6923 + 1480
6923 + 1480
6923 d 1 1480
6924 # 1504
6924 - 1480 85
6924 + 1480
6924 + 1480
6926 # 1504
6926 - 1480 87
6926 + 1480
6926 + 1480
6927 + 1480
6927 d 1 1480
6927 + 1480
6927 d 1 1480
6928 # 1504
6928 - 1480 87
6928 + 1480
6928 + 1480
6929 + 1480
6929 d 1 1480
6929 + 1480
6929 d 1 1480
6930 + 1480
6930 d 1 1480
6930 + 1480
6930 d 1 1480
6931 # 1504
6931 - 1480 89
6931 + 1480
6931 + 1480
6933 # 1504
6933 - 1480 87
6933 # 1504
6933 - 1480 86
6933 # 1504
6933 - 1480 78
6933 + 1480
6934 # 1504
6934 - 1480 78
6934 + 1480
6934 + 1480
6934 + 1480
6935 + 1480
6935 + 1480
6936 # 1504
6936 - 1480 80
6936 + 1480
6936 + 1480
6937 # 1504
6937 - 1480 80
6937 + 1480
6937 + 1480
6937 d 1 1480
6938 # 1504
6938 - 1480 80
6938 + 1480
6938 + 1480
6939 + 1480
6939 d 1 1480
6939 + 1480
6939 d 1 1480
6940 # 1504
6940 - 1480 80
6941 # 1504
6941 - 1480 80
6941 + 1480
6941 + 1480
6942 + 1480
6942 + 1480
6942 d 1 1480
6943 # 1504
6943 - 1480 78
6943 + 1480
6943 + 1480
6944 # 1504
6944 - 1480 78
6944 + 1480
6944 + 1480
6945 # 1504
6945 - 1480 77
6945 + 1480
6945 + 1480
6945 d 1 1480
6946 + 1480
6946 d 1 1480
6946 + 1480
6946 d 1 1480
6947 # 1504
6947 - 1480 78
6948 # 1504
6948 - 1480 79
6948 + 1480
6948 + 1480
6949 # 1504
6949 - 1480 79
6949 + 1480
6949 + 1480
6950 # 1504
6950 - 1480 79
6950 + 1480
6950 + 1480
6950 + 1480
6951 # 1504
6951 - 1480 79
6951 # 1504
6951 - 1480 78
6951 + 1480
6952 + 1480
6952 + 1480
6952 d 1 1480
6953 + 1480
6953 d 1 1480
6953 + 1480
6953 d 1 1480
6955 + 1480
6955 d 1 1480
6955 + 1480
6955 d 1 1480
6956 + 1480
6956 d 1 1480
6956 + 1480
6956 d 1 1480
6957 + 1480
6957 d 1 1480
6957 + 1480
6957 d 1 1480
6958 + 1480
6958 d 1 1480
6958 + 1480
6958 d 1 1480
6959 + 1480
6959 d 1 1480
6959 + 1480
6959 d 1 1480
6960 + 1480
6960 d 1 1480
6960 + 1480
6960 d 1 1480
6961 # 1504
6961 - 1480 88
6961 # 1504
6961 - 1480 86
6961 # 1504
6961 - 1480 83
6961 # 1504
6961 - 1480 83
6961 # 1504
6961 - 1480 82
6961 - 1480 82
6961 # 1504
6961 - 1480 81
6961 + 1480
6961 + 1480
6963 + 1480
6963 + 1480
6964 + 1480
6964 + 1480
6965 + 1480
6965 + 1480
6966 + 1480
6966 + 1480
6967 # 1504
6967 - 1480 87
6967 + 1480
6967 + 1480
6968 # 1504
6968 - 1480 86
6968 # 1504
6968 - 1480 84
6968 # 1504
6968 - 1480 83
6968 # 1504
6968 - 1480 82
6968 + 1480
6968 + 1480
6969 # 1504
6969 - 1480 83
6969 # 1504
6969 - 1480 82
6970 # 1504
6970 - 1480 81
6970 + 1480
6970 + 1480
6971 + 1480
6971 + 1480
6972 # 1504
6972 - 1480 83
6972 # 1504
6972 - 1480 82
6972 + 1480
6972 + 1480
6973 # 1504
6973 - 1480 80
6973 + 1480
6973 + 1480
6974 # 1504
6974 - 1480 80
6974 + 1480
6974 + 1480
6975 # 1504
6975 - 1480 81
6975 + 1480
6975 + 1480
6976 # 1504
6976 - 1480 79
6977 # 1504
6977 - 1480 80
6977 + 1480
6977 + 1480
6978 + 1480
6978 + 1480
6979 # 1504
6979 - 1480 78
6979 + 1480
6979 + 1480
6980 + 1480
6980 + 1480
6981 + 1480
6981 + 1480
6982 + 1480
6982 + 1480
6982 d 1 1480
6983 + 1480
6983 d 1 1480
6983 + 1480
6983 d 1 1480
6985 + 1480
6985 d 1 1480
6985 + 1480
6985 d 1 1480
6986 + 1480
6986 d 1 1480
6986 + 1480
6986 d 1 1480
6987 + 1480
6987 d 1 1480
6987 + 1480
6987 d 1 1480
6988 # 1504
6988 - 1480 86
6988 # 1504
6988 - 1480 84
6988 # 1504
6988 - 1480 81
6988 # 1504
6988 - 1480 81
6988 # 1504
6988 - 1480 77
6988 # 1504
6988 - 1480 77
6988 # 1504
6988 - 1480 76
6988 + 1480
6988 + 1480
6989 # 1504
6989 - 1480 77
6989 # 1504
6989 - 1480 76
6989 + 1480
6989 + 1480
6990 # 1504
6990 - 1480 77
6990 + 1480
6990 + 1480
6991 # 1504
6991 - 1480 77
6992 # 1504
6992 - 1480 77
6992 + 1480
6992 + 1480
6993 # 1504
6993 - 1480 77
6993 + 1480
6993 + 1480
6994 # 1504
6994 - 1480 75
6994 + 1480
6994 + 1480
6995 # 1504
6995 - 1480 76
6995 + 1480
6995 + 1480
6996 # 1504
6996 - 1480 76
6996 + 1480
6996 + 1480
6997 # 1504
6997 - 1480 76
6997 + 1480
6997 + 1480
6998 # 1504
6998 - 1480 76
6999 + 1480
6999 + 1480
7000 + 1480
7000 + 1480
7001 + 1480
7001 + 1480
7002 + 1480
7002 + 1480
7003 + 1480
7003 + 1480
7004 + 1480
7004 d 1 1480
7004 + 1480
7004 d 1 1480
7006 + 1480
7006 d 1 1480
7006 + 1480
7006 d 1 1480
7007 # 1504
7007 - 1480 84
7007 + 1480
7007 + 1480
7008 # 1504
7008 - 1480 84
7008 # 1504
7008 - 1480 77
7008 # 1504
7008 - 1480 75
7008 # 1504
7008 - 1480 74
7008 # 1504
7008 - 1480 74
7008 # 1504
7008 - 1480 74
7008 # 1504
7008 - 1480 73
7008 + 1480
7008 + 1480
7009 # 1504
7009 - 1480 74
7009 + 1480
7009 + 1480
7010 + 1480
7010 + 1480
7011 # 1504
7011 - 1480 75
7011 + 1480
7011 + 1480
7012 # 1504
7012 - 1480 76
7012 + 1480
7012 + 1480
7014 + 1480
7014 + 1480
7015 + 1480
7015 + 1480
7016 + 1480
7016 + 1480
7017 + 1480
7017 d 1 1480
7017 + 1480
7017 d 1 1480
7018 + 1480
7018 d 1 1480
7018 + 1480
7018 d 1 1480
7019 + 1480
7019 d 1 1480
7019 + 1480
7019 d 1 1480
7021 # 1504
7021 - 1480 83
7021 # 1504
7021 - 1480 80
7021 # 1504
7021 - 1480 77
7021 # 1504
7021 - 1480 77
7021 # 1504
7021 - 1480 76
7021 + 1480
7021 + 1480
7022 + 1480
7022 + 1480
7023 + 1480
7023 + 1480
7024 + 1480
7024 + 1480
7025 + 1480
7025 + 1480
7025 d 1 1480
7026 # 1504
7026 - 1480 78
7026 # 1504
7026 - 1480 78
7026 + 1480
7026 + 1480
7028 # 1504
7028 - 1480 78
7028 # 1504
7028 - 1480 78
7028 + 1480
7028 + 1480
7029 + 1480
7029 + 1480
7030 + 1480
7030 + 1480
7031 + 1480
7031 d 1 1480
7031 + 1480
7031 d 1 1480
7032 # 1504
7032 - 1480 80
7032 + 1480
7032 + 1480
7033 # 1504
7033 - 1480 72
7033 # 1504
7033 - 1480 70
7033 # 1504
7033 - 1480 69
7033 # 1504
7033 - 1480 69
7033 + 1480
7033 + 1480
7034 + 1480
7035 # 1504
7035 - 1480 70
7035 + 1480
7036 # 1504
7036 - 1480 71
7036 - 1480 70
7036 + 1480
7036 + 1480
7037 + 1480
7037 + 1480
7038 # 1504
7038 - 1480 71
7038 + 1480
7038 + 1480
7039 # 1504
7039 - 1480 71
7039 + 1480
7039 + 1480
7040 # 1504
7040 - 1480 70
7040 + 1480
7040 + 1480
7041 + 1480
7041 + 1480
7041 d 1 1480
7042 # 1504
7042 - 1480 72
7043 # 1504
7043 - 1480 72
7043 + 1480
7043 + 1480
7044 + 1480
7044 + 1480
7044 d 1 1480
7045 # 1504
7045 - 1480 73
7045 + 1480
7045 + 1480
7046 # 1504
7046 - 1480 73
7046 + 1480
7046 + 1480
7047 + 1480
7047 d 1 1480
7047 + 1480
7047 d 1 1480
7048 # 1504
7048 - 1480 74
7048 + 1480
7048 + 1480
7051 # 1504
7051 - 1480 76
7051 + 1480
7051 + 1480
7051 + 1480
7051 d 1 1480
7051 + 1480
7051 d 1 1480
7052 + 1480
7052 d 1 1480
7052 + 1480
7052 d 1 1480
7053 # 1504
7053 - 1480 76
7053 + 1480
7053 + 1480
7054 # 1504
7054 - 1480 76
7054 + 1480
7054 + 1480
7055 + 1480
7055 d 1 1480
7055 + 1480
7055 d 1 1480
7056 + 1480
7056 d 1 1480
7056 + 1480
7056 d 1 1480
7057 # 1504
7057 - 1480 78
7058 + 1480
7058 + 1480
7059 + 1480
7059 d 1 1480
7059 + 1480
7059 d 1 1480
7060 + 1480
7060 d 1 1480
7060 + 1480
7060 d 1 1480
7061 # 1504
7061 - 1480 81
7061 + 1480
7061 + 1480
7062 + 1480
7062 + 1480
7062 d 1 1480
7063 + 1480
7063 d 1 1480
7063 + 1480
7063 d 1 1480
7065 + 1480
7065 d 1 1480
7065 + 1480
7065 d 1 1480
7066 + 1480
7066 d 1 1480
7066 + 1480
7066 d 1 1480
7067 + 1480
7067 d 1 1480
7067 + 1480
7067 d 1 1480
7068 + 1480
7068 d 1 1480
7068 + 1480
7068 d 1 1480
7069 + 1480
7069 d 1 1480
7069 + 1480
7069 d 1 1480
7070 + 1480
7070 d 1 1480
7070 + 1480
7070 d 1 1480
7071 # 1504
7071 - 1480 90
7071 # 1504
7071 - 1480 83
7071 # 1504
7071 - 1480 79
7071 # 1504
7071 - 1480 79
7072 + 1480
7072 + 1480
7073 + 1480
7073 + 1480
7074 + 1480
7074 + 1480
7075 + 1480
7075 + 1480
7076 + 1480
7076 + 1480
7076 d 1 1480
7077 + 1480
7077 d 1 1480
7077 + 1480
7077 d 1 1480
7078 # 1504
7078 - 1480 85
7078 # 1504
7078 - 1480 85
7078 # 1504
7078 - 1480 82
7078 # 1504
7078 - 1480 82
7078 + 1480
7078 + 1480
7080 # 1504
7080 - 1480 83
7080 # 1504
7080 - 1480 83
7080 + 1480
7080 + 1480
7081 + 1480
7081 + 1480
7082 + 1480
7082 + 1480
7083 # 1504
7083 - 1480 84
7083 + 1480
7083 + 1480
7084 # 1504
7084 - 1480 84
7084 + 1480
7084 + 1480
7085 + 1480
7085 + 1480
7086 # 1504
7086 - 1480 85
7087 + 1480
7087 + 1480
7088 + 1480
7088 + 1480
7088 d 1 1480
7089 + 1480
7089 d 1 1480
7089 + 1480
7089 d 1 1480
7090 + 1480
7090 d 1 1480
7090 + 1480
7090 d 1 1480
7091 + 1480
7091 d 1 1480
7091 + 1480
7091 d 1 1480
7092 + 1480
7092 d 1 1480
7092 + 1480
7092 d 1 1480
7094 + 1480
7094 d 1 1480
7094 + 1480
7094 d 1 1480
7095 # 1504
7095 - 1480 93
7095 # 1504
7095 - 1480 92
7095 # 1504
7095 - 1480 87
7095 # 1504
7095 - 1480 86
7095 # 1504
7095 - 1480 86
7095 + 1480
7095 + 1480
7096 # 1504
7096 - 1480 86
7096 + 1480
7096 + 1480
7097 + 1480
7097 + 1480
7098 # 1504
7098 - 1480 88
7098 + 1480
7098 + 1480
7099 # 1504
7099 - 1480 88
7099 + 1480
7099 + 1480
7100 + 1480
7101 + 1480
7102 + 1480
7102 + 1480
7103 # 1504
7103 - 1480 91
7103 # 1504
7103 - 1480 89
7103 # 1504
7103 - 1480 88
7103 + 1480
7103 + 1480
7104 + 1480
7104 + 1480
7105 # 1504
7105 - 1480 89
7105 + 1480
7105 + 1480
7106 + 1480
7106 + 1480
7106 d 1 1480
7107 # 1504
7107 - 1480 91
7107 + 1480
7107 + 1480
7109 # 1504
7109 - 1480 88
7109 + 1480
7109 + 1480
7110 # 1504
7110 - 1480 88
7110 + 1480
7110 + 1480
7111 + 1480
7111 d 1 1480
7111 + 1480
7111 d 1 1480
7112 # 1504
7112 - 1480 89
7112 + 1480
7112 + 1480
7113 + 1480
7113 d 1 1480
7113 + 1480
7113 d 1 1480
7114 # 1504
7114 - 1480 90
7114 + 1480
7114 + 1480
7116 # 1504
7116 - 1480 90
7116 # 1504
7116 - 1480 88
7116 + 1480
7116 + 1480
7117 + 1480
7117 + 1480
7117 d 1 1480
7118 + 1480
7118 d 1 1480
7118 + 1480
7118 d 1 1480
7119 # 1504
7119 - 1480 90
7119 + 1480
7119 + 1480
7120 # 1504
7120 - 1480 91
7120 + 1480
7120 + 1480
7121 + 1480
7121 d 1 1480
7121 + 1480
7121 d 1 1480
7123 # 1504
7123 - 1480 93
7123 + 1480
7123 + 1480
7124 # 1504
7124 - 1480 92
7124 + 1480
7124 + 1480
7125 + 1480
7125 d 1 1480
7125 + 1480
7125 d 1 1480
7126 # 1504
7126 - 1480 93
7126 + 1480
7126 + 1480
7127 # 1504
7127 - 1480 92
7127 + 1480
7127 + 1480
7127 d 1 1480
7128 + 1480
7128 d 1 1480
7128 + 1480
7128 d 1 1480
7129 # 1504
7129 - 1480 93
7129 + 1480
7129 + 1480
7131 # 1504
7131 - 1480 94
7131 + 1480
7131 + 1480
7132 # 1504
7132 - 1480 94
7132 + 1480
7132 + 1480
7133 # 1504
7133 - 1480 94
7133 + 1480
7133 + 1480
7133 d 1 1480
7135 # 1504
7135 - 1480 95
7135 + 1480
7135 + 1480
7135 + 1480
7135 d 1 1480
7135 + 1480
7135 d 1 1480
7136 # 1504
7136 - 1480 96
7136 + 1480
7136 + 1480
7138 # 1504
7138 - 1480 95
7138 + 1480
7138 + 1480
7139 + 1480
7139 d 1 1480
7139 + 1480
7139 d 1 1480
7140 # 1504
7140 - 1480 96
7140 + 1480
7140 + 1480
7141 # 1504
7141 - 1480 96
7141 + 1480
7141 + 1480
7141 d 1 1480
7142 # 1504
7142 - 1480 96
7142 - 1480 94
7142 + 1480
7142 + 1480
7143 + 1480
7143 d 1 1480
7143 + 1480
7143 d 1 1480
7144 # 1504
7144 - 1480 93
7145 # 1504
7145 - 1480 92
7145 + 1480
7145 + 1480
7146 + 1480
7146 + 1480
7147 # 1504
7147 - 1480 94
7147 + 1480
7147 + 1480
7148 # 1504
7148 - 1480 94
7148 + 1480
7148 + 1480
7149 # 1504
7149 - 1480 91
7149 + 1480
7149 + 1480
7149 d 1 1480
7150 # 1504
7150 - 1480 89
7150 + 1480
7150 + 1480
7151 + 1480
7151 d 1 1480
7151 + 1480
7151 d 1 1480
7152 # 1504
7152 - 1480 91
7153 # 1504
7153 - 1480 81
7153 + 1480
7153 + 1480
7154 # 1504
7154 - 1480 81
7154 + 1480
7154 + 1480
7155 # 1504
7155 - 1480 82
7155 + 1480
7155 + 1480
7156 # 1504
7156 - 1480 82
7156 + 1480
7156 + 1480
7157 + 1480
7157 d 1 1480
7157 + 1480
7157 d 1 1480
7158 # 1504
7158 - 1480 83
7158 # 1504
7158 - 1480 82
7158 + 1480
7158 + 1480
7160 # 1504
7160 - 1480 82
7160 + 1480
7160 + 1480
7161 # 1504
7161 - 1480 81
7161 + 1480
7161 + 1480
7162 + 1480
7162 d 1 1480
7162 + 1480
7162 d 1 1480
7163 # 1504
7163 - 1480 82
7163 + 1480
7163 + 1480
7164 # 1504
7164 - 1480 83
7164 + 1480
7164 + 1480
7165 # 1504
7165 - 1480 83
7165 + 1480
7165 + 1480
7165 d 1 1480
7166 # 1504
7166 - 1480 83
7167 # 1504
7167 - 1480 83
7167 + 1480
7167 + 1480
7168 # 1504
7168 - 1480 83
7168 + 1480
7168 + 1480
7169 # 1504
7169 - 1480 84
7169 + 1480
7169 + 1480
7170 + 1480
7170 d 1 1480
7170 + 1480
7170 d 1 1480
7171 + 1480
7171 d 1 1480
7171 + 1480
7171 d 1 1480
7172 # 1504
7172 - 1480 85
7172 + 1480
7172 + 1480
7173 # 1504
7173 - 1480 85
7173 + 1480
7173 + 1480
7174 # 1504
7174 - 1480 78
7175 + 1480
7175 + 1480
7176 # 1504
7176 - 1480 80
7176 # 1504
7176 - 1480 79
7176 # 1504
7176 - 1480 78
7176 + 1480
7176 + 1480
7177 + 1480
7177 + 1480
7178 # 1504
7178 - 1480 79
7178 + 1480
7178 + 1480
7179 + 1480
7179 d 1 1480
7179 + 1480
7179 d 1 1480
7180 # 1504
7180 - 1480 81
7180 + 1480
7180 + 1480
7181 # 1504
7181 - 1480 80
7182 # 1504
7182 - 1480 80
7182 + 1480
7182 + 1480
7183 + 1480
7183 + 1480
7183 d 1 1480
7184 # 1504
7184 - 1480 81
7184 + 1480
7184 + 1480
7185 # 1504
7185 - 1480 81
7185 + 1480
7185 + 1480
7185 d 1 1480
7186 + 1480
7186 d 1 1480
7186 + 1480
7186 d 1 1480
7187 # 1504
7187 - 1480 82
7187 # 1504
7187 - 1480 82
7187 + 1480
7187 + 1480
7189 # 1504
7189 - 1480 82
7189 + 1480
7189 + 1480
7190 # 1504
7190 - 1480 83
7190 + 1480
7190 + 1480
7191 # 1504
7191 - 1480 82
7191 + 1480
7191 + 1480
7192 + 1480
7192 d 1 1480
7192 + 1480
7192 d 1 1480
7193 # 1504
7193 - 1480 83
7193 + 1480
7193 + 1480
7194 # 1504
7194 - 1480 82
7194 + 1480
7194 + 1480
7195 # 1504
7195 - 1480 81
7195 + 1480
7195 + 1480
7195 d 1 1480
7197 # 1504
7197 - 1480 81
7197 + 1480
7197 + 1480
7198 + 1480
7198 d 1 1480
7198 + 1480
7198 d 1 1480
7199 # 1504
7199 - 1480 83
7199 # 1504
7199 - 1480 80
7199 + 1480
7199 + 1480
7200 + 1480
7200 + 1480
7200 d 1 1480
7201 + 1480
7201 d 1 1480
7201 + 1480
7201 d 1 1480
7202 + 1480
7202 d 1 1480
7202 + 1480
7202 d 1 1480
7204 + 1480
7204 d 1 1480
7204 + 1480
7204 d 1 1480
7205 + 1480
7205 d 1 1480
7205 + 1480
7205 d 1 1480
7206 + 1480
7206 d 1 1480
7206 + 1480
7206 d 1 1480
7207 + 1480
7207 d 1 1480
7207 + 1480
7207 d 1 1480
7208 # 1504
7208 - 1480 88
7208 # 1504
7208 - 1480 88
7208 # 1504
7208 - 1480 82
7208 # 1504
7208 - 1480 81
7208 + 1480
7208 + 1480
7209 + 1480
7209 + 1480
7211 + 1480
7211 + 1480
7212 + 1480
7212 + 1480
7213 + 1480
7213 + 1480
7213 d 1 1480
7214 # 1504
7214 - 1480 85
7214 # 1504
7214 - 1480 85
7214 # 1504
7214 - 1480 82
7214 # 1504
7214 - 1480 81
7214 # 1504
7214 - 1480 79
7214 # 1504
7214 - 1480 79
7214 + 1480
7214 + 1480
7215 # 1504
7215 - 1480 79
7215 + 1480
7215 + 1480
7216 + 1480
7216 + 1480
7217 # 1504
7217 - 1480 81
7217 # 1504
7217 - 1480 79
7217 + 1480
7217 + 1480
7218 # 1504
7218 - 1480 78
7219 # 1504
7219 - 1480 79
7219 + 1480
7219 + 1480
7220 + 1480
7220 + 1480
7221 + 1480
7221 + 1480
7222 + 1480
7222 + 1480
7223 + 1480
7223 d 1 1480
7223 + 1480
7223 d 1 1480
7224 + 1480
7224 d 1 1480
7224 + 1480
7224 d 1 1480
7226 + 1480
7226 d 1 1480
7226 + 1480
7226 d 1 1480
7227 + 1480
7227 d 1 1480
7227 + 1480
7227 d 1 1480
7228 # 1504
7228 - 1480 86
7228 # 1504
7228 - 1480 86
7228 - 1480 81
7228 # 1504
7228 - 1480 80
7228 # 1504
7228 - 1480 80
7228 # 1504
7228 - 1480 79
7228 # 1504
7228 - 1480 78
7228 # 1504
7228 - 1480 78
7228 + 1480
7228 + 1480
7229 + 1480
7229 + 1480
7230 # 1504
7230 - 1480 77
7230 + 1480
7230 + 1480
7231 # 1504
7231 - 1480 78
7231 + 1480
7231 + 1480
7232 # 1504
7232 - 1480 78
7233 # 1504
7233 - 1480 78
7233 + 1480
7233 + 1480
7234 # 1504
7234 - 1480 78
7234 + 1480
7234 + 1480
7235 # 1504
7235 - 1480 79
7235 + 1480
7235 + 1480
7236 + 1480
7236 + 1480
7237 # 1504
7237 - 1480 79
7237 # 1504
7237 - 1480 77
7237 + 1480
7237 + 1480
7238 # 1504
7238 - 1480 77
7238 + 1480
7238 + 1480
7239 # 1504
7239 - 1480 78
7239 + 1480
7240 + 1480
7241 + 1480
7241 + 1480
7242 + 1480
7242 + 1480
7243 + 1480
7243 + 1480
7244 + 1480
7244 d 1 1480
7244 + 1480
7244 d 1 1480
7245 + 1480
7245 d 1 1480
7245 + 1480
7245 d 1 1480
7246 + 1480
7246 d 1 1480
7246 + 1480
7246 d 1 1480
7248 # 1504
7248 - 1480 85
7248 # 1504
7248 - 1480 84
7248 # 1504
7248 - 1480 80
7248 # 1504
7248 - 1480 79
7248 + 1480
7248 + 1480
7249 # 1504
7249 - 1480 80
7249 + 1480
7249 + 1480
7250 # 1504
7250 - 1480 78
7250 # 1504
7250 - 1480 78
7250 # 1504
7250 - 1480 77
7250 + 1480
7250 + 1480
7251 + 1480
7251 + 1480
7252 + 1480
7252 + 1480
7253 + 1480
7253 + 1480
7255 + 1480
7255 + 1480
7256 + 1480
7256 d 1 1480
7256 + 1480
7256 d 1 1480
7257 + 1480
7257 d 1 1480
7257 + 1480
7257 d 1 1480
7258 # 1504
7258 - 1480 83
7258 # 1504
7258 - 1480 83
7258 # 1504
7258 - 1480 80
7258 # 1504
7258 - 1480 80
7258 + 1480
7258 + 1480
7259 + 1480
7259 + 1480
7260 + 1480
7260 + 1480
7261 # 1504
7261 - 1480 81
7261 # 1504
7261 - 1480 81
7262 # 1504
7262 - 1480 80
7262 # 1504
7262 - 1480 79
7262 # 1504
7262 - 1480 78
7262 # 1504
7262 - 1480 77
7262 # 1504
7262 - 1480 75
7262 + 1480
7262 + 1480
7263 + 1480
7263 + 1480
7264 + 1480
7264 + 1480
7265 + 1480
7265 + 1480
7266 + 1480
7266 + 1480
7267 + 1480
7267 + 1480
7267 d 1 1480
7268 # 1504
7268 - 1480 81
7268 # 1504
7268 - 1480 79
7268 # 1504
7268 - 1480 77
7268 # 1504
7268 - 1480 77
7268 # 1504
7268 - 1480 75
7268 # 1504
7268 - 1480 75
7268 # 1504
7268 - 1480 74
7268 + 1480
7268 + 1480
7269 # 1504
7269 - 1480 75
7270 # 1504
7270 - 1480 75
7270 + 1480
7270 + 1480
7271 # 1504
7271 - 1480 74
7271 + 1480
7271 + 1480
7272 # 1504
7272 - 1480 73
7272 + 1480
7272 + 1480
7273 + 1480
7273 + 1480
7274 + 1480
7274 + 1480
7275 + 1480
7275 + 1480
7277 + 1480
7277 + 1480
7278 + 1480
7278 d 1 1480
7278 + 1480
7278 d 1 1480
7279 + 1480
7279 d 1 1480
7279 + 1480
7279 d 1 1480
7280 + 1480
7280 d 1 1480
7280 + 1480
7280 d 1 1480
7281 # 1504
7281 - 1480 82
7281 # 1504
7281 - 1480 73
7281 # 1504
7281 - 1480 70
7281 + 1480
7281 + 1480
7282 # 1504
7282 - 1480 70
7282 # 1504
7282 - 1480 70
7282 # 1504
7282 - 1480 68
7282 # 1504
7282 - 1480 68
7282 + 1480
7282 + 1480
7284 + 1480
7284 + 1480
7285 + 1480
7285 + 1480
7286 + 1480
7286 + 1480
7287 + 1480
7287 + 1480
7288 # 1504
7288 - 1480 73
7288 # 1504
7288 - 1480 73
7288 # 1504
7288 - 1480 71
7288 # 1504
7288 - 1480 69
7288 # 1504
7288 - 1480 69
7288 # 1504
7288 - 1480 68
7288 + 1480
7288 + 1480
7289 # 1504
7289 - 1480 69
7289 # 1504
7289 - 1480 68
7289 + 1480
7289 + 1480
7290 + 1480
7290 + 1480
7292 + 1480
7292 + 1480
7293 # 1504
7293 - 1480 72
7293 + 1480
7293 + 1480
7294 + 1480
7294 + 1480
7295 # 1504
7295 - 1480 73
7295 - 1480 67
7295 + 1480
7295 + 1480
7296 # 1504
7296 - 1480 67
7296 + 1480
7296 + 1480
7297 # 1504
7297 - 1480 67
7297 + 1480
7297 + 1480
7299 + 1480
7299 + 1480
7300 + 1480
7300 d 1 1480
7300 + 1480
7300 d 1 1480
7301 + 1480
7301 d 1 1480
7301 + 1480
7301 d 1 1480
7302 + 1480
7302 d 1 1480
7302 + 1480
7302 d 1 1480
7303 + 1480
7303 d 1 1480
7303 + 1480
7303 d 1 1480
7304 + 1480
7304 d 1 1480
7304 + 1480
7304 d 1 1480
7306 + 1480
7306 d 1 1480
7306 + 1480
7306 d 1 1480
7307 + 1480
7307 d 1 1480
7307 + 1480
7307 d 1 1480
7308 + 1480
7308 d 1 1480
7308 + 1480
7308 d 1 1480
7309 + 1480
7309 d 1 1480
7309 + 1480
7309 d 1 1480
7310 # 1504
7310 - 1480 79
7310 + 1480
7310 + 1480
7311 + 1480
7311 + 1480
7312 + 1480
7312 + 1480
7314 + 1480
7314 + 1480
7315 + 1480
7315 d 1 1480
7315 + 1480
7315 d 1 1480
7316 + 1480
7316 d 1 1480
7316 + 1480
7316 d 1 1480
7317 # 1504
7317 - 1480 86
7317 # 1504
7317 - 1480 81
7317 # 1504
7317 - 1480 78
7318 # 1504
7318 - 1480 78
7318 + 1480
7318 + 1480
7318 + 1480
7318 + 1480
7319 # 1504
7319 - 1480 78
7319 + 1480
7319 + 1480
7321 + 1480
7321 + 1480
7322 # 1504
7322 - 1480 81
7322 + 1480
7322 + 1480
7323 + 1480
7323 + 1480
7324 # 1504
7324 - 1480 82
7324 + 1480
7324 + 1480
7325 + 1480
7325 d 1 1480
7325 + 1480
7325 d 1 1480
7326 # 1504
7326 - 1480 83
7326 + 1480
7326 + 1480
7327 # 1504
7327 - 1480 79
7328 + 1480
7328 + 1480
7328 d 1 1480
7329 # 1504
7329 - 1480 80
7329 + 1480
7329 + 1480
7330 # 1504
7330 - 1480 80
7330 + 1480
7330 + 1480
7331 + 1480
7331 d 1 1480
7331 + 1480
7331 d 1 1480
7332 # 1504
7332 - 1480 81
7332 + 1480
7332 + 1480
7333 + 1480
7333 d 1 1480
7333 + 1480
7333 d 1 1480
7335 + 1480
7335 d 1 1480
7335 + 1480
7335 d 1 1480
7336 + 1480
7336 d 1 1480
7336 + 1480
7336 d 1 1480
7337 + 1480
7337 d 1 1480
7337 + 1480
7337 d 1 1480
7338 + 1480
7338 d 1 1480
7338 + 1480
7338 d 1 1480
7339 + 1480
7339 d 1 1480
7339 + 1480
7339 d 1 1480
7340 + 1480
7340 d 1 1480
7340 + 1480
7340 d 1 1480
7341 # 1504
7341 - 1480 89
7341 # 1504
7341 - 1480 88
7341 # 1504
7341 - 1480 83
7341 # 1504
7341 - 1480 82
7341 # 1504
7341 - 1480 82
7341 # 1504
7341 - 1480 81
7341 + 1480
7341 + 1480
7342 # 1504
7342 - 1480 82
7343 # 1504
7343 - 1480 81
7343 + 1480
7343 + 1480
7344 + 1480
7344 + 1480
7345 # 1504
7345 - 1480 82
7345 + 1480
7345 + 1480
7346 # 1504
7346 - 1480 83
7346 + 1480
7346 + 1480
7347 + 1480
7347 + 1480
7348 # 1504
7348 - 1480 84
7348 # 1504
7348 - 1480 83
7348 + 1480
7348 + 1480
7349 # 1504
7349 - 1480 83
7350 # 1504
7350 - 1480 83
7350 + 1480
7350 + 1480
7351 # 1504
7351 - 1480 83
7351 + 1480
7351 + 1480
7352 # 1504
7352 - 1480 82
7352 + 1480
7352 + 1480
7353 # 1504
7353 - 1480 83
7353 + 1480
7353 + 1480
7354 # 1504
7354 - 1480 83
7354 + 1480
7354 + 1480
7355 # 1504
7355 - 1480 83
7355 + 1480
7355 + 1480
7357 # 1504
7357 - 1480 84
7357 # 1504
7357 - 1480 84
7357 + 1480
7357 + 1480
7358 # 1504
7358 - 1480 84
7358 + 1480
7358 + 1480
7359 # 1504
7359 - 1480 84
7359 + 1480
7359 + 1480
7360 + 1480
7360 + 1480
7361 + 1480
7361 + 1480
7362 + 1480
7362 d 1 1480
7362 + 1480
7362 d 1 1480
7363 + 1480
7363 d 1 1480
7363 + 1480
7363 d 1 1480
7365 + 1480
7365 d 1 1480
7365 + 1480
7365 d 1 1480
7366 + 1480
7366 d 1 1480
7366 + 1480
7366 d 1 1480
7367 + 1480
7367 d 1 1480
7367 + 1480
7367 d 1 1480
7368 # 1504
7368 - 1480 91
7368 # 1504
7368 - 1480 91
7368 + 1480
7368 + 1480
7369 + 1480
7369 + 1480
7370 # 1504
7370 - 1480 86
7370 + 1480
7370 + 1480
7371 # 1504
7371 - 1480 86
7371 # 1504
7371 - 1480 85
7372 + 1480
7372 + 1480
7373 # 1504
7373 - 1480 87
7373 # 1504
7373 - 1480 86
7373 # 1504
7373 - 1480 85
7373 + 1480
7373 + 1480
7374 + 1480
7374 + 1480
7375 + 1480
7375 + 1480
7376 + 1480
7376 + 1480
7376 d 1 1480
7377 # 1504
7377 - 1480 89
7377 # 1504
7377 - 1480 88
7377 # 1504
7377 - 1480 87
7377 # 1504
7377 - 1480 85
7377 # 1504
7377 - 1480 85
7377 + 1480
7377 + 1480
7379 + 1480
7379 + 1480
7380 + 1480
7380 + 1480
7381 # 1504
7381 - 1480 88
7381 + 1480
7381 + 1480
7382 + 1480
7382 + 1480
7383 + 1480
7383 d 1 1480
7383 + 1480
7383 d 1 1480
7384 + 1480
7384 d 1 1480
7385 + 1480
7385 d 1 1480
7385 + 1480
7385 d 1 1480
7385 + 1480
7385 d 1 1480
7387 + 1480
7387 d 1 1480
7387 + 1480
7387 d 1 1480
7388 + 1480
7388 d 1 1480
7388 + 1480
7388 d 1 1480
7389 # 1504
7389 - 1480 96
7389 # 1504
7389 - 1480 94
7389 # 1504
7389 - 1480 92
7389 # 1504
7389 - 1480 90
7389 # 1504
7389 - 1480 90
7389 # 1504
7389 - 1480 79
7389 # 1504
7389 - 1480 79
7389 # 1504
7389 - 1480 78
7389 + 1480
7389 + 1480
7390 # 1504
7390 - 1480 79
7390 - 1480 78
7390 + 1480
7390 + 1480
7391 # 1504
7391 - 1480 77
7391 + 1480
7391 + 1480
7392 # 1504
7392 - 1480 78
7392 + 1480
7392 + 1480
7393 # 1504
7393 - 1480 75
7394 # 1504
7394 - 1480 76
7394 + 1480
7394 + 1480
7395 # 1504
7395 - 1480 77
7395 + 1480
7395 + 1480
7396 + 1480
7396 + 1480
7397 # 1504
7397 - 1480 78
7397 + 1480
7397 + 1480
7398 + 1480
7398 + 1480
7399 # 1504
7399 - 1480 78
7399 + 1480
7399 + 1480
7400 + 1480
7400 + 1480
7402 + 1480
7402 + 1480
7403 + 1480
7403 + 1480
7404 + 1480
7404 d 1 1480
7404 + 1480
7404 d 1 1480
7405 + 1480
7405 d 1 1480
7405 + 1480
7405 d 1 1480
7406 + 1480
7406 d 1 1480
7406 + 1480
7406 d 1 1480
7407 + 1480
7407 d 1 1480
7407 + 1480
7407 d 1 1480
7408 # 1504
7408 - 1480 86
7408 # 1504
7408 - 1480 85
7408 # 1504
7408 - 1480 80
7408 # 1504
7408 - 1480 79
7408 # 1504
7408 - 1480 79
7408 # 1504
7408 - 1480 78
7409 # 1504
7409 - 1480 79
7409 # 1504
7409 - 1480 77
7409 + 1480
7409 + 1480
7410 # 1504
7410 - 1480 78
7410 + 1480
7410 + 1480
7411 + 1480
7411 + 1480
7412 + 1480
7412 + 1480
7413 + 1480
7413 + 1480
7414 + 1480
7414 + 1480
7416 + 1480
7416 + 1480
7417 + 1480
7417 + 1480
7417 d 1 1480
7418 + 1480
7418 d 1 1480
7418 + 1480
7418 d 1 1480
7419 # 1504
7419 - 1480 78
7419 # 1504
7419 - 1480 76
7419 # 1504
7419 - 1480 74
7419 # 1504
7419 - 1480 73
7419 # 1504
7419 - 1480 73
7419 # 1504
7419 - 1480 72
7419 # 1504
7419 - 1480 72
7419 + 1480
7419 + 1480
7420 # 1504
7420 - 1480 72
7420 + 1480
7420 + 1480
7421 # 1504
7421 - 1480 73
7421 + 1480
7421 + 1480
7423 # 1504
7423 - 1480 73
7423 + 1480
7423 + 1480
7424 # 1504
7424 - 1480 73
7424 + 1480
7424 + 1480
7425 # 1504
7425 - 1480 73
7425 + 1480
7425 + 1480
7426 # 1504
7426 - 1480 73
7426 + 1480
7426 + 1480
7427 + 1480
7427 + 1480
7428 # 1504
7428 - 1480 75
7428 # 1504
7428 - 1480 74
7428 + 1480
7428 + 1480
7429 # 1504
7429 - 1480 74
7429 + 1480
7429 + 1480
7430 # 1504
7430 - 1480 73
7431 + 1480
7431 + 1480
7432 # 1504
7432 - 1480 75
7432 + 1480
7432 + 1480
7433 # 1504
7433 - 1480 75
7433 + 1480
7433 + 1480
7434 + 1480
7434 + 1480
7435 # 1504
7435 - 1480 76
7435 # 1504
7435 - 1480 75
7435 + 1480
7435 + 1480
7436 + 1480
7436 + 1480
7437 # 1504
7437 - 1480 76
7438 # 1504
7438 - 1480 77
7438 + 1480
7438 + 1480
7439 + 1480
7439 + 1480
7440 # 1504
7440 - 1480 72
7440 + 1480
7440 + 1480
7441 # 1504
7441 - 1480 72
7441 # 1504
7441 - 1480 71
7441 + 1480
7441 + 1480
7442 + 1480
7442 + 1480
7442 d 1 1480
7443 # 1504
7443 - 1480 71
7443 + 1480
7443 + 1480
7445 # 1504
7445 - 1480 73
7445 + 1480
7445 + 1480
7446 # 1504
7446 - 1480 73
7446 + 1480
7446 + 1480
7447 # 1504
7447 - 1480 73
7447 + 1480
7447 + 1480
7447 d 1 1480
7448 + 1480
7448 d 1 1480
7448 + 1480
7448 d 1 1480
7449 # 1504
7449 - 1480 74
7449 + 1480
7449 + 1480
7450 # 1504
7450 - 1480 74
7450 + 1480
7450 + 1480
7451 # 1504
7451 - 1480 74
7451 + 1480
7451 + 1480
7451 d 1 1480
7452 # 1504
7452 - 1480 73
7453 + 1480
7453 + 1480
7454 + 1480
7454 d 1 1480
7454 + 1480
7454 d 1 1480
7455 # 1504
7455 - 1480 75
7455 # 1504
7455 - 1480 74
7455 + 1480
7455 + 1480
7456 + 1480
7456 + 1480
7456 d 1 1480
7457 # 1504
7457 - 1480 75
7457 + 1480
7457 + 1480
7458 # 1504
7458 - 1480 76
7458 + 1480
7458 + 1480
7459 # 1504
7459 - 1480 70
7460 + 1480
7460 + 1480
7460 d 1 1480
7461 # 1504
7461 - 1480 71
7461 + 1480
7461 + 1480
7462 + 1480
7462 d 1 1480
7462 + 1480
7462 d 1 1480
7463 + 1480
7463 d 1 1480
7463 + 1480
7463 d 1 1480
7464 + 1480
7464 d 1 1480
7464 + 1480
7464 d 1 1480
7465 + 1480
7465 d 1 1480
7465 + 1480
7465 d 1 1480
7466 + 1480
7466 d 1 1480
7467 + 1480
7467 d 1 1480
7468 + 1480
7468 d 1 1480
7468 + 1480
7468 d 1 1480
7469 + 1480
7469 d 1 1480
7469 + 1480
7469 d 1 1480
7470 + 1480
7470 d 1 1480
7470 + 1480
7470 d 1 1480
7471 + 1480
7471 d 1 1480
7471 + 1480
7471 d 1 1480
7472 + 1480
7472 d 1 1480
7472 + 1480
7472 d 1 1480
7473 + 1480
7473 d 1 1480
7474 + 1480
7474 d 1 1480
7475 + 1480
7475 d 1 1480
7475 + 1480
7475 d 1 1480
7476 + 1480
7476 d 1 1480
7476 + 1480
7476 d 1 1480
7477 + 1480
7477 d 1 1480
7477 + 1480
7477 d 1 1480
7478 # 1504
7478 - 1480 87
7478 # 1504
7478 - 1480 86
7478 + 1480
7478 + 1480
7479 # 1504
7479 - 1480 81
7479 # 1504
7479 - 1480 81
7479 # 1504
7479 - 1480 80
7479 # 1504
7479 - 1480 80
7479 - 1480 79
7479 # 1504
7479 - 1480 79
7479 # 1504
7479 - 1480 77
7479 # 1504
7479 - 1480 77
7479 # 1504
7479 - 1480 76
7479 # 1504
7479 - 1480 76
7479 # 1504
7479 - 1480 70
7479 # 1504
7479 - 1480 70
7479 + 1480
7479 + 1480
7480 + 1480
7480 + 1480
7482 + 1480
7482 + 1480
7483 + 1480
7484 + 1480
7484 + 1480
7484 + 1480
7485 + 1480
7485 + 1480
7486 + 1480
7486 + 1480
7487 + 1480
7487 + 1480
7489 + 1480
7489 + 1480
7490 # 1504
7490 - 1480 80
7490 # 1504
7490 - 1480 80
7490 # 1504
7490 - 1480 76
7490 # 1504
7490 - 1480 76
7490 # 1504
7490 - 1480 74
7490 + 1480
7490 + 1480
7491 + 1480
7491 + 1480
7492 + 1480
7492 + 1480
7493 + 1480
7493 + 1480
7494 + 1480
7494 + 1480
7495 # 1504
7495 - 1480 79
7495 # 1504
7495 - 1480 78
7495 # 1504
7495 - 1480 75
7495 # 1504
7495 - 1480 75
7495 # 1504
7495 - 1480 74
7496 # 1504
7496 - 1480 75
7496 + 1480
7496 + 1480
7497 + 1480
7497 + 1480
7498 # 1504
7498 - 1480 75
7498 + 1480
7498 + 1480
7499 + 1480
7499 + 1480
7500 + 1480
7500 + 1480
7501 # 1504
7501 - 1480 77
7501 + 1480
7502 + 1480
7502 + 1480
7502 + 1480
7504 + 1480
7504 + 1480
7505 + 1480
7505 + 1480
7505 d 1 1480
7506 + 1480
7506 d 1 1480
7506 + 1480
7506 d 1 1480
7507 + 1480
7507 d 1 1480
7507 + 1480
7507 d 1 1480
7508 # 1504
7508 - 1480 83
7508 + 1480
7508 + 1480
7509 # 1504
7509 - 1480 83
7509 # 1504
7509 - 1480 81
7509 # 1504
7509 - 1480 80
7509 # 1504
7509 - 1480 80
7509 # 1504
7509 - 1480 78
7509 # 1504
7509 - 1480 78
7509 + 1480
7509 + 1480
7511 # 1504
7511 - 1480 79
7511 + 1480
7511 + 1480
7512 # 1504
7512 - 1480 80
7512 + 1480
7512 + 1480
7513 # 1504
7513 - 1480 80
7513 + 1480
7513 + 1480
7514 # 1504
7514 - 1480 80
7514 + 1480
7514 + 1480
7515 + 1480
7515 + 1480
7516 # 1504
7516 - 1480 81
7516 + 1480
7516 + 1480
7517 # 1504
7517 - 1480 81
7517 + 1480
7518 + 1480
7519 # 1504
7519 - 1480 81
7519 + 1480
7519 + 1480
7520 + 1480
7520 + 1480
7521 + 1480
7521 + 1480
7521 d 1 1480
7522 + 1480
7522 d 1 1480
7522 + 1480
7522 d 1 1480
7523 + 1480
7523 d 1 1480
7523 + 1480
7523 d 1 1480
7524 + 1480
7524 d 1 1480
7524 + 1480
7524 d 1 1480
7526 + 1480
7526 d 1 1480
7526 + 1480
7526 d 1 1480
7527 + 1480
7527 d 1 1480
7527 + 1480
7527 d 1 1480
7528 + 1480
7528 d 1 1480
7528 + 1480
7528 d 1 1480
7529 + 1480
7529 d 1 1480
7529 + 1480
7529 d 1 1480
7530 + 1480
7530 d 1 1480
7530 + 1480
7530 d 1 1480
7531 + 1480
7531 d 1 1480
7531 + 1480
7531 d 1 1480
7533 + 1480
7533 d 1 1480
7533 + 1480
7533 d 1 1480
7534 + 1480
7534 d 1 1480
7534 + 1480
7534 d 1 1480
7535 + 1480
7535 d 1 1480
7535 + 1480
7535 d 1 1480
7536 # 1504
7536 - 1480 98
7536 # 1504
7536 - 1480 97
7536 # 1504
7536 - 1480 90
7536 # 1504
7536 - 1480 90
7536 # 1504
7536 - 1480 89
7536 # 1504
7536 - 1480 87
7536 # 1504
7536 - 1480 87
7536 + 1480
7536 + 1480
7537 # 1504
7537 - 1480 87
7537 # 1504
7537 - 1480 87
7537 # 1504
7537 - 1480 86
7537 # 1504
7537 - 1480 84
7537 # 1504
7537 - 1480 84
7537 + 1480
7537 + 1480
7538 # 1504
7538 - 1480 83
7538 # 1504
7538 - 1480 83
7538 # 1504
7538 - 1480 81
7538 + 1480
7538 + 1480
7539 # 1504
7539 - 1480 82
7540 + 1480
7540 + 1480
7541 + 1480
7541 + 1480
7542 + 1480
7542 + 1480
7543 + 1480
7543 + 1480
7544 + 1480
7544 + 1480
7545 + 1480
7545 + 1480
7546 + 1480
7546 + 1480
7548 # 1504
7548 - 1480 90
7548 # 1504
7548 - 1480 90
7548 # 1504
7548 - 1480 69
7548 # 1504
7548 - 1480 69
7548 # 1504
7548 - 1480 68
7548 # 1504
7548 - 1480 68
7548 # 1504
7548 - 1480 66
7548 + 1480
7548 + 1480
7549 # 1504
7549 - 1480 67
7549 + 1480
7549 + 1480
7550 + 1480
7550 + 1480
7551 + 1480
7551 + 1480
7552 + 1480
7552 + 1480
7553 + 1480
7553 + 1480
7555 + 1480
7555 + 1480
7556 + 1480
7556 + 1480
7557 # 1504
7557 - 1480 74
7557 # 1504
7557 - 1480 73
7557 # 1504
7557 - 1480 71
7557 + 1480
7557 + 1480
7558 # 1504
7558 - 1480 72
7558 - 1480 71
7558 + 1480
7558 + 1480
7559 + 1480
7559 + 1480
7560 + 1480
7560 + 1480
7562 + 1480
7562 + 1480
7563 + 1480
7563 + 1480
7564 + 1480
7564 + 1480
7564 d 1 1480
7565 + 1480
7565 d 1 1480
7565 + 1480
7565 d 1 1480
7566 + 1480
7566 d 1 1480
7566 + 1480
7566 d 1 1480
7567 + 1480
7567 d 1 1480
7567 + 1480
7567 d 1 1480
7568 + 1480
7568 d 1 1480
7568 + 1480
7568 d 1 1480
7570 # 1504
7570 - 1480 81
7570 # 1504
7570 - 1480 81
7570 # 1504
7570 - 1480 77
7570 # 1504
7570 - 1480 77
7570 # 1504
7570 - 1480 76
7570 + 1480
7570 + 1480
7571 # 1504
7571 - 1480 77
7571 + 1480
7571 + 1480
7572 # 1504
7572 - 1480 76
7572 + 1480
7572 + 1480
7573 # 1504
7573 - 1480 77
7573 + 1480
7573 + 1480
7574 # 1504
7574 - 1480 77
7574 + 1480
7574 + 1480
7575 # 1504
7575 - 1480 77
7575 + 1480
7575 + 1480
7576 # 1504
7576 - 1480 77
7577 # 1504
7577 - 1480 78
7577 + 1480
7577 + 1480
7578 + 1480
7578 + 1480
7579 + 1480
7579 + 1480
7580 + 1480
7580 + 1480
7581 + 1480
7581 + 1480
7581 d 1 1480
7582 + 1480
7582 d 1 1480
7582 + 1480
7582 d 1 1480
7584 + 1480
7584 d 1 1480
7584 + 1480
7584 d 1 1480
7585 + 1480
7585 d 1 1480
7585 + 1480
7585 d 1 1480
7586 # 1504
7586 - 1480 86
7586 + 1480
7586 + 1480
7587 # 1504
7587 - 1480 86
7587 + 1480
7587 + 1480
7588 # 1504
7588 - 1480 83
7588 + 1480
7588 + 1480
7589 # 1504
7589 - 1480 81
7589 # 1504
7589 - 1480 80
7589 # 1504
7589 - 1480 80
7589 # 1504
7589 - 1480 78
7589 + 1480
7589 + 1480
7590 + 1480
7591 + 1480
7592 + 1480
7592 + 1480
7593 # 1504
7593 - 1480 82
7593 # 1504
7593 - 1480 81
7593 # 1504
7593 - 1480 80
7593 # 1504
7593 - 1480 79
7593 # 1504
7593 - 1480 79
7593 + 1480
7593 + 1480
7594 # 1504
7594 - 1480 79
7594 + 1480
7594 + 1480
7595 # 1504
7595 - 1480 80
7595 + 1480
7595 + 1480
7596 # 1504
7596 - 1480 80
7596 + 1480
7596 + 1480
7597 + 1480
7597 + 1480
7598 # 1504
7598 - 1480 81
7598 # 1504
7598 - 1480 79
7599 # 1504
7599 - 1480 79
7599 + 1480
7599 + 1480
7600 + 1480
7600 + 1480
7601 + 1480
7601 + 1480
7602 + 1480
7602 + 1480
7602 d 1 1480
7603 + 1480
7603 d 1 1480
7603 + 1480
7603 d 1 1480
7604 + 1480
7604 d 1 1480
7604 + 1480
7604 d 1 1480
7606 + 1480
7606 d 1 1480
7606 + 1480
7606 d 1 1480
7607 + 1480
7607 d 1 1480
7607 + 1480
7607 d 1 1480
7608 # 1504
7608 - 1480 88
7608 + 1480
7608 + 1480
7609 # 1504
7609 - 1480 88
7609 # 1504
7609 - 1480 71
7609 # 1504
7609 - 1480 69
7609 # 1504
7609 - 1480 69
7609 + 1480
7609 + 1480
7610 + 1480
7610 + 1480
7611 + 1480
7611 + 1480
7613 # 1504
7613 - 1480 72
7613 # 1504
7613 - 1480 72
7613 # 1504
7613 - 1480 70
7613 # 1504
7613 - 1480 70
7613 # 1504
7613 - 1480 69
7613 # 1504
7613 - 1480 69
7613 + 1480
7613 + 1480
7614 # 1504
7614 - 1480 69
7614 + 1480
7614 + 1480
7615 # 1504
7615 - 1480 70
7615 + 1480
7615 + 1480
7616 # 1504
7616 - 1480 70
7616 # 1504
7616 - 1480 68
7616 + 1480
7616 + 1480
7617 # 1504
7617 - 1480 68
7617 + 1480
7617 + 1480
7618 + 1480
7618 + 1480
7619 + 1480
7619 + 1480
7621 + 1480
7621 + 1480
7622 + 1480
7622 + 1480
7622 d 1 1480
7623 + 1480
7623 d 1 1480
7623 + 1480
7623 d 1 1480
7624 + 1480
7624 d 1 1480
7624 + 1480
7624 d 1 1480
7625 + 1480
7625 d 1 1480
7625 + 1480
7625 d 1 1480
7626 + 1480
7626 d 1 1480
7626 + 1480
7626 d 1 1480
7627 # 1504
7627 - 1480 78
7628 # 1504
7628 - 1480 78
7628 # 1504
7628 - 1480 75
7628 # 1504
7628 - 1480 73
7628 # 1504
7628 - 1480 73
7628 # 1504
7628 - 1480 72
7628 # 1504
7628 - 1480 72
7628 + 1480
7628 + 1480
7629 # 1504
7629 - 1480 72
7629 + 1480
7629 + 1480
7630 # 1504
7630 - 1480 73
7630 + 1480
7630 + 1480
7631 # 1504
7631 - 1480 73
7631 + 1480
7631 + 1480
7632 # 1504
7632 - 1480 73
7632 + 1480
7632 + 1480
7633 # 1504
7633 - 1480 74
7633 + 1480
7634 # 1504
7634 - 1480 74
7634 + 1480
7634 + 1480
7634 + 1480
7635 # 1504
7635 - 1480 73
7636 # 1504
7636 - 1480 73
7636 - 1480 73
7636 + 1480
7636 + 1480
7637 + 1480
7637 + 1480
7638 + 1480
7638 + 1480
7639 + 1480
7639 + 1480
7640 + 1480
7640 + 1480
7641 + 1480
7641 + 1480
7641 d 1 1480
7643 + 1480
7643 d 1 1480
7643 + 1480
7643 d 1 1480
7644 + 1480
7644 d 1 1480
7644 + 1480
7644 d 1 1480
7645 # 1504
7645 - 1480 75
7645 # 1504
7645 - 1480 73
7645 # 1504
7645 - 1480 72
7645 + 1480
7645 + 1480
7646 + 1480
7646 + 1480
7647 + 1480
7647 + 1480
7648 # 1504
7648 - 1480 75
7648 # 1504
7648 - 1480 74
7648 # 1504
7648 - 1480 73
7648 # 1504
7648 - 1480 71
7648 # 1504
7648 - 1480 71
7648 # 1504
7648 - 1480 70
7648 + 1480
7648 + 1480
7649 # 1504
7649 - 1480 71
7650 + 1480
7650 + 1480
7651 + 1480
7651 + 1480
7652 # 1504
7652 - 1480 73
7652 + 1480
7652 + 1480
7653 # 1504
7653 - 1480 74
7653 + 1480
7653 + 1480
7654 # 1504
7654 - 1480 73
7654 + 1480
7654 + 1480
7655 # 1504
7655 - 1480 69
7655 + 1480
7655 + 1480
7656 # 1504
7656 - 1480 69
7657 # 1504
7657 - 1480 70
7657 + 1480
7657 + 1480
7658 + 1480
7658 + 1480
7659 # 1504
7659 - 1480 71
7659 + 1480
7659 + 1480
7660 + 1480
7660 + 1480
7661 + 1480
7661 + 1480
7661 d 1 1480
7662 + 1480
7662 d 1 1480
7662 + 1480
7662 d 1 1480
7663 + 1480
7663 d 1 1480
7663 + 1480
7663 d 1 1480
7665 + 1480
7665 d 1 1480
7665 + 1480
7665 d 1 1480
7666 + 1480
7666 d 1 1480
7666 + 1480
7666 d 1 1480
7667 + 1480
7667 d 1 1480
7668 # 1504
7668 - 1480 79
7668 # 1504
7668 - 1480 78
7668 # 1504
7668 - 1480 74
7668 # 1504
7668 - 1480 74
7668 # 1504
7668 - 1480 73
7668 # 1504
7668 - 1480 73
7668 + 1480
7668 + 1480
7668 + 1480
7669 # 1504
7669 - 1480 73
7669 + 1480
7669 + 1480
7670 # 1504
7670 - 1480 74
7670 + 1480
7670 + 1480
7671 # 1504
7671 - 1480 74
7672 # 1504
7672 - 1480 73
7672 + 1480
7672 + 1480
7673 + 1480
7673 + 1480
7674 + 1480
7674 + 1480
7675 + 1480
7675 + 1480
7676 + 1480
7676 + 1480
7677 + 1480
7677 d 1 1480
7677 + 1480
7677 d 1 1480
7679 + 1480
7679 d 1 1480
7679 + 1480
7679 d 1 1480
7680 + 1480
7680 d 1 1480
7680 + 1480
7680 d 1 1480
7681 # 1504
7681 - 1480 82
7681 # 1504
7681 - 1480 81
7681 # 1504
7681 - 1480 73
7681 # 1504
7681 - 1480 72
7681 # 1504
7681 - 1480 72
7681 # 1504
7681 - 1480 71
7681 + 1480
7681 + 1480
7682 + 1480
7682 + 1480
7683 + 1480
7684 + 1480
7684 + 1480
7684 + 1480
7685 + 1480
7685 + 1480
7687 + 1480
7687 d 1 1480
7687 + 1480
7687 d 1 1480
7688 # 1504
7688 - 1480 78
7688 # 1504
7688 - 1480 77
7688 + 1480
7688 + 1480
7689 + 1480
7689 + 1480
7690 + 1480
7690 + 1480
7691 # 1504
7691 - 1480 77
7691 # 1504
7691 - 1480 76
7691 # 1504
7691 - 1480 75
7691 + 1480
7691 + 1480
7692 + 1480
7692 + 1480
7694 + 1480
7694 d 1 1480
7694 + 1480
7694 d 1 1480
7695 # 1504
7695 - 1480 79
7695 + 1480
7695 + 1480
7696 # 1504
7696 - 1480 79
7696 # 1504
7696 - 1480 78
7696 # 1504
7696 - 1480 77
7696 # 1504
7696 - 1480 75
7696 # 1504
7696 - 1480 75
7696 + 1480
7696 + 1480
7697 # 1504
7697 - 1480 75
7697 + 1480
7697 + 1480
7698 + 1480
7698 + 1480
7699 # 1504
7699 - 1480 71
7699 # 1504
7699 - 1480 71
7699 + 1480
7699 + 1480
7701 + 1480
7701 + 1480
7702 + 1480
7702 + 1480
7702 d 1 1480
7703 + 1480
7703 d 1 1480
7703 + 1480
7703 d 1 1480
7704 + 1480
7704 d 1 1480
7704 + 1480
7704 d 1 1480
7705 + 1480
7705 d 1 1480
7705 + 1480
7705 d 1 1480
7706 + 1480
7706 d 1 1480
7706 + 1480
7706 d 1 1480
7707 + 1480
7707 d 1 1480
7708 # 1504
7708 - 1480 79
7708 # 1504
7708 - 1480 78
7708 # 1504
7708 - 1480 75
7708 # 1504
7708 - 1480 74
7708 # 1504
7708 - 1480 74
7708 # 1504
7708 - 1480 74
7708 # 1504
7708 - 1480 72
7708 + 1480
7709 + 1480
7709 + 1480
7710 # 1504
7710 - 1480 74
7710 + 1480
7710 + 1480
7711 # 1504
7711 - 1480 74
7711 + 1480
7711 + 1480
7712 # 1504
7712 - 1480 74
7712 + 1480
7712 + 1480
7713 # 1504
7713 - 1480 75
7713 + 1480
7713 + 1480
7714 # 1504
7714 - 1480 75
7714 + 1480
7714 + 1480
7716 # 1504
7716 - 1480 76
7716 + 1480
7716 + 1480
7717 # 1504
7717 - 1480 76
7717 + 1480
7717 + 1480
7718 + 1480
7718 + 1480
7719 # 1504
7719 - 1480 74
7719 - 1480 73
7719 + 1480
7719 + 1480
7720 # 1504
7720 - 1480 73
7720 + 1480
7720 + 1480
7721 # 1504
7721 - 1480 74
7721 + 1480
7721 + 1480
7722 # 1504
7722 - 1480 74
7723 + 1480
7723 + 1480
7724 # 1504
7724 - 1480 74
7724 + 1480
7724 + 1480
7725 # 1504
7725 - 1480 74
7725 + 1480
7725 + 1480
7726 # 1504
7726 - 1480 74
7726 + 1480
7726 + 1480
7727 + 1480
7727 + 1480
7728 # 1504
7728 - 1480 76
7728 # 1504
7728 - 1480 75
7728 + 1480
7728 + 1480
7729 # 1504
7729 - 1480 75
7729 + 1480
7730 # 1504
7730 - 1480 75
7730 + 1480
7731 # 1504
7731 - 1480 76
7731 + 1480
7731 + 1480
7732 # 1504
7732 - 1480 75
7732 + 1480
7732 + 1480
7733 # 1504
7733 - 1480 75
7733 + 1480
7733 + 1480
7734 # 1504
7734 - 1480 75
7734 # 1504
7734 - 1480 75
7734 + 1480
7734 + 1480
7735 + 1480
7735 + 1480
7736 # 1504
7736 - 1480 76
7736 + 1480
7736 + 1480
7737 # 1504
7737 - 1480 76
7738 # 1504
7738 - 1480 70
7738 + 1480
7738 + 1480
7739 # 1504
7739 - 1480 71
7739 + 1480
7739 + 1480
7740 # 1504
7740 - 1480 71
7740 + 1480
7740 + 1480
7741 # 1504
7741 - 1480 71
7741 + 1480
7741 + 1480
7741 d 1 1480
7742 # 1504
7742 - 1480 70
7742 + 1480
7742 + 1480
7743 # 1504
7743 - 1480 71
7743 + 1480
7743 + 1480
7743 d 1 1480
7744 # 1504
7744 - 1480 71
7745 # 1504
7745 - 1480 71
7745 + 1480
7745 + 1480
7746 # 1504
7746 - 1480 71
7746 + 1480
7746 + 1480
7747 # 1504
7747 - 1480 72
7747 + 1480
7747 + 1480
7748 + 1480
7748 d 1 1480
7748 + 1480
7748 d 1 1480
7749 # 1504
7749 - 1480 73
7749 # 1504
7749 - 1480 68
7749 + 1480
7749 + 1480
7750 + 1480
7750 + 1480
7750 d 1 1480
7751 + 1480
7751 d 1 1480
7752 + 1480
7752 d 1 1480
7753 + 1480
7753 d 1 1480
7753 + 1480
7753 d 1 1480
7754 + 1480
7754 d 1 1480
7754 + 1480
7754 d 1 1480
7755 # 1504
7755 - 1480 73
7755 # 1504
7755 - 1480 73
7755 + 1480
7755 + 1480
7756 # 1504
7756 - 1480 72
7756 + 1480
7756 + 1480
7757 # 1504
7757 - 1480 72
7757 + 1480
7757 + 1480
7758 + 1480
7758 + 1480
7760 + 1480
7760 d 1 1480
7760 + 1480
7760 d 1 1480
7761 + 1480
7761 d 1 1480
7761 + 1480
7761 d 1 1480
7762 + 1480
7762 d 1 1480
7762 + 1480
7762 d 1 1480
7763 + 1480
7763 d 1 1480
7763 + 1480
7763 d 1 1480
7764 + 1480
7764 d 1 1480
7764 + 1480
7764 d 1 1480
7765 + 1480
7765 d 1 1480
7765 + 1480
7765 d 1 1480
7767 + 1480
7767 d 1 1480
7767 + 1480
7767 d 1 1480
7768 + 1480
7768 d 1 1480
7768 + 1480
7768 d 1 1480
7769 + 1480
7769 d 1 1480
7769 + 1480
7769 d 1 1480
7770 + 1480
7770 d 1 1480
7770 + 1480
7770 d 1 1480
7771 + 1480
7771 d 1 1480
7771 + 1480
7771 d 1 1480
7772 + 1480
7772 d 1 1480
7772 + 1480
7772 d 1 1480
7774 + 1480
7774 d 1 1480
7774 + 1480
7774 d 1 1480
7775 + 1480
7775 d 1 1480
7775 + 1480
7775 d 1 1480
7776 # 1504
7776 - 1480 88
7776 # 1504
7776 - 1480 88
7776 # 1504
7776 - 1480 80
7776 # 1504
7776 - 1480 80
7776 # 1504
7776 - 1480 79
7776 # 1504
7776 - 1480 79
7776 # 1504
7776 - 1480 78
7776 # 1504
7776 - 1480 78
7776 # 1504
7776 - 1480 77
7776 + 1480
7776 + 1480
7777 # 1504
7777 - 1480 78
7777 # 1504
7777 - 1480 76
7777 # 1504
7777 - 1480 76
7777 # 1504
7777 - 1480 75
7777 # 1504
7777 - 1480 69
7777 # 1504
7777 - 1480 68
7777 + 1480
7777 + 1480
7778 + 1480
7778 + 1480
7779 # 1504
7779 - 1480 70
7779 # 1504
7779 - 1480 69
7779 + 1480
7779 + 1480
7780 + 1480
7780 + 1480
7782 + 1480
7782 + 1480
7783 + 1480
7783 + 1480
7783 + 1480
7784 + 1480
7785 + 1480
7785 + 1480
7786 + 1480
7786 + 1480
7787 + 1480
7787 + 1480
7788 # 1504
7788 - 1480 77
7788 # 1504
7788 - 1480 77
7788 # 1504
7788 - 1480 74
7788 # 1504
7788 - 1480 72
7788 # 1504
7788 - 1480 72
7788 # 1504
7788 - 1480 71
7788 # 1504
7788 - 1480 71
7789 # 1504
7789 - 1480 71
7789 # 1504
7789 - 1480 71
7789 + 1480
7789 + 1480
7790 + 1480
7790 + 1480
7791 # 1504
7791 - 1480 72
7791 + 1480
7791 + 1480
7792 + 1480
7792 + 1480
7793 # 1504
7793 - 1480 74
7793 # 1504
7793 - 1480 73
7793 - 1480 72
7793 + 1480
7793 + 1480
7794 # 1504
7794 - 1480 71
7794 + 1480
7794 + 1480
7795 # 1504
7795 - 1480 72
7796 + 1480
7796 + 1480
7797 # 1504
7797 - 1480 73
7797 # 1504
7797 - 1480 72
7797 + 1480
7797 + 1480
7798 # 1504
7798 - 1480 72
7798 + 1480
7798 + 1480
7799 # 1504
7799 - 1480 73
7799 + 1480
7799 + 1480
7800 # 1504
7800 - 1480 73
7800 + 1480
7801 + 1480
7801 + 1480
7801 + 1480
7802 # 1504
7802 - 1480 74
7802 + 1480
7802 + 1480
7804 + 1480
7804 + 1480
7805 + 1480
7805 + 1480
7806 + 1480
7806 + 1480
7807 + 1480
7807 + 1480
7808 + 1480
7808 + 1480
7809 + 1480
7809 + 1480
7811 + 1480
7811 + 1480
7811 d 1 1480
7812 # 1504
7812 - 1480 83
7812 + 1480
7812 + 1480
7813 # 1504
7813 - 1480 82
7813 # 1504
7813 - 1480 79
7813 # 1504
7813 - 1480 79
7813 # 1504
7813 - 1480 78
7813 + 1480
7813 + 1480
7814 # 1504
7814 - 1480 79
7814 + 1480
7814 + 1480
7815 # 1504
7815 - 1480 79
7815 + 1480
7815 + 1480
7816 + 1480
7816 + 1480
7817 # 1504
7817 - 1480 79
7818 # 1504
7818 - 1480 80
7818 + 1480
7818 + 1480
7819 + 1480
7819 + 1480
7820 + 1480
7820 + 1480
7821 + 1480
7821 + 1480
7821 d 1 1480
7822 + 1480
7822 d 1 1480
7822 + 1480
7822 d 1 1480
7823 + 1480
7823 d 1 1480
7823 + 1480
7823 d 1 1480
7825 + 1480
7825 d 1 1480
7825 + 1480
7825 d 1 1480
7826 + 1480
7826 d 1 1480
7826 + 1480
7826 d 1 1480
7827 + 1480
7827 d 1 1480
7827 + 1480
7827 d 1 1480
7828 # 1504
7828 - 1480 89
7828 # 1504
7828 - 1480 88
7828 + 1480
7828 + 1480
7829 + 1480
7829 + 1480
7830 + 1480
7830 + 1480
7831 # 1504
7831 - 1480 86
7831 # 1504
7831 - 1480 85
7831 + 1480
7831 + 1480
7833 # 1504
7833 - 1480 86
7833 # 1504
7833 - 1480 86
7833 + 1480
7833 + 1480
7834 + 1480
7834 + 1480
7835 + 1480
7835 + 1480
7835 d 1 1480
7836 # 1504
7836 - 1480 87
7836 + 1480
7836 + 1480
7837 # 1504
7837 - 1480 87
7837 # 1504
7837 - 1480 81
7837 # 1504
7837 - 1480 81
7837 # 1504
7837 - 1480 80
7837 + 1480
7837 + 1480
7838 # 1504
7838 - 1480 81
7838 + 1480
7838 + 1480
7839 # 1504
7839 - 1480 81
7840 # 1504
7840 - 1480 64
7840 + 1480
7840 + 1480
7841 # 1504
7841 - 1480 65
7841 + 1480
7841 + 1480
7842 + 1480
7842 + 1480
7843 # 1504
7843 - 1480 66
7843 + 1480
7843 + 1480
7844 # 1504
7844 - 1480 66
7844 + 1480
7844 + 1480
7845 # 1504
7845 - 1480 66
7845 + 1480
7845 + 1480
7847 # 1504
7847 - 1480 67
7847 + 1480
7847 + 1480
7848 # 1504
7848 - 1480 68
7848 + 1480
7848 + 1480
7849 + 1480
7849 d 1 1480
7849 + 1480
7849 d 1 1480
7850 # 1504
7850 - 1480 68
7850 # 1504
7850 - 1480 67
7850 + 1480
7850 + 1480
7851 # 1504
7851 - 1480 67
7851 + 1480
7851 + 1480
7852 # 1504
7852 - 1480 67
7852 + 1480
7852 + 1480
7853 + 1480
7853 d 1 1480
7853 + 1480
7853 d 1 1480
7854 # 1504
7854 - 1480 69
7854 # 1504
7854 - 1480 68
7855 # 1504
7855 - 1480 68
7855 + 1480
7855 + 1480
7856 # 1504
7856 - 1480 67
7856 + 1480
7856 + 1480
7857 + 1480
7857 + 1480
7858 # 1504
7858 - 1480 69
7858 # 1504
7858 - 1480 68
7858 + 1480
7858 + 1480
7859 + 1480
7859 + 1480
7859 d 1 1480
7860 # 1504
7860 - 1480 69
7860 + 1480
7860 + 1480
7862 + 1480
7862 d 1 1480
7862 + 1480
7862 d 1 1480
7863 + 1480
7863 d 1 1480
7863 + 1480
7863 d 1 1480
7864 + 1480
7864 d 1 1480
7864 + 1480
7864 d 1 1480
7865 + 1480
7865 d 1 1480
7865 + 1480
7865 d 1 1480
7866 + 1480
7866 d 1 1480
7866 + 1480
7866 d 1 1480
7867 + 1480
7867 d 1 1480
7867 + 1480
7867 d 1 1480
7868 # 1504
7868 - 1480 76
7868 # 1504
7868 - 1480 75
7868 # 1504
7868 - 1480 72
7868 # 1504
7868 - 1480 71
7869 + 1480
7869 + 1480
7870 + 1480
7870 + 1480
7871 + 1480
7871 + 1480
7872 + 1480
7872 + 1480
7873 # 1504
7873 - 1480 76
7873 # 1504
7873 - 1480 75
7873 + 1480
7873 + 1480
7874 + 1480
7874 + 1480
7875 # 1504
7875 - 1480 76
7875 # 1504
7875 - 1480 75
7875 # 1504
7875 - 1480 74
7875 + 1480
7875 + 1480
7877 + 1480
7877 + 1480
7878 + 1480
7878 d 1 1480
7878 + 1480
7878 d 1 1480
7879 + 1480
7879 d 1 1480
7879 + 1480
7879 d 1 1480
7880 + 1480
7880 d 1 1480
7880 + 1480
7880 d 1 1480
7881 + 1480
7881 d 1 1480
7881 + 1480
7881 d 1 1480
7882 # 1504
7882 - 1480 81
7882 # 1504
7882 - 1480 80
7882 # 1504
7882 - 1480 77
7882 # 1504
7882 - 1480 76
7882 - 1480 76
7882 # 1504
7882 - 1480 75
7882 # 1504
7882 - 1480 75
7882 + 1480
7882 + 1480
7883 # 1504
7883 - 1480 75
7884 # 1504
7884 - 1480 76
7884 + 1480
7884 + 1480
7885 # 1504
7885 - 1480 76
7885 + 1480
7885 + 1480
7886 # 1504
7886 - 1480 75
7886 + 1480
7886 + 1480
7887 # 1504
7887 - 1480 75
7887 + 1480
7887 + 1480
7888 # 1504
7888 - 1480 75
7888 + 1480
7888 + 1480
7889 + 1480
7889 + 1480
7890 # 1504
7890 - 1480 77
7891 # 1504
7891 - 1480 77
7891 + 1480
7891 + 1480
7892 + 1480
7892 + 1480
7893 # 1504
7893 - 1480 78
7893 # 1504
7893 - 1480 77
7893 + 1480
7893 + 1480
7894 # 1504
7894 - 1480 76
7894 + 1480
7894 + 1480
7895 # 1504
7895 - 1480 77
7895 + 1480
7895 + 1480
7896 # 1504
7896 - 1480 77
7896 + 1480
7896 + 1480
7897 + 1480
7897 + 1480
7899 + 1480
7899 + 1480
7900 + 1480
7900 + 1480
7900 d 1 1480
7901 + 1480
7901 d 1 1480
7901 + 1480
7901 d 1 1480
7902 + 1480
7902 d 1 1480
7902 + 1480
7902 d 1 1480
7903 + 1480
7903 d 1 1480
7903 + 1480
7903 d 1 1480
7904 + 1480
7904 d 1 1480
7904 + 1480
7904 d 1 1480
7906 + 1480
7906 d 1 1480
7906 + 1480
7906 d 1 1480
7907 + 1480
7907 d 1 1480
7907 + 1480
7907 d 1 1480
7908 + 1480
7908 d 1 1480
7908 + 1480
7908 d 1 1480
7909 # 1504
7909 - 1480 89
7909 # 1504
7909 - 1480 88
7909 # 1504
7909 - 1480 78
7909 # 1504
7909 - 1480 78
7909 + 1480
7909 + 1480
7910 + 1480
7910 + 1480
7911 + 1480
7911 + 1480
7912 # 1504
7912 - 1480 79
7912 # 1504
7912 - 1480 79
7912 # 1504
7912 - 1480 77
7912 # 1504
7912 - 1480 76
7913 + 1480
7913 + 1480
7914 # 1504
7914 - 1480 78
7914 + 1480
7914 + 1480
7915 + 1480
7915 + 1480
7916 # 1504
7916 - 1480 79
7916 # 1504
7916 - 1480 78
7916 # 1504
7916 - 1480 76
7916 # 1504
7916 - 1480 76
7916 + 1480
7916 + 1480
7917 # 1504
7917 - 1480 76
7917 + 1480
7917 + 1480
7918 # 1504
7918 - 1480 77
7918 + 1480
7918 + 1480
7919 # 1504
7919 - 1480 77
7919 + 1480
7919 + 1480
7921 + 1480
7921 + 1480
7922 + 1480
7922 + 1480
7923 + 1480
7923 + 1480
7924 + 1480
7924 + 1480
7924 d 1 1480
7925 + 1480
7925 d 1 1480
7925 + 1480
7925 d 1 1480
7926 + 1480
7926 d 1 1480
7926 + 1480
7926 d 1 1480
7928 # 1504
7928 - 1480 85
7928 + 1480
7928 + 1480
7929 # 1504
7929 - 1480 86
7929 + 1480
7929 + 1480
7930 + 1480
7930 + 1480
7931 # 1504
7931 - 1480 84
7931 # 1504
7931 - 1480 83
7931 + 1480
7931 + 1480
7932 + 1480
7932 + 1480
7933 # 1504
7933 - 1480 83
7933 # 1504
7933 - 1480 83
7933 + 1480
7933 + 1480
7934 + 1480
7935 # 1504
7935 - 1480 84
7935 # 1504
7935 - 1480 83
7935 + 1480
7936 # 1504
7936 - 1480 81
7936 + 1480
7936 + 1480
7937 + 1480
7937 + 1480
7938 # 1504
7938 - 1480 83
7938 + 1480
7938 + 1480
7939 # 1504
7939 - 1480 83
7939 + 1480
7939 + 1480
7939 d 1 1480
7940 + 1480
7940 d 1 1480
7940 + 1480
7940 d 1 1480
7941 + 1480
7941 d 1 1480
7942 + 1480
7942 d 1 1480
7943 + 1480
7943 d 1 1480
7943 + 1480
7943 d 1 1480
7944 + 1480
7944 d 1 1480
7944 + 1480
7944 d 1 1480
7945 + 1480
7945 d 1 1480
7945 + 1480
7945 d 1 1480
7946 + 1480
7946 d 1 1480
7946 + 1480
7946 d 1 1480
7947 + 1480
7947 d 1 1480
7947 + 1480
7947 d 1 1480
7948 # 1504
7948 - 1480 91
7948 # 1504
7948 - 1480 90
7948 # 1504
7948 - 1480 79
7948 + 1480
7948 + 1480
7951 + 1480
7951 + 1480
7951 + 1480
7951 + 1480
7952 + 1480
7952 + 1480
7953 + 1480
7953 d 1 1480
7953 + 1480
7953 d 1 1480
7954 # 1504
7954 - 1480 84
7954 # 1504
7954 - 1480 84
7954 # 1504
7954 - 1480 82
7954 # 1504
7954 - 1480 81
7954 # 1504
7954 - 1480 81
7954 + 1480
7954 + 1480
7955 # 1504
7955 - 1480 81
7955 + 1480
7955 + 1480
7957 # 1504
7957 - 1480 83
7957 + 1480
7957 + 1480
7958 + 1480
7958 + 1480
7959 # 1504
7959 - 1480 84
7959 + 1480
7959 + 1480
7960 # 1504
7960 - 1480 83
7960 + 1480
7960 + 1480
7961 + 1480
7961 + 1480
7962 + 1480
7962 + 1480
7962 d 1 1480
7963 # 1504
7963 - 1480 81
7963 # 1504
7963 - 1480 79
7964 + 1480
7964 + 1480
7965 + 1480
7965 + 1480
7965 d 1 1480
7966 # 1504
7966 - 1480 81
7966 + 1480
7966 + 1480
7967 # 1504
7967 - 1480 82
7967 + 1480
7967 + 1480
7968 + 1480
7968 d 1 1480
7968 + 1480
7968 d 1 1480
7969 + 1480
7969 d 1 1480
7969 + 1480
7969 d 1 1480
7970 + 1480
7970 d 1 1480
7970 + 1480
7970 d 1 1480
7972 + 1480
7972 d 1 1480
7972 + 1480
7972 d 1 1480
7973 + 1480
7973 d 1 1480
7973 + 1480
7973 d 1 1480
7974 + 1480
7974 d 1 1480
7974 + 1480
7974 d 1 1480
7975 + 1480
7975 d 1 1480
7975 + 1480
7975 d 1 1480
7976 # 1504
7976 - 1480 89
7976 # 1504
7976 - 1480 89
7976 # 1504
7976 - 1480 85
7976 # 1504
7976 - 1480 84
7976 - 1480 84
7976 # 1504
7976 - 1480 83
7976 # 1504
7976 - 1480 83
7976 # 1504
7976 - 1480 82
7976 + 1480
7976 + 1480
7977 + 1480
7977 + 1480
7978 # 1504
7978 - 1480 84
7979 # 1504
7979 - 1480 84
7979 + 1480
7979 + 1480
7980 + 1480
7980 + 1480
7981 + 1480
7981 + 1480
7982 + 1480
7982 + 1480
7983 + 1480
7984 + 1480
7984 + 1480
7984 + 1480
7986 + 1480
7986 d 1 1480
7986 + 1480
7986 d 1 1480
7987 + 1480
7987 d 1 1480
7987 + 1480
7987 d 1 1480
7988 # 1504
7988 - 1480 92
7988 # 1504
7988 - 1480 92
7988 # 1504
7988 - 1480 79
7988 # 1504
7988 - 1480 79
7988 + 1480
7988 + 1480
7989 + 1480
7989 + 1480
7990 + 1480
7990 + 1480
7991 + 1480
7991 + 1480
7992 + 1480
7992 + 1480
7992 d 1 1480
7993 # 1504
7993 - 1480 83
7993 # 1504
7993 - 1480 83
7993 # 1504
7993 - 1480 80
7993 # 1504
7993 - 1480 80
7993 # 1504
7993 - 1480 79
7993 # 1504
7993 - 1480 79
7994 # 1504
7994 - 1480 79
7994 + 1480
7994 + 1480
7995 # 1504
7995 - 1480 80
7995 + 1480
7995 + 1480
7996 + 1480
7996 + 1480
7997 # 1504
7997 - 1480 81
7997 # 1504
7997 - 1480 80
7997 + 1480
7997 + 1480
7998 + 1480
7998 + 1480
7999 # 1504
7999 - 1480 81
7999 + 1480
7999 + 1480
8001 # 1504
8001 - 1480 83
8001 # 1504
8001 - 1480 82
8001 + 1480
8001 + 1480
8002 + 1480
8002 + 1480
8003 # 1504
8003 - 1480 82
8003 + 1480
8003 + 1480
8004 # 1504
8004 - 1480 82
8004 + 1480
8004 + 1480
8005 + 1480
8005 + 1480
8006 + 1480
8006 + 1480
8006 d 1 1480
8008 + 1480
8008 d 1 1480
8008 + 1480
8008 d 1 1480
8009 # 1504
8009 - 1480 86
8009 + 1480
8009 + 1480
8010 # 1504
8010 - 1480 86
8010 # 1504
8010 - 1480 81
8010 # 1504
8010 - 1480 80
8010 # 1504
8010 - 1480 80
8010 + 1480
8010 + 1480
8011 # 1504
8011 - 1480 80
8011 + 1480
8011 + 1480
8012 # 1504
8012 - 1480 81
8012 # 1504
8012 - 1480 80
8012 + 1480
8012 + 1480
8013 + 1480
8013 + 1480
8014 # 1504
8014 - 1480 81
8014 + 1480
8014 + 1480
8015 # 1504
8015 - 1480 82
8015 # 1504
8015 - 1480 80
8016 + 1480
8016 + 1480
8017 + 1480
8017 + 1480
8018 + 1480
8018 d 1 1480
8018 + 1480
8018 d 1 1480
8019 + 1480
8019 d 1 1480
8019 + 1480
8019 d 1 1480
8020 + 1480
8020 d 1 1480
8020 + 1480
8020 d 1 1480
8021 + 1480
8021 d 1 1480
8021 + 1480
8021 d 1 1480
8023 + 1480
8023 d 1 1480
8023 + 1480
8023 d 1 1480
8024 + 1480
8024 d 1 1480
8024 + 1480
8024 d 1 1480
8025 # 1504
8025 - 1480 89
8025 # 1504
8025 - 1480 89
8025 # 1504
8025 - 1480 77
8025 # 1504
8025 - 1480 77
8025 # 1504
8025 - 1480 74
8025 # 1504
8025 - 1480 74
8025 + 1480
8025 + 1480
8026 # 1504
8026 - 1480 75
8026 # 1504
8026 - 1480 75
8026 # 1504
8026 - 1480 74
8026 + 1480
8026 + 1480
8027 # 1504
8027 - 1480 73
8027 + 1480
8027 + 1480
8028 + 1480
8028 + 1480
8029 # 1504
8029 - 1480 75
8029 # 1504
8029 - 1480 74
8030 # 1504
8030 - 1480 73
8030 + 1480
8030 + 1480
8031 # 1504
8031 - 1480 74
8031 + 1480
8031 + 1480
8032 # 1504
8032 - 1480 74
8032 + 1480
8032 + 1480
8033 + 1480
8033 + 1480
8034 # 1504
8034 - 1480 75
8034 # 1504
8034 - 1480 74
8034 + 1480
8034 + 1480
8035 # 1504
8035 - 1480 74
8035 + 1480
8035 + 1480
8036 # 1504
8036 - 1480 75
8036 + 1480
8036 + 1480
8037 # 1504
8037 - 1480 75
8038 # 1504
8038 - 1480 74
8038 + 1480
8038 + 1480
8039 + 1480
8039 + 1480
8040 # 1504
8040 - 1480 75
8040 # 1504
8040 - 1480 74
8040 + 1480
8040 + 1480
8041 + 1480
8041 + 1480
8042 # 1504
8042 - 1480 75
8042 + 1480
8042 + 1480
8043 # 1504
8043 - 1480 67
8043 + 1480
8043 + 1480
8044 # 1504
8044 - 1480 67
8045 # 1504
8045 - 1480 68
8045 - 1480 66
8045 + 1480
8045 + 1480
8046 # 1504
8046 - 1480 66
8046 # 1504
8046 - 1480 66
8046 + 1480
8046 + 1480
8047 + 1480
8047 + 1480
8048 # 1504
8048 - 1480 67
8048 + 1480
8048 + 1480
8049 # 1504
8049 - 1480 67
8049 + 1480
8049 + 1480
8050 + 1480
8050 + 1480
8051 # 1504
8051 - 1480 68
8052 # 1504
8052 - 1480 68
8052 + 1480
8052 + 1480
8053 + 1480
8053 + 1480
8054 + 1480
8054 + 1480
8055 + 1480
8055 + 1480
8055 d 1 1480
8056 + 1480
8056 d 1 1480
8056 + 1480
8056 d 1 1480
8057 + 1480
8057 d 1 1480
8057 + 1480
8057 d 1 1480
8058 + 1480
8058 d 1 1480
8058 + 1480
8058 d 1 1480
8060 + 1480
8060 d 1 1480
8060 + 1480
8060 d 1 1480
8061 + 1480
8061 d 1 1480
8061 + 1480
8061 d 1 1480
8062 # 1504
8062 - 1480 78
8062 # 1504
8062 - 1480 74
8062 # 1504
8062 - 1480 71
8062 # 1504
8062 - 1480 70
8062 + 1480
8062 + 1480
8063 # 1504
8063 - 1480 69
8063 # 1504
8063 - 1480 69
8063 + 1480
8063 + 1480
8064 + 1480
8064 + 1480
8065 + 1480
8065 + 1480
8066 + 1480
8066 + 1480
8068 + 1480
8068 + 1480
8068 d 1 1480
8069 + 1480
8069 d 1 1480
8069 + 1480
8069 d 1 1480
8070 + 1480
8070 d 1 1480
8070 + 1480
8070 d 1 1480
8071 + 1480
8071 d 1 1480
8071 + 1480
8071 d 1 1480
8072 # 1504
8072 - 1480 77
8072 + 1480
8072 + 1480
8073 # 1504
8073 - 1480 78
8073 # 1504
8073 - 1480 75
8073 # 1504
8073 - 1480 74
8073 # 1504
8073 - 1480 74
8073 # 1504
8073 - 1480 72
8074 # 1504
8074 - 1480 73
8074 + 1480
8074 + 1480
8075 # 1504
8075 - 1480 73
8075 + 1480
8075 + 1480
8076 # 1504
8076 - 1480 73
8076 + 1480
8076 + 1480
8077 # 1504
8077 - 1480 74
8077 + 1480
8077 + 1480
8078 # 1504
8078 - 1480 74
8078 + 1480
8078 + 1480
8079 + 1480
8079 + 1480
8080 + 1480
8080 + 1480
8081 # 1504
8081 - 1480 76
8081 # 1504
8081 - 1480 75
8082 + 1480
8082 + 1480
8083 + 1480
8083 + 1480
8084 + 1480
8084 + 1480
8085 # 1504
8085 - 1480 76
8085 + 1480
8085 + 1480
8086 # 1504
8086 - 1480 76
8086 + 1480
8086 + 1480
8087 # 1504
8087 - 1480 76
8087 + 1480
8087 + 1480
8088 # 1504
8088 - 1480 76
8089 + 1480
8089 + 1480
8090 + 1480
8090 d 1 1480
8090 + 1480
8090 d 1 1480
8091 + 1480
8091 d 1 1480
8091 + 1480
8091 d 1 1480
8092 + 1480
8092 d 1 1480
8092 + 1480
8092 d 1 1480
8093 + 1480
8093 d 1 1480
8093 + 1480
8093 d 1 1480
8094 + 1480
8094 d 1 1480
8094 + 1480
8094 d 1 1480
8096 + 1480
8096 d 1 1480
8096 + 1480
8096 d 1 1480
8097 # 1504
8097 - 1480 84
8097 # 1504
8097 - 1480 83
8097 # 1504
8097 - 1480 80
8097 # 1504
8097 - 1480 72
8097 # 1504
8097 - 1480 72
8097 + 1480
8097 + 1480
8098 # 1504
8098 - 1480 72
8098 + 1480
8098 + 1480
8099 + 1480
8099 + 1480
8100 + 1480
8100 + 1480
8101 + 1480
8101 + 1480
8103 + 1480
8103 + 1480
8103 d 1 1480
8104 + 1480
8104 d 1 1480
8104 + 1480
8104 d 1 1480
8105 + 1480
8105 d 1 1480
8105 + 1480
8105 d 1 1480
8106 + 1480
8106 d 1 1480
8106 + 1480
8106 d 1 1480
8107 + 1480
8107 d 1 1480
8107 + 1480
8107 d 1 1480
8108 # 1504
8108 - 1480 82
8108 # 1504
8108 - 1480 81
8108 # 1504
8108 - 1480 77
8108 + 1480
8108 + 1480
8109 + 1480
8109 + 1480
8111 # 1504
8111 - 1480 79
8111 # 1504
8111 - 1480 79
8111 + 1480
8111 + 1480
8112 + 1480
8112 + 1480
8113 # 1504
8113 - 1480 80
8113 # 1504
8113 - 1480 79
8113 # 1504
8113 - 1480 78
8113 # 1504
8113 - 1480 78
8113 + 1480
8113 + 1480
8114 # 1504
8114 - 1480 78
8114 + 1480
8114 + 1480
8115 # 1504
8115 - 1480 79
8115 + 1480
8115 + 1480
8116 # 1504
8116 - 1480 78
8116 + 1480
8116 + 1480
8118 # 1504
8118 - 1480 79
8118 + 1480
8118 + 1480
8119 + 1480
8119 + 1480
8120 # 1504
8120 - 1480 80
8120 + 1480
8120 + 1480
8121 # 1504
8121 - 1480 80
8121 + 1480
8121 + 1480
8122 + 1480
8122 + 1480
8123 # 1504
8123 - 1480 81
8123 + 1480
8123 + 1480
8124 # 1504
8124 - 1480 82
8125 # 1504
8125 - 1480 82
8125 + 1480
8125 + 1480
8126 + 1480
8126 + 1480
8126 d 1 1480
8127 # 1504
8127 - 1480 82
8127 + 1480
8127 + 1480
8128 # 1504
8128 - 1480 82
8128 + 1480
8128 + 1480
8129 + 1480
8129 d 1 1480
8129 + 1480
8129 d 1 1480
8130 # 1504
8130 - 1480 83
8130 + 1480
8130 + 1480
8131 # 1504
8131 - 1480 83
8131 + 1480
8131 + 1480
8131 d 1 1480
8132 # 1504
8132 - 1480 83
8133 + 1480
8133 + 1480
8134 # 1504
8134 - 1480 85
8134 + 1480
8134 + 1480
8135 # 1504
8135 - 1480 85
8135 # 1504
8135 - 1480 83
8135 - 1480 82
8135 + 1480
8135 + 1480
8136 + 1480
8136 d 1 1480
8136 + 1480
8136 d 1 1480
8137 # 1504
8137 - 1480 84
8137 + 1480
8137 + 1480
8138 + 1480
8138 + 1480
8138 d 1 1480
8139 # 1504
8139 - 1480 85
8140 # 1504
8140 - 1480 85
8140 + 1480
8140 + 1480
8141 # 1504
8141 - 1480 79
8141 + 1480
8141 + 1480
8142 # 1504
8142 - 1480 79
8142 + 1480
8142 + 1480
8143 # 1504
8143 - 1480 79
8143 + 1480
8143 + 1480
8144 + 1480
8144 d 1 1480
8144 + 1480
8144 d 1 1480
8145 + 1480
8145 d 1 1480
8145 + 1480
8145 d 1 1480
8147 + 1480
8147 d 1 1480
8147 + 1480
8147 d 1 1480
8148 + 1480
8148 d 1 1480
8148 + 1480
8148 d 1 1480
8149 + 1480
8149 d 1 1480
8149 + 1480
8149 d 1 1480
8150 + 1480
8150 d 1 1480
8150 + 1480
8150 d 1 1480
8151 + 1480
8151 d 1 1480
8151 + 1480
8151 d 1 1480
8152 + 1480
8152 d 1 1480
8152 + 1480
8152 d 1 1480
8153 + 1480
8153 d 1 1480
8153 + 1480
8153 d 1 1480
8154 # 1504
8154 - 1480 89
8154 # 1504
8154 - 1480 89
8154 # 1504
8154 - 1480 80
8154 # 1504
8154 - 1480 79
8154 # 1504
8154 - 1480 79
8154 # 1504
8154 - 1480 78
8154 # 1504
8154 - 1480 78
8155 # 1504
8155 - 1480 78
8155 + 1480
8155 + 1480
8156 # 1504
8156 - 1480 79
8156 + 1480
8156 + 1480
8157 # 1504
8157 - 1480 79
8157 + 1480
8157 + 1480
8158 + 1480
8158 + 1480
8159 # 1504
8159 - 1480 80
8159 + 1480
8159 + 1480
8160 + 1480
8160 + 1480
8162 + 1480
8162 + 1480
8163 + 1480
8163 + 1480
8164 + 1480
8164 + 1480
8165 + 1480
8165 + 1480
8165 d 1 1480
8166 + 1480
8166 d 1 1480
8166 + 1480
8166 d 1 1480
8167 + 1480
8167 d 1 1480
8167 + 1480
8167 d 1 1480
8168 # 1504
8168 - 1480 89
8168 # 1504
8168 - 1480 88
8169 + 1480
8169 + 1480
8170 # 1504
8170 - 1480 86
8170 # 1504
8170 - 1480 85
8170 # 1504
8170 - 1480 84
8170 # 1504
8170 - 1480 84
8170 + 1480
8170 + 1480
8171 # 1504
8171 - 1480 84
8171 + 1480
8171 + 1480
8172 # 1504
8172 - 1480 85
8172 + 1480
8172 + 1480
8173 + 1480
8173 + 1480
8174 # 1504
8174 - 1480 85
8174 + 1480
8174 + 1480
8175 + 1480
8175 + 1480
8176 # 1504
8176 - 1480 79
8177 + 1480
8177 + 1480
8178 # 1504
8178 - 1480 80
8178 # 1504
8178 - 1480 79
8178 + 1480
8178 + 1480
8179 + 1480
8179 + 1480
8180 # 1504
8180 - 1480 80
8180 + 1480
8180 + 1480
8181 + 1480
8181 + 1480
8182 # 1504
8182 - 1480 82
8182 + 1480
8182 + 1480
8183 # 1504
8183 - 1480 82
8184 + 1480
8184 + 1480
8184 d 1 1480
8185 # 1504
8185 - 1480 77
8185 + 1480
8185 + 1480
8186 + 1480
8186 d 1 1480
8186 + 1480
8186 d 1 1480
8187 + 1480
8187 d 1 1480
8187 + 1480
8187 d 1 1480
8188 # 1504
8188 - 1480 80
8188 + 1480
8188 + 1480
8189 # 1504
8189 - 1480 80
8189 + 1480
8189 + 1480
8190 # 1504
8190 - 1480 78
8191 + 1480
8191 + 1480
8192 # 1504
8192 - 1480 80
8192 + 1480
8192 + 1480
8193 + 1480
8193 d 1 1480
8193 + 1480
8193 d 1 1480
8194 + 1480
8194 d 1 1480
8194 + 1480
8194 d 1 1480
8195 + 1480
8195 d 1 1480
8195 + 1480
8195 d 1 1480
8196 + 1480
8196 d 1 1480
8196 + 1480
8196 d 1 1480
8197 + 1480
8197 d 1 1480
8198 + 1480
8198 d 1 1480
8199 + 1480
8199 d 1 1480
8199 + 1480
8199 d 1 1480
8200 + 1480
8200 d 1 1480
8200 + 1480
8200 d 1 1480
8201 # 1504
8201 - 1480 88
8201 # 1504
8201 - 1480 87
8201 # 1504
8201 - 1480 83
8201 # 1504
8201 - 1480 83
8201 # 1504
8201 - 1480 82
8201 + 1480
8201 + 1480
8202 + 1480
8202 + 1480
8203 + 1480
8203 + 1480
8204 + 1480
8204 + 1480
8206 + 1480
8206 + 1480
8206 d 1 1480
8207 + 1480
8207 d 1 1480
8207 + 1480
8207 d 1 1480
8208 + 1480
8208 d 1 1480
8208 + 1480
8208 d 1 1480
8209 + 1480
8209 d 1 1480
8209 + 1480
8209 d 1 1480
8210 + 1480
8210 d 1 1480
8210 + 1480
8210 d 1 1480
8211 # 1504
8211 - 1480 92
8211 + 1480
8211 + 1480
8212 # 1504
8212 - 1480 92
8212 # 1504
8212 - 1480 89
8213 # 1504
8213 - 1480 88
8213 # 1504
8213 - 1480 88
8213 # 1504
8213 - 1480 87
8213 + 1480
8213 + 1480
8214 # 1504
8214 - 1480 87
8214 + 1480
8214 + 1480
8215 # 1504
8215 - 1480 88
8215 + 1480
8215 + 1480
8216 + 1480
8216 + 1480
8217 # 1504
8217 - 1480 89
8217 + 1480
8217 + 1480
8218 # 1504
8218 - 1480 88
8218 + 1480
8218 + 1480
8220 # 1504
8220 - 1480 89
8220 + 1480
8220 + 1480
8221 + 1480
8221 + 1480
8222 # 1504
8222 - 1480 89
8222 + 1480
8222 + 1480
8223 + 1480
8223 + 1480
8224 # 1504
8224 - 1480 90
8224 + 1480
8224 + 1480
8225 # 1504
8225 - 1480 90
8225 + 1480
8225 + 1480
8226 + 1480
8226 d 1 1480
8226 + 1480
8226 d 1 1480
8227 # 1504
8227 - 1480 90
8228 + 1480
8228 + 1480
8229 # 1504
8229 - 1480 91
8229 + 1480
8229 + 1480
8230 + 1480
8230 d 1 1480
8230 + 1480
8230 d 1 1480
8231 # 1504
8231 - 1480 91
8231 + 1480
8231 + 1480
8232 + 1480
8232 d 1 1480
8232 + 1480
8232 d 1 1480
8233 # 1504
8233 - 1480 92
8233 + 1480
8233 + 1480
8234 # 1504
8234 - 1480 92
8235 + 1480
8235 + 1480
8236 # 1504
8236 - 1480 93
8236 - 1480 81
8236 + 1480
8236 + 1480
8237 # 1504
8237 - 1480 81
8237 + 1480
8237 + 1480
8238 + 1480
8238 d 1 1480
8238 + 1480
8238 d 1 1480
8239 + 1480
8239 d 1 1480
8239 + 1480
8239 d 1 1480
8240 # 1504
8240 - 1480 83
8240 + 1480
8240 + 1480
8241 # 1504
8241 - 1480 84
8242 + 1480
8242 + 1480
8243 # 1504
8243 - 1480 84
8243 + 1480
8243 + 1480
8244 # 1504
8244 - 1480 85
8244 + 1480
8244 + 1480
8245 + 1480
8245 d 1 1480
8245 + 1480
8245 d 1 1480
8246 + 1480
8246 d 1 1480
8246 + 1480
8246 d 1 1480
8247 + 1480
8247 d 1 1480
8247 + 1480
8247 d 1 1480
8248 + 1480
8248 d 1 1480
8248 + 1480
8248 d 1 1480
8250 + 1480
8250 d 1 1480
8250 + 1480
8250 d 1 1480
8251 + 1480
8251 d 1 1480
8251 + 1480
8251 d 1 1480
8252 + 1480
8252 d 1 1480
8252 + 1480
8252 d 1 1480
8253 # 1504
8253 - 1480 93
8253 # 1504
8253 - 1480 91
8253 # 1504
8253 - 1480 88
8253 # 1504
8253 - 1480 84
8253 + 1480
8253 + 1480
8254 + 1480
8254 + 1480
8255 # 1504
8255 - 1480 86
8255 + 1480
8255 + 1480
8257 + 1480
8257 + 1480
8258 # 1504
8258 - 1480 88
8258 + 1480
8258 + 1480
8259 + 1480
8259 + 1480
8260 # 1504
8260 - 1480 89
8260 + 1480
8260 + 1480
8261 # 1504
8261 - 1480 89
8261 + 1480
8261 + 1480
8262 + 1480
8262 d 1 1480
8262 + 1480
8262 d 1 1480
8263 # 1504
8263 - 1480 90
8264 + 1480
8264 + 1480
8265 # 1504
8265 - 1480 91
8265 + 1480
8265 + 1480
8266 + 1480
8266 d 1 1480
8266 + 1480
8266 d 1 1480
8267 # 1504
8267 - 1480 92
8267 + 1480
8267 + 1480
8268 # 1504
8268 - 1480 91
8268 + 1480
8268 + 1480
8269 + 1480
8269 d 1 1480
8269 + 1480
8269 d 1 1480
8270 # 1504
8270 - 1480 92
8270 + 1480
8270 + 1480
8271 # 1504
8271 - 1480 92
8272 + 1480
8272 + 1480
8272 d 1 1480
8273 # 1504
8273 - 1480 93
8273 + 1480
8273 + 1480
8274 # 1504
8274 - 1480 94
8274 + 1480
8274 + 1480
8275 # 1504
8275 - 1480 94
8275 + 1480
8275 + 1480
8275 d 1 1480
8276 + 1480
8276 d 1 1480
8276 + 1480
8276 d 1 1480
8277 # 1504
8277 - 1480 95
8277 + 1480
8277 + 1480
8279 # 1504
8279 - 1480 95
8279 + 1480
8279 + 1480
8280 # 1504
8280 - 1480 95
8280 + 1480
8280 + 1480
8281 # 1504
8281 - 1480 93
8281 + 1480
8281 + 1480
8281 d 1 1480
8282 + 1480
8282 d 1 1480
8282 + 1480
8282 d 1 1480
8283 # 1504
8283 - 1480 94
8283 + 1480
8283 + 1480
8284 + 1480
8284 d 1 1480
8285 + 1480
8285 d 1 1480
8286 # 1504
8286 - 1480 95
8286 + 1480
8286 + 1480
8287 # 1504
8287 - 1480 95
8287 + 1480
8287 + 1480
8288 + 1480
8288 d 1 1480
8288 + 1480
8288 d 1 1480
8289 # 1504
8289 - 1480 88
8289 + 1480
8289 + 1480
8290 # 1504
8290 - 1480 88
8290 + 1480
8290 + 1480
8291 # 1504
8291 - 1480 88
8291 + 1480
8291 + 1480
8291 d 1 1480
8292 + 1480
8292 d 1 1480
8292 + 1480
8292 d 1 1480
8293 # 1504
8293 - 1480 89
8294 # 1504
8294 - 1480 90
8294 + 1480
8294 + 1480
8295 + 1480
8295 + 1480
8296 # 1504
8296 - 1480 85
8296 + 1480
8296 + 1480
8297 # 1504
8297 - 1480 84
8297 + 1480
8297 + 1480
8297 d 1 1480
8298 # 1504
8298 - 1480 84
8298 + 1480
8298 + 1480
8299 + 1480
8299 d 1 1480
8299 + 1480
8299 d 1 1480
8300 # 1504
8300 - 1480 86
8301 + 1480
8301 + 1480
8302 + 1480
8302 d 1 1480
8302 + 1480
8302 d 1 1480
8303 # 1504
8303 - 1480 88
8303 + 1480
8303 + 1480
8304 + 1480
8304 d 1 1480
8304 + 1480
8304 d 1 1480
8305 + 1480
8305 d 1 1480
8305 + 1480
8305 d 1 1480
8306 + 1480
8306 d 1 1480
8306 + 1480
8306 d 1 1480
8308 + 1480
8308 d 1 1480
8308 + 1480
8308 d 1 1480
8309 + 1480
8309 d 1 1480
8309 + 1480
8309 d 1 1480
8310 + 1480
8310 d 1 1480
8310 + 1480
8310 d 1 1480
8311 + 1480
8311 d 1 1480
8311 + 1480
8311 d 1 1480
8312 + 1480
8312 d 1 1480
8312 + 1480
8312 d 1 1480
8313 # 1504
8313 - 1480 97
8313 + 1480
8313 + 1480
8314 # 1504
8314 - 1480 97
8314 # 1504
8314 - 1480 93
8315 # 1504
8315 - 1480 93
8315 + 1480
8315 + 1480
8316 + 1480
8316 + 1480
8317 # 1504
8317 - 1480 94
8317 + 1480
8317 + 1480
8318 + 1480
8318 + 1480
8319 + 1480
8319 + 1480
8320 # 1504
8320 - 1480 97
8320 + 1480
8320 + 1480
8321 + 1480
8321 + 1480
8321 d 1 1480
8323 + 1480
8323 d 1 1480
8323 + 1480
8323 d 1 1480
8324 + 1480
8324 d 1 1480
8324 + 1480
8324 d 1 1480
8325 + 1480
8325 d 1 1480
8325 + 1480
8325 d 1 1480
8326 + 1480
8326 d 1 1480
8326 + 1480
8326 d 1 1480
8327 + 1480
8327 d 1 1480
8327 + 1480
8327 d 1 1480
8328 + 1480
8328 d 1 1480
8328 + 1480
8328 d 1 1480
8329 # 1504
8329 - 1480 105
8329 # 1504
8329 - 1480 101
8329 # 1504
8329 - 1480 98
8330 + 1480
8330 + 1480
8331 + 1480
8331 + 1480
8332 + 1480
8332 + 1480
8333 + 1480
8333 + 1480
8333 d 1 1480
8334 # 1504
8334 - 1480 101
8334 # 1504
8334 - 1480 101
8334 # 1504
8334 - 1480 98
8334 # 1504
8334 - 1480 97
8334 # 1504
8334 - 1480 97
8334 + 1480
8334 + 1480
8335 + 1480
8335 + 1480
8336 # 1504
8336 - 1480 96
8337 # 1504
8337 - 1480 97
8337 + 1480
8337 + 1480
8338 + 1480
8338 + 1480
8339 # 1504
8339 - 1480 97
8339 + 1480
8339 + 1480
8340 + 1480
8340 + 1480
8341 # 1504
8341 - 1480 98
8341 + 1480
8341 + 1480
8342 # 1504
8342 - 1480 98
8342 + 1480
8342 + 1480
8343 + 1480
8343 + 1480
8343 d 1 1480
8344 # 1504
8344 - 1480 91
8345 # 1504
8345 - 1480 91
8345 + 1480
8345 + 1480
8346 + 1480
8346 + 1480
8346 d 1 1480
8347 # 1504
8347 - 1480 92
8347 + 1480
8347 + 1480
8348 + 1480
8348 d 1 1480
8348 + 1480
8348 d 1 1480
8349 # 1504
8349 - 1480 94
8349 - 1480 92
8349 + 1480
8349 + 1480
8350 + 1480
8350 + 1480
8350 d 1 1480
8351 # 1504
8351 - 1480 93
8352 # 1504
8352 - 1480 93
8352 + 1480
8352 + 1480
8353 # 1504
8353 - 1480 93
8353 + 1480
8353 + 1480
8354 # 1504
8354 - 1480 93
8354 + 1480
8354 + 1480
8355 + 1480
8355 + 1480
8355 d 1 1480
8356 # 1504
8356 - 1480 95
8356 + 1480
8356 + 1480
8357 + 1480
8357 d 1 1480
8357 + 1480
8357 d 1 1480
8358 + 1480
8358 d 1 1480
8359 + 1480
8359 d 1 1480
8360 + 1480
8360 d 1 1480
8360 + 1480
8360 d 1 1480
8361 + 1480
8361 d 1 1480
8361 + 1480
8361 d 1 1480
8362 + 1480
8362 d 1 1480
8362 + 1480
8362 d 1 1480
8363 + 1480
8363 d 1 1480
8363 + 1480
8363 d 1 1480
8364 + 1480
8364 d 1 1480
8364 + 1480
8364 d 1 1480
8365 # 1504
8365 - 1480 101
8365 # 1504
8365 - 1480 100
8365 + 1480
8365 + 1480
8367 # 1504
8367 - 1480 97
8367 # 1504
8367 - 1480 97
8367 # 1504
8367 - 1480 94
8367 # 1504
8367 - 1480 94
8367 + 1480
8367 + 1480
8368 # 1504
8368 - 1480 94
8368 + 1480
8368 + 1480
8369 + 1480
8369 + 1480
8370 # 1504
8370 - 1480 96
8370 + 1480
8370 + 1480
8371 # 1504
8371 - 1480 94
8371 + 1480
8371 + 1480
8372 + 1480
8372 + 1480
8373 # 1504
8373 - 1480 94
8374 # 1504
8374 - 1480 95
8374 + 1480
8374 + 1480
8375 # 1504
8375 - 1480 95
8375 + 1480
8375 + 1480
8376 + 1480
8376 + 1480
8377 # 1504
8377 - 1480 94
8377 + 1480
8377 + 1480
8378 + 1480
8378 + 1480
8378 d 1 1480
8379 + 1480
8379 d 1 1480
8379 + 1480
8379 d 1 1480
8380 # 1504
8380 - 1480 97
8380 # 1504
8380 - 1480 94
8381 # 1504
8381 - 1480 92
8381 + 1480
8381 + 1480
8382 + 1480
8382 + 1480
8383 + 1480
8383 + 1480
8383 d 1 1480
8384 + 1480
8384 d 1 1480
8384 + 1480
8384 d 1 1480
8385 + 1480
8385 d 1 1480
8385 + 1480
8385 d 1 1480
8386 + 1480
8386 d 1 1480
8386 + 1480
8386 d 1 1480
8387 + 1480
8387 d 1 1480
8387 + 1480
8387 d 1 1480
8389 + 1480
8389 d 1 1480
8389 + 1480
8389 d 1 1480
8390 # 1504
8390 - 1480 101
8390 # 1504
8390 - 1480 100
8390 + 1480
8390 + 1480
8391 + 1480
8391 + 1480
8392 + 1480
8392 + 1480
8393 # 1504
8393 - 1480 98
8393 # 1504
8393 - 1480 97
8393 # 1504
8393 - 1480 96
8393 # 1504
8393 - 1480 95
8393 + 1480
8393 + 1480
8394 # 1504
8394 - 1480 96
8394 + 1480
8394 + 1480
8395 # 1504
8395 - 1480 94
8396 + 1480
8396 + 1480
8397 # 1504
8397 - 1480 94
8397 + 1480
8397 + 1480
8398 # 1504
8398 - 1480 95
8398 + 1480
8398 + 1480
8399 + 1480
8399 + 1480
8400 # 1504
8400 - 1480 87
8400 + 1480
8400 + 1480
8401 # 1504
8401 - 1480 86
8401 + 1480
8401 + 1480
8403 + 1480
8403 d 1 1480
8403 + 1480
8403 d 1 1480
8404 + 1480
8404 d 1 1480
8404 + 1480
8404 d 1 1480
8405 + 1480
8405 d 1 1480
8405 + 1480
8405 d 1 1480
8406 + 1480
8406 d 1 1480
8406 + 1480
8406 d 1 1480
8407 + 1480
8407 d 1 1480
8407 + 1480
8407 d 1 1480
8408 + 1480
8408 d 1 1480
8408 + 1480
8408 d 1 1480
8409 + 1480
8409 d 1 1480
8409 + 1480
8409 d 1 1480
8410 # 1504
8410 - 1480 94
8410 # 1504
8410 - 1480 93
8410 # 1504
8410 - 1480 90
8411 + 1480
8411 + 1480
8412 + 1480
8412 + 1480
8413 + 1480
8413 + 1480
8414 + 1480
8414 + 1480
8415 # 1504
8415 - 1480 95
8415 # 1504
8415 - 1480 94
8415 # 1504
8415 - 1480 84
8415 # 1504
8415 - 1480 84
8415 + 1480
8415 + 1480
8416 # 1504
8416 - 1480 84
8416 + 1480
8416 + 1480
8417 # 1504
8417 - 1480 85
8417 + 1480
8417 + 1480
8418 # 1504
8418 - 1480 84
8419 + 1480
8419 + 1480
8420 # 1504
8420 - 1480 86
8420 + 1480
8420 + 1480
8421 # 1504
8421 - 1480 86
8421 + 1480
8421 + 1480
8422 + 1480
8422 + 1480
8423 # 1504
8423 - 1480 86
8423 + 1480
8423 + 1480
8424 # 1504
8424 - 1480 86
8425 + 1480
8425 + 1480
8426 # 1504
8426 - 1480 87
8426 + 1480
8426 + 1480
8427 + 1480
8427 d 1 1480
8427 + 1480
8427 d 1 1480
8428 # 1504
8428 - 1480 88
8428 + 1480
8428 + 1480
8429 + 1480
8429 d 1 1480
8429 + 1480
8429 d 1 1480
8430 # 1504
8430 - 1480 89
8430 # 1504
8430 - 1480 88
8430 + 1480
8430 + 1480
8431 + 1480
8432 # 1504
8432 - 1480 89
8432 + 1480
8434 + 1480
8434 + 1480
8434 d 1 1480
8434 + 1480
8434 d 1 1480
8434 + 1480
8434 d 1 1480
8435 # 1504
8435 - 1480 90
8435 + 1480
8435 + 1480
8436 + 1480
8436 d 1 1480
8436 + 1480
8436 d 1 1480
8437 # 1504
8437 - 1480 91
8437 + 1480
8437 + 1480
8438 + 1480
8438 d 1 1480
8438 + 1480
8438 d 1 1480
8440 + 1480
8440 d 1 1480
8440 + 1480
8440 d 1 1480
8441 + 1480
8441 d 1 1480
8441 + 1480
8441 d 1 1480
8442 + 1480
8442 d 1 1480
8442 + 1480
8442 d 1 1480
8443 + 1480
8443 d 1 1480
8443 + 1480
8443 d 1 1480
8444 + 1480
8444 d 1 1480
8444 + 1480
8444 d 1 1480
8445 + 1480
8445 d 1 1480
8445 + 1480
8445 d 1 1480
8447 + 1480
8447 d 1 1480
8447 + 1480
8447 d 1 1480
8448 # 1504
8448 - 1480 101
8448 # 1504
8448 - 1480 99
8448 # 1504
8448 - 1480 94
8448 + 1480
8448 + 1480
8449 + 1480
8449 + 1480
8450 + 1480
8450 + 1480
8451 + 1480
8451 + 1480
8452 + 1480
8452 + 1480
8452 d 1 1480
8453 # 1504
8453 - 1480 98
8453 # 1504
8453 - 1480 97
8453 # 1504
8453 - 1480 88
8453 # 1504
8453 - 1480 86
8453 - 1480 86
8453 # 1504
8453 - 1480 85
8454 # 1504
8454 - 1480 86
8454 + 1480
8454 + 1480
8455 + 1480
8455 + 1480
8456 # 1504
8456 - 1480 87
8456 + 1480
8456 + 1480
8457 # 1504
8457 - 1480 87
8457 + 1480
8457 + 1480
8458 # 1504
8458 - 1480 87
8458 + 1480
8458 + 1480
8459 + 1480
8459 + 1480
8460 # 1504
8460 - 1480 89
8460 + 1480
8460 + 1480
8461 # 1504
8461 - 1480 89
8462 + 1480
8462 + 1480
8463 # 1504
8463 - 1480 89
8463 + 1480
8463 + 1480
8464 + 1480
8464 + 1480
8465 + 1480
8465 d 1 1480
8465 + 1480
8465 d 1 1480
8466 + 1480
8466 d 1 1480
8466 + 1480
8466 d 1 1480
8467 + 1480
8467 d 1 1480
8467 + 1480
8467 d 1 1480
8469 + 1480
8469 d 1 1480
8469 + 1480
8469 d 1 1480
8470 + 1480
8470 d 1 1480
8470 + 1480
8470 d 1 1480
8471 + 1480
8471 d 1 1480
8471 + 1480
8471 d 1 1480
8472 + 1480
8472 d 1 1480
8472 + 1480
8472 d 1 1480
8473 # 1504
8473 - 1480 98
8473 # 1504
8473 - 1480 97
8473 # 1504
8473 - 1480 92
8473 # 1504
8473 - 1480 91
8473 # 1504
8473 - 1480 91
8473 # 1504
8473 - 1480 90
8473 + 1480
8473 + 1480
8474 # 1504
8474 - 1480 84
8474 + 1480
8474 + 1480
8476 + 1480
8476 + 1480
8477 # 1504
8477 - 1480 87
8477 # 1504
8477 - 1480 86
8477 + 1480
8477 + 1480
8478 # 1504
8478 - 1480 86
8478 + 1480
8478 + 1480
8479 + 1480
8479 + 1480
8480 # 1504
8480 - 1480 87
8480 + 1480
8480 + 1480
8481 + 1480
8481 + 1480
8482 + 1480
8482 + 1480
8484 + 1480
8484 + 1480
8484 + 1480
8484 d 1 1480
8485 + 1480
8485 d 1 1480
8486 + 1480
8486 d 1 1480
8486 + 1480
8486 d 1 1480
8487 + 1480
8487 d 1 1480
8487 + 1480
8487 d 1 1480
8488 + 1480
8488 d 1 1480
8488 + 1480
8488 d 1 1480
8489 + 1480
8489 d 1 1480
8489 + 1480
8489 d 1 1480
8490 # 1504
8490 - 1480 96
8491 # 1504
8491 - 1480 95
8491 # 1504
8491 - 1480 92
8491 + 1480
8491 + 1480
8492 + 1480
8492 + 1480
8493 # 1504
8493 - 1480 94
8493 # 1504
8493 - 1480 93
8493 # 1504
8493 - 1480 92
8493 + 1480
8493 + 1480
8494 + 1480
8494 + 1480
8495 + 1480
8495 + 1480
8496 + 1480
8496 + 1480
8498 # 1504
8498 - 1480 97
8498 + 1480
8498 + 1480
8499 + 1480
8499 + 1480
8500 + 1480
8500 d 1 1480
8500 + 1480
8500 d 1 1480
8501 + 1480
8501 d 1 1480
8501 + 1480
8501 d 1 1480
8502 # 1504
8502 - 1480 91
8502 + 1480
8502 + 1480
8503 # 1504
8503 - 1480 90
8503 + 1480
8503 + 1480
8504 # 1504
8504 - 1480 90
8504 + 1480
8504 + 1480
8506 + 1480
8506 d 1 1480
8506 + 1480
8506 d 1 1480
8507 + 1480
8507 d 1 1480
8507 + 1480
8507 d 1 1480
8508 + 1480
8508 d 1 1480
8508 + 1480
8508 d 1 1480
8509 + 1480
8509 d 1 1480
8509 + 1480
8509 d 1 1480
8510 + 1480
8510 d 1 1480
8510 + 1480
8510 d 1 1480
8511 + 1480
8511 d 1 1480
8511 + 1480
8511 d 1 1480
8512 # 1504
8512 - 1480 97
8512 # 1504
8512 - 1480 96
8512 # 1504
8512 - 1480 93
8513 + 1480
8513 + 1480
8514 # 1504
8514 - 1480 94
8514 + 1480
8514 + 1480
8515 + 1480
8515 + 1480
8516 + 1480
8516 + 1480
8517 # 1504
8517 - 1480 97
8517 # 1504
8517 - 1480 96
8517 + 1480
8517 + 1480
8518 + 1480
8518 + 1480
8519 # 1504
8519 - 1480 97
8520 + 1480
8520 + 1480
8521 # 1504
8521 - 1480 98
8521 + 1480
8521 + 1480
8522 + 1480
8522 d 1 1480
8522 + 1480
8522 d 1 1480
8523 # 1504
8523 - 1480 98
8523 + 1480
8523 + 1480
8524 # 1504
8524 - 1480 98
8524 + 1480
8524 + 1480
8525 + 1480
8525 d 1 1480
8525 + 1480
8525 d 1 1480
8526 + 1480
8526 d 1 1480
8526 + 1480
8526 d 1 1480
8528 + 1480
8528 d 1 1480
8528 + 1480
8528 d 1 1480
8529 + 1480
8529 d 1 1480
8529 + 1480
8529 d 1 1480
8530 + 1480
8530 d 1 1480
8530 + 1480
8530 d 1 1480
8531 + 1480
8531 d 1 1480
8531 + 1480
8531 d 1 1480
8532 + 1480
8532 d 1 1480
8532 + 1480
8532 d 1 1480
8533 # 1504
8533 - 1480 105
8533 # 1504
8533 - 1480 103
8533 + 1480
8533 + 1480
8535 + 1480
8535 + 1480
8536 + 1480
8536 + 1480
8537 + 1480
8537 d 1 1480
8537 + 1480
8537 d 1 1480
8538 + 1480
8538 d 1 1480
8538 + 1480
8538 d 1 1480
8539 # 1504
8539 - 1480 104
8539 # 1504
8539 - 1480 104
8539 # 1504
8539 - 1480 91
8539 # 1504
8539 - 1480 90
8539 # 1504
8539 - 1480 90
8539 + 1480
8539 + 1480
8540 + 1480
8540 + 1480
8542 # 1504
8542 - 1480 92
8542 + 1480
8542 + 1480
8543 # 1504
8543 - 1480 93
8543 + 1480
8543 + 1480
8544 + 1480
8544 + 1480
8545 # 1504
8545 - 1480 93
8545 + 1480
8545 + 1480
8546 # 1504
8546 - 1480 92
8546 + 1480
8546 + 1480
8547 + 1480
8547 + 1480
8548 + 1480
8548 d 1 1480
8549 + 1480
8549 d 1 1480
8550 + 1480
8550 d 1 1480
8550 + 1480
8550 d 1 1480
8551 + 1480
8551 d 1 1480
8551 + 1480
8551 d 1 1480
8552 + 1480
8552 d 1 1480
8552 + 1480
8552 d 1 1480
8553 + 1480
8553 d 1 1480
8553 + 1480
8553 d 1 1480
8554 + 1480
8554 d 1 1480
8554 + 1480
8554 d 1 1480
8555 + 1480
8555 d 1 1480
8555 + 1480
8555 d 1 1480
8556 # 1504
8556 - 1480 101
8557 # 1504
8557 - 1480 101
8557 # 1504
8557 - 1480 98
8557 + 1480
8557 + 1480
8558 # 1504
8558 - 1480 99
8558 + 1480
8558 + 1480
8559 + 1480
8559 + 1480
8560 + 1480
8560 + 1480
8561 + 1480
8561 + 1480
8562 + 1480
8562 d 1 1480
8562 + 1480
8562 d 1 1480
8564 + 1480
8564 d 1 1480
8564 + 1480
8564 d 1 1480
8565 + 1480
8565 d 1 1480
8565 + 1480
8565 d 1 1480
8566 + 1480
8566 d 1 1480
8566 + 1480
8566 d 1 1480
8567 + 1480
8567 d 1 1480
8567 + 1480
8567 d 1 1480
8568 # 1504
8568 - 1480 108
8568 # 1504
8568 - 1480 106
8568 + 1480
8568 + 1480
8569 + 1480
8569 + 1480
8570 + 1480
8570 + 1480
8572 + 1480
8572 + 1480
8572 d 1 1480
8573 + 1480
8573 d 1 1480
8573 + 1480
8573 d 1 1480
8574 # 1504
8574 - 1480 101
8574 + 1480
8574 + 1480
8575 + 1480
8575 + 1480
8576 + 1480
8576 d 1 1480
8576 + 1480
8576 d 1 1480
8577 + 1480
8577 d 1 1480
8577 + 1480
8577 d 1 1480
8579 + 1480
8579 d 1 1480
8579 + 1480
8579 d 1 1480
8580 + 1480
8580 d 1 1480
8580 + 1480
8580 d 1 1480
8581 + 1480
8581 d 1 1480
8581 + 1480
8581 d 1 1480
8582 + 1480
8582 d 1 1480
8582 + 1480
8582 d 1 1480
8583 + 1480
8583 d 1 1480
8583 + 1480
8583 d 1 1480
8584 + 1480
8584 d 1 1480
8584 + 1480
8584 d 1 1480
8586 + 1480
8586 d 1 1480
8586 + 1480
8586 d 1 1480
8587 # 1504
8587 - 1480 114
8587 # 1504
8587 - 1480 111
8587 # 1504
8587 - 1480 107
8587 # 1504
8587 - 1480 107
8587 # 1504
8587 - 1480 106
8587 - 1480 106
8587 # 1504
8587 - 1480 105
8587 # 1504
8587 - 1480 105
8587 + 1480
8587 + 1480
8588 # 1504
8588 - 1480 104
8588 # 1504
8588 - 1480 104
8588 + 1480
8588 + 1480
8589 + 1480
8589 + 1480
8590 # 1504
8590 - 1480 99
8590 + 1480
8590 + 1480
8591 + 1480
8591 + 1480
8592 # 1504
8592 - 1480 100
8593 # 1504
8593 - 1480 100
8593 + 1480
8593 + 1480
8594 + 1480
8594 + 1480
8595 # 1504
8595 - 1480 101
8595 + 1480
8595 + 1480
8596 + 1480
8596 + 1480
8597 # 1504
8597 - 1480 103
8597 + 1480
8597 + 1480
8598 # 1504
8598 - 1480 103
8598 + 1480
8598 + 1480
8599 + 1480
8599 + 1480
8600 + 1480
8600 + 1480
8602 + 1480
8602 + 1480
8603 + 1480
8603 d 1 1480
8603 + 1480
8603 d 1 1480
8604 + 1480
8604 d 1 1480
8604 + 1480
8604 d 1 1480
8605 + 1480
8605 d 1 1480
8605 + 1480
8605 d 1 1480
8606 + 1480
8606 d 1 1480
8606 + 1480
8606 d 1 1480
8608 # 1504
8608 - 1480 112
8608 # 1504
8608 - 1480 110
8608 # 1504
8608 - 1480 105
8608 # 1504
8608 - 1480 104
8608 + 1480
8608 + 1480
8609 + 1480
8609 + 1480
8610 + 1480
8610 + 1480
8611 + 1480
8611 + 1480
8612 # 1504
8612 - 1480 108
8612 # 1504
8612 - 1480 99
8612 + 1480
8612 + 1480
8613 + 1480
8613 + 1480
8614 # 1504
8614 - 1480 100
8614 # 1504
8614 - 1480 99
8615 + 1480
8615 + 1480
8616 + 1480
8616 + 1480
8617 # 1504
8617 - 1480 101
8617 # 1504
8617 - 1480 101
8617 + 1480
8617 + 1480
8618 + 1480
8618 + 1480
8618 d 1 1480
8619 + 1480
8619 d 1 1480
8619 + 1480
8619 d 1 1480
8620 # 1504
8620 - 1480 103
8620 # 1504
8620 - 1480 102
8620 + 1480
8620 + 1480
8621 + 1480
8621 + 1480
8622 # 1504
8622 - 1480 102
8623 + 1480
8623 + 1480
8624 # 1504
8624 - 1480 103
8624 + 1480
8624 + 1480
8625 + 1480
8625 d 1 1480
8625 + 1480
8625 d 1 1480
8626 # 1504
8626 - 1480 103
8626 + 1480
8626 + 1480
8627 # 1504
8627 - 1480 103
8627 + 1480
8627 + 1480
8627 d 1 1480
8628 + 1480
8628 d 1 1480
8628 + 1480
8628 d 1 1480
8629 # 1504
8629 - 1480 96
8630 # 1504
8630 - 1480 97
8630 + 1480
8630 + 1480
8631 + 1480
8631 + 1480
8632 # 1504
8632 - 1480 97
8632 + 1480
8632 + 1480
8633 # 1504
8633 - 1480 97
8633 + 1480
8633 + 1480
8633 d 1 1480
8634 + 1480
8634 d 1 1480
8634 + 1480
8634 d 1 1480
8635 # 1504
8635 - 1480 96
8635 + 1480
8635 + 1480
8636 # 1504
8636 - 1480 96
8636 + 1480
8637 # 1504
8637 - 1480 95
8637 + 1480
8638 + 1480
8638 + 1480
8638 d 1 1480
8639 # 1504
8639 - 1480 96
8639 + 1480
8639 + 1480
8640 # 1504
8640 - 1480 97
8640 + 1480
8640 + 1480
8641 + 1480
8641 d 1 1480
8641 + 1480
8641 d 1 1480
8642 # 1504
8642 - 1480 98
8642 # 1504
8642 - 1480 97
8642 + 1480
8642 + 1480
8643 + 1480
8643 + 1480
8643 d 1 1480
8644 # 1504
8644 - 1480 98
8645 + 1480
8645 + 1480
8646 + 1480
8646 d 1 1480
8646 + 1480
8646 d 1 1480
8647 + 1480
8647 d 1 1480
8647 + 1480
8647 d 1 1480
8648 + 1480
8648 d 1 1480
8648 + 1480
8648 d 1 1480
8649 + 1480
8649 d 1 1480
8649 + 1480
8649 d 1 1480
8650 + 1480
8650 d 1 1480
8651 + 1480
8651 d 1 1480
8652 + 1480
8652 d 1 1480
8652 + 1480
8652 d 1 1480
8653 # 1504
8653 - 1480 106
8653 # 1504
8653 - 1480 96
8653 # 1504
8653 - 1480 94
8653 # 1504
8653 - 1480 93
8653 # 1504
8653 - 1480 93
8653 + 1480
8653 + 1480
8654 # 1504
8654 - 1480 93
8654 + 1480
8654 + 1480
8655 + 1480
8655 + 1480
8656 # 1504
8656 - 1480 95
8656 + 1480
8656 + 1480
8657 # 1504
8657 - 1480 89
8657 + 1480
8657 + 1480
8659 # 1504
8659 - 1480 90
8659 + 1480
8659 + 1480
8660 # 1504
8660 - 1480 90
8660 + 1480
8660 + 1480
8661 + 1480
8661 + 1480
8662 # 1504
8662 - 1480 90
8662 + 1480
8662 + 1480
8663 # 1504
8663 - 1480 89
8663 + 1480
8663 + 1480
8664 + 1480
8664 + 1480
8664 d 1 1480
8665 # 1504
8665 - 1480 90
8665 + 1480
8665 + 1480
8666 # 1504
8666 - 1480 79
8667 + 1480
8667 + 1480
8667 + 1480
8667 d 1 1480
8668 # 1504
8668 - 1480 80
8668 + 1480
8669 # 1504
8669 - 1480 80
8669 + 1480
8669 + 1480
8670 + 1480
8670 d 1 1480
8670 + 1480
8670 d 1 1480
8671 # 1504
8671 - 1480 81
8671 + 1480
8671 + 1480
8672 # 1504
8672 - 1480 82
8672 + 1480
8672 + 1480
8674 # 1504
8674 - 1480 83
8674 + 1480
8674 + 1480
8675 # 1504
8675 - 1480 82
8675 + 1480
8675 + 1480
8675 d 1 1480
8676 # 1504
8676 - 1480 82
8676 + 1480
8676 + 1480
8677 # 1504
8677 - 1480 82
8677 + 1480
8677 + 1480
8677 d 1 1480
8678 + 1480
8678 d 1 1480
8678 + 1480
8678 d 1 1480
8679 + 1480
8679 d 1 1480
8679 + 1480
8679 d 1 1480
8681 + 1480
8681 d 1 1480
8681 + 1480
8681 d 1 1480
8682 + 1480
8682 d 1 1480
8682 + 1480
8682 d 1 1480
8683 + 1480
8683 d 1 1480
8683 + 1480
8683 d 1 1480
8685 + 1480
8685 d 1 1480
8685 + 1480
8685 d 1 1480
8685 + 1480
8685 d 1 1480
8685 + 1480
8685 d 1 1480
8686 + 1480
8686 d 1 1480
8686 + 1480
8686 d 1 1480
8687 # 1504
8687 - 1480 91
8687 + 1480
8688 # 1504
8688 - 1480 92
8688 - 1480 89
8688 # 1504
8688 - 1480 88
8688 # 1504
8688 - 1480 86
8688 # 1504
8688 - 1480 86
8688 + 1480
8689 + 1480
8689 + 1480
8690 + 1480
8690 + 1480
8691 + 1480
8691 + 1480
8692 + 1480
8692 + 1480
8693 # 1504
8693 - 1480 85
8693 # 1504
8693 - 1480 85
8693 # 1504
8693 - 1480 83
8693 # 1504
8693 - 1480 83
8693 + 1480
8693 + 1480
8694 # 1504
8694 - 1480 83
8694 + 1480
8694 + 1480
8695 # 1504
8695 - 1480 84
8696 + 1480
8696 + 1480
8697 # 1504
8697 - 1480 85
8697 + 1480
8697 + 1480
8698 # 1504
8698 - 1480 85
8698 + 1480
8698 + 1480
8699 # 1504
8699 - 1480 84
8699 + 1480
8699 + 1480
8700 + 1480
8700 + 1480
8701 + 1480
8701 + 1480
8703 + 1480
8703 d 1 1480
8703 + 1480
8703 d 1 1480
8704 + 1480
8704 d 1 1480
8704 + 1480
8704 d 1 1480
8705 + 1480
8705 d 1 1480
8705 + 1480
8705 d 1 1480
8706 + 1480
8706 d 1 1480
8706 + 1480
8706 d 1 1480
8707 + 1480
8707 d 1 1480
8707 + 1480
8707 d 1 1480
8708 # 1504
8708 - 1480 92
8708 # 1504
8708 - 1480 92
8708 # 1504
8708 - 1480 87
8708 + 1480
8708 + 1480
8710 + 1480
8710 + 1480
8711 + 1480
8711 + 1480
8712 + 1480
8712 + 1480
8713 + 1480
8713 d 1 1480
8713 + 1480
8713 d 1 1480
8714 # 1504
8714 - 1480 93
8714 # 1504
8714 - 1480 91
8714 # 1504
8714 - 1480 88
8714 # 1504
8714 - 1480 88
8714 # 1504
8714 - 1480 87
8714 # 1504
8714 - 1480 84
8714 + 1480
8714 + 1480
8715 + 1480
8715 + 1480
8716 # 1504
8716 - 1480 86
8716 + 1480
8716 + 1480
8717 # 1504
8717 - 1480 86
8718 + 1480
8718 + 1480
8719 + 1480
8719 + 1480
8720 # 1504
8720 - 1480 88
8720 + 1480
8720 + 1480
8721 + 1480
8721 + 1480
8722 + 1480
8722 + 1480
8722 d 1 1480
8723 + 1480
8723 d 1 1480
8723 + 1480
8723 d 1 1480
8725 + 1480
8725 d 1 1480
8725 + 1480
8725 d 1 1480
8726 + 1480
8726 d 1 1480
8726 + 1480
8726 d 1 1480
8727 + 1480
8727 d 1 1480
8727 + 1480
8727 d 1 1480
8728 # 1504
8728 - 1480 96
8728 # 1504
8728 - 1480 93
8728 + 1480
8728 + 1480
8729 + 1480
8729 + 1480
8730 + 1480
8730 + 1480
8731 # 1504
8731 - 1480 92
8732 + 1480
8732 + 1480
8733 # 1504
8733 - 1480 93
8733 # 1504
8733 - 1480 91
8733 # 1504
8733 - 1480 90
8733 # 1504
8733 - 1480 88
8733 + 1480
8733 + 1480
8734 + 1480
8734 + 1480
8735 # 1504
8735 - 1480 90
8735 + 1480
8735 + 1480
8736 # 1504
8736 - 1480 83
8736 + 1480
8736 + 1480
8737 + 1480
8737 + 1480
8737 d 1 1480
8738 + 1480
8738 d 1 1480
8738 + 1480
8738 d 1 1480
8739 # 1504
8739 - 1480 85
8740 # 1504
8740 - 1480 85
8740 + 1480
8740 + 1480
8741 + 1480
8741 + 1480
8742 # 1504
8742 - 1480 86
8742 + 1480
8742 + 1480
8743 + 1480
8743 d 1 1480
8743 + 1480
8743 d 1 1480
8744 # 1504
8744 - 1480 87
8744 + 1480
8744 + 1480
8745 # 1504
8745 - 1480 86
8745 + 1480
8745 + 1480
8745 d 1 1480
8747 # 1504
8747 - 1480 87
8747 + 1480
8747 + 1480
8748 # 1504
8748 - 1480 88
8748 + 1480
8748 + 1480
8749 # 1504
8749 - 1480 88
8749 + 1480
8749 + 1480
8749 d 1 1480
8750 + 1480
8750 d 1 1480
8750 + 1480
8750 d 1 1480
8751 + 1480
8751 d 1 1480
8751 + 1480
8751 d 1 1480
8752 # 1504
8752 - 1480 90
8752 + 1480
8752 + 1480
8753 # 1504
8753 - 1480 90
8753 # 1504
8753 - 1480 88
8754 + 1480
8754 + 1480
8755 # 1504
8755 - 1480 90
8755 + 1480
8755 + 1480
8756 + 1480
8756 + 1480
8756 d 1 1480
8757 # 1504
8757 - 1480 90
8757 + 1480
8757 + 1480
8758 + 1480
8758 d 1 1480
8758 + 1480
8758 d 1 1480
8759 + 1480
8759 d 1 1480
8759 + 1480
8759 d 1 1480
8760 # 1504
8760 - 1480 92
8760 + 1480
8760 + 1480
8761 # 1504
8761 - 1480 92
8762 + 1480
8762 + 1480
8763 + 1480
8763 d 1 1480
8763 + 1480
8763 d 1 1480
8764 # 1504
8764 - 1480 92
8764 + 1480
8764 + 1480
8765 # 1504
8765 - 1480 93
8765 # 1504
8765 - 1480 90
8765 + 1480
8765 + 1480
8766 + 1480
8766 + 1480
8766 d 1 1480
8767 # 1504
8767 - 1480 91
8767 + 1480
8767 + 1480
8769 # 1504
8769 - 1480 93
8769 + 1480
8769 + 1480
8770 + 1480
8770 d 1 1480
8770 + 1480
8770 d 1 1480
8771 # 1504
8771 - 1480 84
8771 + 1480
8771 + 1480
8772 # 1504
8772 - 1480 83
8772 + 1480
8772 + 1480
8773 # 1504
8773 - 1480 83
8773 + 1480
8773 + 1480
8773 d 1 1480
8774 + 1480
8774 d 1 1480
8774 + 1480
8774 d 1 1480
8775 # 1504
8775 - 1480 84
8776 # 1504
8776 - 1480 85
8776 + 1480
8776 + 1480
8777 # 1504
8777 - 1480 85
8777 + 1480
8777 + 1480
8778 + 1480
8778 + 1480
8778 d 1 1480
8779 # 1504
8779 - 1480 86
8779 + 1480
8779 + 1480
8780 # 1504
8780 - 1480 86
8780 - 1480 84
8780 + 1480
8780 + 1480
8781 + 1480
8781 d 1 1480
8781 + 1480
8781 d 1 1480
8782 # 1504
8782 - 1480 85
8782 # 1504
8782 - 1480 84
8782 + 1480
8783 # 1504
8783 - 1480 85
8783 + 1480
8784 + 1480
8784 + 1480
8785 # 1504
8785 - 1480 86
8785 + 1480
8785 + 1480
8786 # 1504
8786 - 1480 87
8786 + 1480
8786 + 1480
8787 + 1480
8787 + 1480
8787 d 1 1480
8788 # 1504
8788 - 1480 88
8788 # 1504
8788 - 1480 87
8788 + 1480
8788 + 1480
8789 + 1480
8789 + 1480
8789 d 1 1480
8790 # 1504
8790 - 1480 82
8791 # 1504
8791 - 1480 81
8791 + 1480
8791 + 1480
8792 # 1504
8792 - 1480 81
8792 + 1480
8792 + 1480
8793 # 1504
8793 - 1480 82
8793 + 1480
8793 + 1480
8794 # 1504
8794 - 1480 82
8794 + 1480
8794 + 1480
8795 # 1504
8795 - 1480 81
8795 + 1480
8795 + 1480
8795 d 1 1480
8796 # 1504
8796 - 1480 81
8796 + 1480
8796 + 1480
8798 # 1504
8798 - 1480 83
8798 + 1480
8798 + 1480
8799 # 1504
8799 - 1480 83
8799 + 1480
8799 + 1480
8799 d 1 1480
8800 + 1480
8800 d 1 1480
8800 + 1480
8800 d 1 1480
8801 + 1480
8801 d 1 1480
8801 + 1480
8801 d 1 1480
8802 # 1504
8802 - 1480 84
8802 + 1480
8802 + 1480
8803 + 1480
8803 + 1480
8803 d 1 1480
8804 + 1480
8804 d 1 1480
8805 + 1480
8805 d 1 1480
8806 + 1480
8806 d 1 1480
8806 + 1480
8806 d 1 1480
8807 + 1480
8807 d 1 1480
8807 + 1480
8807 d 1 1480
8808 + 1480
8808 d 1 1480
8808 + 1480
8808 d 1 1480
8809 + 1480
8809 d 1 1480
8809 + 1480
8809 d 1 1480
8810 + 1480
8810 d 1 1480
8810 + 1480
8810 d 1 1480
8811 + 1480
8811 d 1 1480
8811 + 1480
8811 d 1 1480
8813 + 1480
8813 d 1 1480
8813 + 1480
8813 d 1 1480
8814 + 1480
8814 d 1 1480
8814 + 1480
8814 d 1 1480
8815 + 1480
8815 d 1 1480
8815 + 1480
8815 d 1 1480
8816 + 1480
8816 d 1 1480
8816 + 1480
8816 d 1 1480
8817 # 1504
8817 - 1480 98
8817 # 1504
8817 - 1480 97
8817 # 1504
8817 - 1480 87
8817 # 1504
8817 - 1480 87
8817 + 1480
8817 + 1480
8818 + 1480
8818 + 1480
8820 # 1504
8820 - 1480 88
8820 # 1504
8820 - 1480 88
8820 # 1504
8820 - 1480 86
8820 + 1480
8820 + 1480
8821 # 1504
8821 - 1480 87
8821 # 1504
8821 - 1480 86
8821 + 1480
8821 + 1480
8822 + 1480
8822 + 1480
8823 # 1504
8823 - 1480 88
8823 + 1480
8823 + 1480
8824 + 1480
8824 + 1480
8825 # 1504
8825 - 1480 89
8825 + 1480
8825 + 1480
8827 # 1504
8827 - 1480 90
8827 + 1480
8827 + 1480
8828 + 1480
8828 + 1480
8829 # 1504
8829 - 1480 89
8829 + 1480
8829 + 1480
8830 # 1504
8830 - 1480 89
8830 + 1480
8830 + 1480
8831 # 1504
8831 - 1480 89
8831 + 1480
8831 + 1480
8832 + 1480
8832 + 1480
8833 # 1504
8833 - 1480 89
8833 + 1480
8833 + 1480
8835 # 1504
8835 - 1480 90
8835 + 1480
8835 + 1480
8836 + 1480
8836 + 1480
8836 d 1 1480
8837 + 1480
8837 d 1 1480
8837 + 1480
8837 d 1 1480
8838 + 1480
8838 d 1 1480
8838 + 1480
8838 d 1 1480
8839 + 1480
8839 d 1 1480
8839 + 1480
8839 d 1 1480
8840 + 1480
8840 d 1 1480
8840 + 1480
8840 d 1 1480
8842 + 1480
8842 d 1 1480
8842 + 1480
8842 d 1 1480
8843 # 1504
8843 - 1480 96
8843 # 1504
8843 - 1480 95
8843 # 1504
8843 - 1480 89
8843 # 1504
8843 - 1480 88
8843 + 1480
8843 + 1480
8844 + 1480
8844 + 1480
8845 + 1480
8845 + 1480
8846 + 1480
8846 + 1480
8847 + 1480
8847 d 1 1480
8847 + 1480
8847 d 1 1480
8848 # 1504
8848 - 1480 93
8848 # 1504
8848 - 1480 92
8849 + 1480
8849 + 1480
8850 + 1480
8850 + 1480
8851 + 1480
8851 + 1480
8851 d 1 1480
8852 + 1480
8852 d 1 1480
8852 + 1480
8852 d 1 1480
8853 # 1504
8853 - 1480 93
8853 + 1480
8853 + 1480
8854 # 1504
8854 - 1480 92
8854 # 1504
8854 - 1480 90
8854 # 1504
8854 - 1480 89
8854 # 1504
8854 - 1480 88
8854 # 1504
8854 - 1480 87
8854 + 1480
8854 + 1480
8855 # 1504
8855 - 1480 88
8855 + 1480
8855 + 1480
8856 # 1504
8856 - 1480 87
8857 # 1504
8857 - 1480 88
8857 + 1480
8857 + 1480
8858 + 1480
8858 + 1480
8859 # 1504
8859 - 1480 88
8859 + 1480
8859 + 1480
8860 + 1480
8860 + 1480
8861 + 1480
8861 + 1480
8861 d 1 1480
8862 + 1480
8862 d 1 1480
8862 + 1480
8862 d 1 1480
8864 + 1480
8864 d 1 1480
8864 + 1480
8864 d 1 1480
8865 + 1480
8865 d 1 1480
8865 + 1480
8865 d 1 1480
8866 + 1480
8866 d 1 1480
8866 + 1480
8866 d 1 1480
8867 + 1480
8867 d 1 1480
8867 + 1480
8867 d 1 1480
8868 # 1504
8868 - 1480 96
8868 # 1504
8868 - 1480 95
8868 # 1504
8868 - 1480 89
8868 # 1504
8868 - 1480 89
8868 # 1504
8868 - 1480 88
8868 + 1480
8868 + 1480
8869 + 1480
8869 + 1480
8871 + 1480
8871 + 1480
8872 + 1480
8872 + 1480
8873 # 1504
8873 - 1480 93
8873 + 1480
8873 + 1480
8874 + 1480
8874 + 1480
8875 # 1504
8875 - 1480 93
8875 # 1504
8875 - 1480 91
8875 # 1504
8875 - 1480 90
8875 # 1504
8875 - 1480 89
8875 + 1480
8875 + 1480
8876 # 1504
8876 - 1480 90
8876 + 1480
8876 + 1480
8877 + 1480
8877 + 1480
8878 # 1504
8878 - 1480 91
8878 - 1480 90
8879 # 1504
8879 - 1480 88
8879 + 1480
8879 + 1480
8880 + 1480
8880 + 1480
8881 + 1480
8881 + 1480
8882 + 1480
8882 d 1 1480
8882 + 1480
8882 d 1 1480
8883 + 1480
8883 d 1 1480
8883 + 1480
8883 d 1 1480
8884 + 1480
8884 d 1 1480
8884 + 1480
8884 d 1 1480
8886 + 1480
8886 d 1 1480
8886 + 1480
8886 d 1 1480
8887 + 1480
8887 d 1 1480
8887 + 1480
8887 d 1 1480
8888 # 1504
8888 - 1480 97
8888 + 1480
8888 + 1480
8889 + 1480
8889 + 1480
8890 + 1480
8890 + 1480
8891 # 1504
8891 - 1480 99
8891 + 1480
8891 + 1480
8892 # 1504
8892 - 1480 97
8893 # 1504
8893 - 1480 97
8893 + 1480
8893 + 1480
8894 + 1480
8894 + 1480
8894 d 1 1480
8895 # 1504
8895 - 1480 97
8895 # 1504
8895 - 1480 96
8895 + 1480
8895 + 1480
8896 # 1504
8896 - 1480 94
8896 + 1480
8896 + 1480
8897 + 1480
8897 + 1480
8897 d 1 1480
8898 # 1504
8898 - 1480 95
8898 + 1480
8898 + 1480
8899 + 1480
8899 d 1 1480
8899 + 1480
8899 d 1 1480
8900 + 1480
8900 d 1 1480
8900 + 1480
8900 d 1 1480
8902 + 1480
8902 d 1 1480
8902 + 1480
8902 d 1 1480
8903 + 1480
8903 d 1 1480
8903 + 1480
8903 d 1 1480
8904 + 1480
8904 d 1 1480
8904 + 1480
8904 d 1 1480
8905 + 1480
8905 d 1 1480
8905 + 1480
8905 d 1 1480
8906 + 1480
8906 d 1 1480
8906 + 1480
8906 d 1 1480
8908 # 1504
8908 - 1480 91
8908 # 1504
8908 - 1480 90
8908 + 1480
8908 + 1480
8909 + 1480
8909 + 1480
8910 + 1480
8910 + 1480
8911 + 1480
8911 + 1480
8911 d 1 1480
8912 + 1480
8912 d 1 1480
8912 + 1480
8912 d 1 1480
8913 + 1480
8913 d 1 1480
8913 + 1480
8913 d 1 1480
8915 # 1504
8915 - 1480 93
8915 # 1504
8915 - 1480 92
8915 # 1504
8915 - 1480 90
8915 # 1504
8915 - 1480 90
8915 # 1504
8915 - 1480 88
8915 # 1504
8915 - 1480 88
8915 + 1480
8915 + 1480
8916 # 1504
8916 - 1480 88
8916 + 1480
8916 + 1480
8917 + 1480
8917 + 1480
8918 + 1480
8918 + 1480
8919 + 1480
8919 + 1480
8920 + 1480
8920 + 1480
8920 d 1 1480
8922 + 1480
8922 d 1 1480
8922 + 1480
8922 d 1 1480
8923 + 1480
8923 d 1 1480
8923 + 1480
8923 d 1 1480
8924 + 1480
8924 d 1 1480
8924 + 1480
8924 d 1 1480
8925 # 1504
8925 - 1480 97
8925 + 1480
8925 + 1480
8926 + 1480
8926 + 1480
8927 + 1480
8927 + 1480
8927 d 1 1480
8928 # 1504
8928 - 1480 99
8928 # 1504
8928 - 1480 96
8928 # 1504
8928 - 1480 95
8928 # 1504
8928 - 1480 93
8928 + 1480
8928 + 1480
8929 # 1504
8929 - 1480 94
8930 + 1480
8930 + 1480
8931 # 1504
8931 - 1480 95
8931 + 1480
8931 + 1480
8932 + 1480
8932 + 1480
8933 # 1504
8933 - 1480 90
8933 + 1480
8933 + 1480
8934 # 1504
8934 - 1480 90
8934 + 1480
8934 + 1480
8935 + 1480
8935 + 1480
8935 d 1 1480
8936 # 1504
8936 - 1480 91
8937 + 1480
8937 + 1480
8938 # 1504
8938 - 1480 92
8938 + 1480
8938 + 1480
8939 # 1504
8939 - 1480 90
8939 + 1480
8939 + 1480
8939 d 1 1480
8940 + 1480
8940 d 1 1480
8940 + 1480
8940 d 1 1480
8941 + 1480
8941 d 1 1480
8941 + 1480
8941 d 1 1480
8942 + 1480
8942 d 1 1480
8942 + 1480
8942 d 1 1480
8944 + 1480
8944 d 1 1480
8944 + 1480
8944 d 1 1480
8945 + 1480
8945 d 1 1480
8945 + 1480
8945 d 1 1480
8946 + 1480
8946 d 1 1480
8946 + 1480
8946 d 1 1480
8947 + 1480
8947 d 1 1480
8947 + 1480
8947 d 1 1480
8948 # 1504
8948 - 1480 98
8948 # 1504
8948 - 1480 98
8948 # 1504
8948 - 1480 93
8948 # 1504
8948 - 1480 93
8948 + 1480
8948 + 1480
8949 # 1504
8949 - 1480 92
8949 + 1480
8949 + 1480
8950 + 1480
8950 + 1480
8952 # 1504
8952 - 1480 95
8952 + 1480
8952 + 1480
8953 # 1504
8953 - 1480 95
8953 + 1480
8953 + 1480
8954 + 1480
8954 + 1480
8955 # 1504
8955 - 1480 96
8955 + 1480
8955 + 1480
8956 # 1504
8956 - 1480 96
8956 + 1480
8956 + 1480
8957 + 1480
8957 + 1480
8959 + 1480
8959 d 1 1480
8959 + 1480
8959 d 1 1480
8960 + 1480
8960 d 1 1480
8960 + 1480
8960 d 1 1480
8961 + 1480
8961 d 1 1480
8961 + 1480
8961 d 1 1480
8962 + 1480
8962 d 1 1480
8962 + 1480
8962 d 1 1480
8963 + 1480
8963 d 1 1480
8963 + 1480
8963 d 1 1480
8964 + 1480
8964 d 1 1480
8964 + 1480
8964 d 1 1480
8966 # 1504
8966 - 1480 105
8966 + 1480
8966 + 1480
8967 + 1480
8967 + 1480
8968 # 1504
8968 - 1480 100
8968 # 1504
8968 - 1480 96
8968 # 1504
8968 - 1480 95
8968 # 1504
8968 - 1480 94
8968 + 1480
8968 + 1480
8969 + 1480
8969 + 1480
8970 + 1480
8970 + 1480
8971 + 1480
8971 + 1480
8971 d 1 1480
8972 + 1480
8972 d 1 1480
8972 + 1480
8972 d 1 1480
8973 # 1504
8973 - 1480 99
8973 # 1504
8973 - 1480 98
8973 # 1504
8973 - 1480 97
8973 # 1504
8973 - 1480 96
8974 # 1504
8974 - 1480 97
8974 + 1480
8974 + 1480
8975 + 1480
8975 + 1480
8976 + 1480
8976 + 1480
8977 + 1480
8977 + 1480
8978 # 1504
8978 - 1480 99
8978 # 1504
8978 - 1480 98
8978 + 1480
8978 + 1480
8979 + 1480
8979 + 1480
8981 + 1480
8981 d 1 1480
8981 + 1480
8981 d 1 1480
8982 + 1480
8982 d 1 1480
8982 + 1480
8982 d 1 1480
8983 + 1480
8983 d 1 1480
8983 + 1480
8983 d 1 1480
8984 + 1480
8984 d 1 1480
8984 + 1480
8984 d 1 1480
8985 + 1480
8985 d 1 1480
8985 + 1480
8985 d 1 1480
8986 # 1504
8986 - 1480 105
8986 + 1480
8986 + 1480
8988 # 1504
8988 - 1480 100
8988 # 1504
8988 - 1480 98
8988 # 1504
8988 - 1480 97
8988 + 1480
8988 + 1480
8989 + 1480
8989 + 1480
8990 + 1480
8990 + 1480
8991 + 1480
8991 + 1480
8991 d 1 1480
8992 + 1480
8992 d 1 1480
8992 + 1480
8992 d 1 1480
8993 # 1504
8993 - 1480 100
8993 + 1480
8993 + 1480
8994 + 1480
8994 + 1480
8994 d 1 1480
8995 # 1504
8995 - 1480 102
8995 # 1504
8995 - 1480 100
8995 # 1504
8995 - 1480 99
8995 # 1504
8995 - 1480 98
8996 + 1480
8996 + 1480
8997 # 1504
8997 - 1480 99
8997 + 1480
8997 + 1480
8998 # 1504
8998 - 1480 100
8998 - 1480 90
8998 + 1480
8998 + 1480
8999 + 1480
8999 + 1480
9000 # 1504
9000 - 1480 91
9000 + 1480
9000 + 1480
9001 # 1504
9001 - 1480 91
9001 + 1480
9001 + 1480
9003 # 1504
9003 - 1480 92
9003 + 1480
9003 + 1480
9004 + 1480
9004 + 1480
9004 d 1 1480
9005 # 1504
9005 - 1480 90
9005 + 1480
9005 + 1480
9006 + 1480
9006 d 1 1480
9006 + 1480
9006 d 1 1480
9007 # 1504
9007 - 1480 91
9007 + 1480
9007 + 1480
9008 # 1504
9008 - 1480 91
9008 + 1480
9008 + 1480
9010 # 1504
9010 - 1480 92
9010 + 1480
9010 + 1480
9011 # 1504
9011 - 1480 92
9011 + 1480
9011 + 1480
9011 d 1 1480
9012 + 1480
9012 d 1 1480
9012 + 1480
9012 d 1 1480
9013 + 1480
9013 d 1 1480
9013 + 1480
9013 d 1 1480
9014 + 1480
9014 d 1 1480
9014 + 1480
9014 d 1 1480
9015 + 1480
9015 d 1 1480
9015 + 1480
9015 d 1 1480
9016 # 1504
9016 - 1480 96
9016 # 1504
9016 - 1480 91
9016 # 1504
9016 - 1480 89
9016 + 1480
9016 + 1480
9017 + 1480
9018 # 1504
9018 - 1480 90
9018 + 1480
9019 # 1504
9019 - 1480 91
9019 + 1480
9019 + 1480
9020 + 1480
9020 + 1480
9021 + 1480
9021 + 1480
9021 d 1 1480
9022 + 1480
9022 d 1 1480
9022 + 1480
9022 d 1 1480
9023 + 1480
9023 d 1 1480
9023 + 1480
9023 d 1 1480
9025 + 1480
9025 d 1 1480
9025 + 1480
9025 d 1 1480
9026 + 1480
9026 d 1 1480
9026 + 1480
9026 d 1 1480
9027 + 1480
9027 d 1 1480
9027 + 1480
9027 d 1 1480
9028 # 1504
9028 - 1480 98
9028 # 1504
9028 - 1480 97
9028 # 1504
9028 - 1480 94
9028 # 1504
9028 - 1480 94
9028 + 1480
9028 + 1480
9029 # 1504
9029 - 1480 94
9029 + 1480
9029 + 1480
9030 + 1480
9030 + 1480
9031 # 1504
9031 - 1480 94
9032 # 1504
9032 - 1480 95
9032 + 1480
9032 + 1480
9033 # 1504
9033 - 1480 95
9033 + 1480
9033 + 1480
9034 + 1480
9034 + 1480
9035 # 1504
9035 - 1480 87
9035 + 1480
9035 + 1480
9036 # 1504
9036 - 1480 88
9036 + 1480
9036 + 1480
9037 + 1480
9037 + 1480
9038 + 1480
9039 # 1504
9039 - 1480 90
9039 + 1480
9040 # 1504
9040 - 1480 90
9040 + 1480
9040 + 1480
9041 + 1480
9041 + 1480
9041 d 1 1480
9042 # 1504
9042 - 1480 90
9042 + 1480
9042 + 1480
9043 # 1504
9043 - 1480 90
9043 + 1480
9043 + 1480
9043 d 1 1480
9044 # 1504
9044 - 1480 90
9044 + 1480
9044 + 1480
9045 + 1480
9045 d 1 1480
9045 + 1480
9045 d 1 1480
9047 + 1480
9047 d 1 1480
9047 + 1480
9047 d 1 1480
9048 + 1480
9048 d 1 1480
9048 + 1480
9048 d 1 1480
9049 + 1480
9049 d 1 1480
9049 + 1480
9049 d 1 1480
9050 + 1480
9050 d 1 1480
9050 + 1480
9050 d 1 1480
9051 + 1480
9051 d 1 1480
9051 + 1480
9051 d 1 1480
9052 + 1480
9052 d 1 1480
9052 + 1480
9052 d 1 1480
9053 # 1504
9053 - 1480 98
9053 # 1504
9053 - 1480 97
9053 # 1504
9053 - 1480 87
9054 + 1480
9054 + 1480
9055 + 1480
9055 + 1480
9056 # 1504
9056 - 1480 89
9056 + 1480
9056 + 1480
9057 + 1480
9057 + 1480
9058 # 1504
9058 - 1480 91
9058 + 1480
9058 + 1480
9059 + 1480
9059 + 1480
9061 + 1480
9061 d 1 1480
9061 + 1480
9061 d 1 1480
9062 + 1480
9062 d 1 1480
9062 + 1480
9062 d 1 1480
9063 + 1480
9063 d 1 1480
9063 + 1480
9063 d 1 1480
9064 + 1480
9064 d 1 1480
9064 + 1480
9064 d 1 1480
9065 + 1480
9065 d 1 1480
9065 + 1480
9065 d 1 1480
9066 + 1480
9066 d 1 1480
9066 + 1480
9066 d 1 1480
9067 + 1480
9067 d 1 1480
9067 + 1480
9067 d 1 1480
9069 # 1504
9069 - 1480 100
9069 + 1480
9069 + 1480
9070 + 1480
9070 + 1480
9071 + 1480
9071 + 1480
9072 # 1504
9072 - 1480 102
9072 + 1480
9072 + 1480
9073 # 1504
9073 - 1480 98
9073 # 1504
9073 - 1480 96
9073 + 1480
9073 + 1480
9074 # 1504
9074 - 1480 97
9074 + 1480
9074 + 1480
9075 # 1504
9075 - 1480 97
9076 + 1480
9076 + 1480
9077 # 1504
9077 - 1480 98
9077 + 1480
9077 + 1480
9078 + 1480
9078 d 1 1480
9078 + 1480
9078 d 1 1480
9079 # 1504
9079 - 1480 100
9079 + 1480
9079 + 1480
9080 + 1480
9080 d 1 1480
9080 + 1480
9080 d 1 1480
9081 # 1504
9081 - 1480 95
9081 + 1480
9081 + 1480
9082 # 1504
9082 - 1480 94
9083 + 1480
9083 + 1480
9084 # 1504
9084 - 1480 95
9084 + 1480
9084 + 1480
9085 + 1480
9085 d 1 1480
9085 + 1480
9085 d 1 1480
9086 # 1504
9086 - 1480 96
9086 + 1480
9086 + 1480
9087 + 1480
9087 d 1 1480
9087 + 1480
9087 d 1 1480
9088 # 1504
9088 - 1480 95
9088 + 1480
9088 + 1480
9089 # 1504
9089 - 1480 95
9089 + 1480
9089 + 1480
9089 d 1 1480
9090 # 1504
9090 - 1480 94
9091 + 1480
9091 + 1480
9092 # 1504
9092 - 1480 95
9092 + 1480
9092 + 1480
9093 # 1504
9093 - 1480 95
9093 + 1480
9093 + 1480
9093 d 1 1480
9094 + 1480
9094 d 1 1480
9094 + 1480
9094 d 1 1480
9095 # 1504
9095 - 1480 96
9095 + 1480
9095 + 1480
9096 # 1504
9096 - 1480 97
9096 + 1480
9096 + 1480
9097 # 1504
9097 - 1480 97
9098 # 1504
9098 - 1480 97
9098 + 1480
9098 + 1480
9099 # 1504
9099 - 1480 96
9099 + 1480
9099 + 1480
9100 # 1504
9100 - 1480 95
9100 + 1480
9100 + 1480
9101 + 1480
9101 + 1480
9102 # 1504
9102 - 1480 95
9102 + 1480
9102 + 1480
9103 # 1504
9103 - 1480 95
9103 + 1480
9103 + 1480
9105 # 1504
9105 - 1480 95
9105 + 1480
9105 + 1480
9106 # 1504
9106 - 1480 90
9106 + 1480
9106 + 1480
9107 # 1504
9107 - 1480 89
9107 - 1480 88
9107 + 1480
9107 + 1480
9108 # 1504
9108 - 1480 88
9108 + 1480
9108 + 1480
9109 # 1504
9109 - 1480 81
9109 + 1480
9109 + 1480
9110 + 1480
9110 + 1480
9111 # 1504
9111 - 1480 83
9111 + 1480
9111 + 1480
9113 + 1480
9113 + 1480
9114 # 1504
9114 - 1480 85
9114 + 1480
9114 + 1480
9115 # 1504
9115 - 1480 83
9115 # 1504
9115 - 1480 81
9115 + 1480
9115 + 1480
9116 # 1504
9116 - 1480 81
9116 + 1480
9116 + 1480
9117 # 1504
9117 - 1480 82
9117 + 1480
9117 + 1480
9118 # 1504
9118 - 1480 82
9118 + 1480
9118 + 1480
9119 # 1504
9119 - 1480 82
9120 + 1480
9120 + 1480
9121 # 1504
9121 - 1480 82
9121 + 1480
9121 + 1480
9122 # 1504
9122 - 1480 82
9122 + 1480
9122 + 1480
9123 + 1480
9123 + 1480
9124 # 1504
9124 - 1480 82
9124 + 1480
9124 + 1480
9125 # 1504
9125 - 1480 81
9125 + 1480
9125 + 1480
9126 # 1504
9126 - 1480 72
9127 # 1504
9127 - 1480 72
9127 + 1480
9127 + 1480
9128 + 1480
9128 + 1480
9129 # 1504
9129 - 1480 73
9129 # 1504
9129 - 1480 72
9129 + 1480
9129 + 1480
9130 + 1480
9130 + 1480
9131 # 1504
9131 - 1480 72
9131 + 1480
9131 + 1480
9132 # 1504
9132 - 1480 73
9132 + 1480
9132 + 1480
9133 + 1480
9133 + 1480
9134 # 1504
9134 - 1480 64
9134 + 1480
9134 + 1480
9135 # 1504
9135 - 1480 64
9136 # 1504
9136 - 1480 64
9136 + 1480
9136 + 1480
9137 # 1504
9137 - 1480 63
9137 + 1480
9137 + 1480
9138 + 1480
9138 + 1480
9139 # 1504
9139 - 1480 65
9139 + 1480
9139 + 1480
9140 # 1504
9140 - 1480 64
9140 + 1480
9140 + 1480
9141 # 1504
9141 - 1480 62
9142 # 1504
9142 - 1480 61
9142 + 1480
9142 + 1480
9143 # 1504
9143 - 1480 60
9143 + 1480
9143 + 1480
9144 + 1480
9144 + 1480
9145 + 1480
9145 + 1480
9146 + 1480
9146 + 1480
9147 + 1480
9147 d 1 1480
9147 + 1480
9147 d 1 1480
9149 + 1480
9149 d 1 1480
9149 + 1480
9149 d 1 1480
9150 + 1480
9150 d 1 1480
9150 + 1480
9150 d 1 1480
9150 + 1480
9150 d 1 1480
9151 + 1480
9151 d 1 1480
9152 + 1480
9152 d 1 1480
9152 + 1480
9152 d 1 1480
9153 # 1504
9153 - 1480 69
9153 # 1504
9153 - 1480 67
9153 # 1504
9153 - 1480 58
9153 # 1504
9153 - 1480 57
9153 # 1504
9153 - 1480 57
9153 # 1504
9153 - 1480 55
9153 # 1504
9153 - 1480 55
9153 + 1480
9153 + 1480
9154 + 1480
9154 + 1480
9155 # 1504
9155 - 1480 56
9156 + 1480
9156 + 1480
9157 # 1504
9157 - 1480 58
9157 + 1480
9157 + 1480
9158 # 1504
9158 - 1480 57
9158 + 1480
9158 + 1480
9159 # 1504
9159 - 1480 57
9159 + 1480
9159 + 1480
9160 + 1480
9160 + 1480
9161 + 1480
9161 + 1480
9162 + 1480
9162 + 1480
9164 + 1480
9164 + 1480
9165 + 1480
9165 + 1480
9166 + 1480
9166 + 1480
9167 + 1480
9167 + 1480
9168 + 1480
9168 + 1480
9168 d 1 1480
9169 # 1504
9169 - 1480 66
9169 # 1504
9169 - 1480 64
9169 # 1504
9169 - 1480 58
9169 # 1504
9169 - 1480 58
9169 # 1504
9169 - 1480 56
9169 # 1504
9169 - 1480 56
9169 + 1480
9169 + 1480
9170 # 1504
9170 - 1480 56
9171 + 1480
9171 + 1480
9172 + 1480
9172 + 1480
9173 # 1504
9173 - 1480 59
9173 + 1480
9173 + 1480
9174 # 1504
9174 - 1480 59
9174 # 1504
9174 - 1480 57
9174 # 1504
9174 - 1480 56
9174 + 1480
9174 + 1480
9175 + 1480
9175 + 1480
9176 + 1480
9176 + 1480
9177 # 1504
9177 - 1480 57
9178 # 1504
9178 - 1480 58
9178 + 1480
9178 + 1480
9179 # 1504
9179 - 1480 57
9179 + 1480
9179 + 1480
9180 + 1480
9180 + 1480
9181 + 1480
9181 + 1480
9182 + 1480
9182 + 1480
9184 + 1480
9184 + 1480
9184 + 1480
9184 + 1480
9186 + 1480
9186 + 1480
9187 + 1480
9187 + 1480
9188 # 1504
9188 - 1480 65
9188 + 1480
9188 + 1480
9189 # 1504
9189 - 1480 65
9189 # 1504
9189 - 1480 59
9189 # 1504
9189 - 1480 58
9189 + 1480
9189 + 1480
9190 + 1480
9190 + 1480
9191 + 1480
9191 + 1480
9193 # 1504
9193 - 1480 61
9193 # 1504
9193 - 1480 61
9193 # 1504
9193 - 1480 57
9193 # 1504
9193 - 1480 57
9193 - 1480 56
9193 # 1504
9193 - 1480 56
9193 + 1480
9193 + 1480
9194 + 1480
9194 + 1480
9195 # 1504
9195 - 1480 57
9195 + 1480
9195 + 1480
9196 # 1504
9196 - 1480 58
9196 + 1480
9196 + 1480
9197 + 1480
9197 + 1480
9198 # 1504
9198 - 1480 58
9198 + 1480
9198 + 1480
9199 # 1504
9199 - 1480 57
9200 + 1480
9200 + 1480
9201 + 1480
9201 + 1480
9202 + 1480
9202 + 1480
9203 + 1480
9203 + 1480
9204 + 1480
9204 + 1480
9205 + 1480
9205 + 1480
9206 + 1480
9206 + 1480
9208 # 1504
9208 - 1480 65
9208 + 1480
9208 + 1480
9209 + 1480
9209 + 1480
9210 + 1480
9210 + 1480
9211 # 1504
9211 - 1480 67
9211 # 1504
9211 - 1480 55
9211 # 1504
9211 - 1480 53
9211 # 1504
9211 - 1480 52
9211 + 1480
9211 + 1480
9212 + 1480
9212 + 1480
9213 + 1480
9213 + 1480
9215 + 1480
9215 + 1480
9216 # 1504
9216 - 1480 57
9216 # 1504
9216 - 1480 56
9216 # 1504
9216 - 1480 52
9216 + 1480
9216 + 1480
9217 + 1480
9217 + 1480
9218 # 1504
9218 - 1480 54
9218 + 1480
9218 + 1480
9219 + 1480
9219 + 1480
9220 # 1504
9220 - 1480 55
9220 + 1480
9220 + 1480
9222 # 1504
9222 - 1480 56
9222 + 1480
9222 + 1480
9223 + 1480
9223 + 1480
9224 # 1504
9224 - 1480 56
9224 + 1480
9224 + 1480
9225 + 1480
9225 + 1480
9226 # 1504
9226 - 1480 55
9226 + 1480
9226 + 1480
9227 + 1480
9227 + 1480
9228 # 1504
9228 - 1480 56
9228 + 1480
9228 + 1480
9229 # 1504
9229 - 1480 55
9230 # 1504
9230 - 1480 55
9230 + 1480
9230 + 1480
9231 + 1480
9231 + 1480
9232 # 1504
9232 - 1480 56
9232 # 1504
9232 - 1480 54
9232 + 1480
9232 + 1480
9233 + 1480
9233 + 1480
9234 # 1504
9234 - 1480 54
9234 + 1480
9234 + 1480
9235 # 1504
9235 - 1480 55
9235 + 1480
9235 + 1480
9236 # 1504
9236 - 1480 54
9237 # 1504
9237 - 1480 53
9237 + 1480
9237 + 1480
9238 # 1504
9238 - 1480 54
9238 + 1480
9238 + 1480
9239 + 1480
9239 + 1480
9240 + 1480
9240 + 1480
9241 + 1480
9241 + 1480
9242 + 1480
9242 + 1480
9244 + 1480
9244 + 1480
9245 + 1480
9245 d 1 1480
9245 + 1480
9245 d 1 1480
9246 + 1480
9246 d 1 1480
9246 + 1480
9246 d 1 1480
9247 + 1480
9247 d 1 1480
9247 + 1480
9247 d 1 1480
9248 # 1504
9248 - 1480 62
9248 # 1504
9248 - 1480 61
9248 # 1504
9248 - 1480 55
9248 # 1504
9248 - 1480 54
9248 + 1480
9248 + 1480
9249 + 1480
9249 + 1480
9250 + 1480
9250 + 1480
9252 + 1480
9252 + 1480
9253 # 1504
9253 - 1480 59
9253 # 1504
9253 - 1480 58
9253 # 1504
9253 - 1480 55
9253 # 1504
9253 - 1480 55
9253 # 1504
9253 - 1480 53
9253 + 1480
9253 + 1480
9254 + 1480
9254 + 1480
9255 + 1480
9255 + 1480
9256 + 1480
9256 + 1480
9257 + 1480
9257 + 1480
9259 + 1480
9259 + 1480
9260 + 1480
9260 + 1480
9261 # 1504
9261 - 1480 61
9261 + 1480
9261 + 1480
9262 # 1504
9262 - 1480 61
9262 # 1504
9262 - 1480 57
9262 # 1504
9262 - 1480 56
9262 # 1504
9262 - 1480 54
9262 + 1480
9262 + 1480
9263 + 1480
9263 + 1480
9264 + 1480
9264 + 1480
9266 + 1480
9266 + 1480
9267 # 1504
9267 - 1480 59
9267 # 1504
9267 - 1480 58
9267 # 1504
9267 - 1480 55
9267 + 1480
9267 + 1480
9268 + 1480
9268 + 1480
9269 + 1480
9269 + 1480
9270 + 1480
9270 + 1480
9271 + 1480
9271 + 1480
9272 + 1480
9272 + 1480
9273 # 1504
9273 - 1480 61
9273 # 1504
9273 - 1480 60
9273 # 1504
9273 - 1480 56
9273 # 1504
9273 - 1480 55
9274 + 1480
9274 + 1480
9275 # 1504
9275 - 1480 57
9275 + 1480
9275 + 1480
9276 + 1480
9276 + 1480
9277 # 1504
9277 - 1480 58
9277 + 1480
9277 + 1480
9278 + 1480
9278 + 1480
9279 + 1480
9279 + 1480
9281 + 1480
9281 + 1480
9282 + 1480
9282 + 1480
9283 + 1480
9283 + 1480
9284 + 1480
9284 d 1 1480
9284 + 1480
9284 d 1 1480
9285 # 1504
9285 - 1480 65
9285 + 1480
9285 + 1480
9286 + 1480
9286 + 1480
9288 # 1504
9288 - 1480 65
9288 # 1504
9288 - 1480 61
9288 # 1504
9288 - 1480 58
9288 # 1504
9288 - 1480 57
9288 # 1504
9288 - 1480 57
9288 + 1480
9288 + 1480
9289 # 1504
9289 - 1480 57
9289 + 1480
9289 + 1480
9290 + 1480
9290 + 1480
9291 # 1504
9291 - 1480 59
9291 # 1504
9291 - 1480 58
9291 + 1480
9291 + 1480
9292 + 1480
9292 + 1480
9293 # 1504
9293 - 1480 58
9293 + 1480
9293 + 1480
9295 # 1504
9295 - 1480 60
9295 - 1480 57
9295 + 1480
9295 + 1480
9296 # 1504
9296 - 1480 57
9296 + 1480
9296 + 1480
9297 # 1504
9297 - 1480 57
9297 + 1480
9297 + 1480
9298 + 1480
9298 + 1480
9299 # 1504
9299 - 1480 58
9299 + 1480
9299 + 1480
9300 + 1480
9300 + 1480
9301 + 1480
9301 + 1480
9303 + 1480
9303 + 1480
9304 + 1480
9304 + 1480
9305 + 1480
9305 + 1480
9306 # 1504
9306 - 1480 64
9306 + 1480
9306 + 1480
9307 + 1480
9307 + 1480
9308 + 1480
9308 + 1480
9310 + 1480
9310 + 1480
9311 + 1480
9311 + 1480
9311 d 1 1480
9312 + 1480
9312 d 1 1480
9312 + 1480
9312 d 1 1480
9313 + 1480
9313 d 1 1480
9313 + 1480
9313 d 1 1480
9314 + 1480
9314 d 1 1480
9314 + 1480
9314 d 1 1480
9315 + 1480
9315 d 1 1480
9315 + 1480
9315 d 1 1480
9316 # 1504
9316 - 1480 72
9317 # 1504
9317 - 1480 65
9317 + 1480
9317 + 1480
9318 + 1480
9318 + 1480
9319 # 1504
9319 - 1480 60
9319 + 1480
9319 + 1480
9320 # 1504
9320 - 1480 60
9320 + 1480
9320 + 1480
9321 # 1504
9321 - 1480 60
9321 + 1480
9321 + 1480
9322 + 1480
9322 + 1480
9323 + 1480
9323 + 1480
9325 + 1480
9325 + 1480
9326 + 1480
9326 + 1480
9327 + 1480
9327 + 1480
9328 + 1480
9328 d 1 1480
9328 + 1480
9328 d 1 1480
9329 + 1480
9329 d 1 1480
9329 + 1480
9329 d 1 1480
9330 # 1504
9330 - 1480 68
9330 + 1480
9330 + 1480
9331 # 1504
9331 - 1480 68
9331 # 1504
9331 - 1480 62
9332 + 1480
9332 + 1480
9333 # 1504
9333 - 1480 63
9333 # 1504
9333 - 1480 62
9333 + 1480
9334 + 1480
9334 + 1480
9334 + 1480
9335 # 1504
9335 - 1480 63
9335 # 1504
9335 - 1480 61
9335 # 1504
9335 - 1480 60
9335 + 1480
9335 + 1480
9336 # 1504
9336 - 1480 60
9336 + 1480
9336 + 1480
9337 # 1504
9337 - 1480 61
9337 + 1480
9337 + 1480
9338 # 1504
9338 - 1480 61
9339 + 1480
9339 + 1480
9340 + 1480
9340 + 1480
9341 + 1480
9341 + 1480
9342 + 1480
9342 + 1480
9343 + 1480
9343 + 1480
9344 + 1480
9344 + 1480
9345 + 1480
9345 + 1480
9347 + 1480
9347 d 1 1480
9347 + 1480
9347 d 1 1480
9348 # 1504
9348 - 1480 70
9348 # 1504
9348 - 1480 69
9348 # 1504
9348 - 1480 60
9348 + 1480
9348 + 1480
9349 + 1480
9349 + 1480
9350 + 1480
9350 + 1480
9352 + 1480
9352 + 1480
9352 + 1480
9352 + 1480
9353 # 1504
9353 - 1480 65
9353 # 1504
9353 - 1480 64
9354 # 1504
9354 - 1480 62
9354 + 1480
9354 + 1480
9355 + 1480
9355 + 1480
9356 + 1480
9356 + 1480
9357 + 1480
9357 + 1480
9358 + 1480
9358 + 1480
9359 # 1504
9359 - 1480 67
9359 # 1504
9359 - 1480 66
9359 # 1504
9359 - 1480 62
9359 + 1480
9359 + 1480
9361 + 1480
9361 + 1480
9362 + 1480
9362 + 1480
9363 + 1480
9363 + 1480
9364 # 1504
9364 - 1480 66
9364 + 1480
9364 + 1480
9365 + 1480
9365 + 1480
9366 + 1480
9366 + 1480
9367 + 1480
9367 + 1480
9368 # 1504
9368 - 1480 70
9369 + 1480
9369 + 1480
9370 + 1480
9370 + 1480
9371 # 1504
9371 - 1480 70
9371 + 1480
9371 + 1480
9372 + 1480
9372 + 1480
9373 # 1504
9373 - 1480 68
9373 # 1504
9373 - 1480 66
9373 # 1504
9373 - 1480 65
9373 + 1480
9373 + 1480
9374 # 1504
9374 - 1480 64
9374 + 1480
9374 + 1480
9376 # 1504
9376 - 1480 66
9376 + 1480
9376 + 1480
9377 + 1480
9377 + 1480
9378 # 1504
9378 - 1480 61
9378 + 1480
9378 + 1480
9379 + 1480
9379 + 1480
9380 + 1480
9380 + 1480
9381 + 1480
9381 d 1 1480
9381 + 1480
9381 d 1 1480
9383 + 1480
9383 d 1 1480
9383 + 1480
9383 d 1 1480
9384 + 1480
9384 d 1 1480
9384 + 1480
9384 d 1 1480
9385 + 1480
9385 d 1 1480
9385 + 1480
9385 d 1 1480
9386 + 1480
9386 d 1 1480
9386 + 1480
9386 d 1 1480
9387 + 1480
9387 d 1 1480
9387 + 1480
9387 d 1 1480
9388 # 1504
9388 - 1480 70
9388 # 1504
9388 - 1480 68
9388 # 1504
9388 - 1480 62
9388 # 1504
9388 - 1480 61
9388 + 1480
9388 + 1480
9389 + 1480
9389 + 1480
9391 + 1480
9391 + 1480
9392 + 1480
9392 + 1480
9393 + 1480
9393 + 1480
9394 + 1480
9394 + 1480
9395 + 1480
9395 + 1480
9396 + 1480
9396 d 1 1480
9396 + 1480
9396 d 1 1480
9397 # 1504
9397 - 1480 70
9397 # 1504
9397 - 1480 67
9397 # 1504
9397 - 1480 61
9398 + 1480
9398 + 1480
9399 # 1504
9399 - 1480 63
9399 + 1480
9399 + 1480
9400 + 1480
9400 + 1480
9401 + 1480
9401 + 1480
9402 + 1480
9402 + 1480
9403 + 1480
9403 + 1480
9405 + 1480
9405 + 1480
9406 + 1480
9406 + 1480
9406 d 1 1480
9407 + 1480
9407 d 1 1480
9407 + 1480
9407 d 1 1480
9408 # 1504
9408 - 1480 71
9408 # 1504
9408 - 1480 69
9408 # 1504
9408 - 1480 64
9408 + 1480
9408 + 1480
9409 # 1504
9409 - 1480 64
9409 + 1480
9409 + 1480
9410 + 1480
9410 + 1480
9412 + 1480
9412 + 1480
9413 + 1480
9413 + 1480
9414 + 1480
9414 + 1480
9415 + 1480
9415 + 1480
9416 + 1480
9416 d 1 1480
9416 + 1480
9416 d 1 1480
9417 + 1480
9417 d 1 1480
9417 + 1480
9417 d 1 1480
9418 # 1504
9418 - 1480 73
9418 # 1504
9418 - 1480 70
9418 # 1504
9418 - 1480 64
9418 # 1504
9418 - 1480 63
9418 + 1480
9418 + 1480
9420 # 1504
9420 - 1480 65
9420 + 1480
9420 + 1480
9421 + 1480
9421 + 1480
9422 # 1504
9422 - 1480 66
9422 + 1480
9422 + 1480
9423 + 1480
9423 + 1480
9424 # 1504
9424 - 1480 67
9424 + 1480
9424 + 1480
9425 + 1480
9425 + 1480
9427 # 1504
9427 - 1480 68
9427 + 1480
9427 + 1480
9428 + 1480
9428 + 1480
9429 # 1504
9429 - 1480 68
9429 + 1480
9429 + 1480
9430 + 1480
9430 + 1480
9431 # 1504
9431 - 1480 68
9431 + 1480
9431 + 1480
9432 + 1480
9432 + 1480
9433 + 1480
9433 + 1480
9434 # 1504
9434 - 1480 69
9434 - 1480 68
9435 + 1480
9435 + 1480
9436 # 1504
9436 - 1480 67
9436 + 1480
9436 + 1480
9437 + 1480
9437 + 1480
9438 # 1504
9438 - 1480 67
9438 + 1480
9438 + 1480
9439 + 1480
9439 + 1480
9440 + 1480
9440 + 1480
9442 + 1480
9442 + 1480
9443 + 1480
9443 + 1480
9443 d 1 1480
9444 + 1480
9444 d 1 1480
9444 + 1480
9444 d 1 1480
9445 + 1480
9445 d 1 1480
9445 + 1480
9445 d 1 1480
9446 + 1480
9446 d 1 1480
9446 + 1480
9446 d 1 1480
9447 + 1480
9447 d 1 1480
9447 + 1480
9447 d 1 1480
9448 # 1504
9448 - 1480 77
9448 # 1504
9448 - 1480 75
9448 # 1504
9448 - 1480 69
9448 # 1504
9448 - 1480 68
9449 + 1480
9449 + 1480
9450 + 1480
9450 + 1480
9451 + 1480
9451 + 1480
9452 + 1480
9452 + 1480
9453 + 1480
9453 + 1480
9454 + 1480
9454 + 1480
9456 + 1480
9456 + 1480
9457 + 1480
9457 d 1 1480
9457 + 1480
9457 d 1 1480
9458 + 1480
9458 d 1 1480
9458 + 1480
9458 d 1 1480
9459 # 1504
9459 - 1480 79
9459 # 1504
9459 - 1480 71
9459 # 1504
9459 - 1480 64
9459 # 1504
9459 - 1480 64
9459 # 1504
9459 - 1480 61
9459 + 1480
9459 + 1480
9460 + 1480
9460 + 1480
9461 # 1504
9461 - 1480 63
9461 + 1480
9461 + 1480
9462 + 1480
9462 + 1480
9463 # 1504
9463 - 1480 64
9464 + 1480
9464 + 1480
9465 # 1504
9465 - 1480 65
9465 + 1480
9465 + 1480
9466 # 1504
9466 - 1480 64
9466 + 1480
9466 + 1480
9467 + 1480
9467 + 1480
9468 + 1480
9468 + 1480
9469 # 1504
9469 - 1480 66
9469 + 1480
9469 + 1480
9471 # 1504
9471 - 1480 66
9471 + 1480
9471 + 1480
9472 + 1480
9472 + 1480
9473 # 1504
9473 - 1480 64
9473 + 1480
9473 + 1480
9474 # 1504
9474 - 1480 64
9474 + 1480
9474 + 1480
9475 + 1480
9475 + 1480
9476 + 1480
9476 + 1480
9478 + 1480
9478 + 1480
9479 # 1504
9479 - 1480 66
9479 + 1480
9479 + 1480
9480 + 1480
9480 + 1480
9481 # 1504
9481 - 1480 67
9481 + 1480
9481 + 1480
9482 + 1480
9482 + 1480
9483 # 1504
9483 - 1480 63
9483 + 1480
9483 + 1480
9484 + 1480
9484 + 1480
9486 + 1480
9486 + 1480
9487 # 1504
9487 - 1480 66
9487 + 1480
9487 + 1480
9488 # 1504
9488 - 1480 65
9488 + 1480
9488 + 1480
9489 + 1480
9489 + 1480
9490 # 1504
9490 - 1480 65
9490 # 1504
9490 - 1480 63
9490 + 1480
9490 + 1480
9491 + 1480
9491 + 1480
9492 # 1504
9492 - 1480 63
9493 + 1480
9493 + 1480
9494 + 1480
9494 + 1480
9495 + 1480
9495 + 1480
9496 + 1480
9496 + 1480
9496 d 1 1480
9497 + 1480
9497 d 1 1480
9497 + 1480
9497 d 1 1480
9498 + 1480
9498 d 1 1480
9498 + 1480
9498 d 1 1480
9500 + 1480
9500 d 1 1480
9500 + 1480
9500 d 1 1480
9501 + 1480
9501 d 1 1480
9501 + 1480
9501 d 1 1480
9502 + 1480
9502 d 1 1480
9502 + 1480
9502 d 1 1480
9503 + 1480
9503 d 1 1480
9503 + 1480
9503 d 1 1480
9504 # 1504
9504 - 1480 75
9504 # 1504
9504 - 1480 73
9504 # 1504
9504 - 1480 66
9504 + 1480
9504 + 1480
9505 + 1480
9505 + 1480
9506 + 1480
9506 + 1480
9508 # 1504
9508 - 1480 69
9508 # 1504
9508 - 1480 69
9508 + 1480
9508 + 1480
9509 + 1480
9509 + 1480
9510 + 1480
9510 + 1480
9511 # 1504
9511 - 1480 68
9511 # 1504
9511 - 1480 62
9511 # 1504
9511 - 1480 60
9511 + 1480
9511 + 1480
9512 # 1504
9512 - 1480 61
9512 + 1480
9512 + 1480
9513 # 1504
9513 - 1480 61
9513 + 1480
9513 + 1480
9515 + 1480
9515 + 1480
9516 + 1480
9516 + 1480
9517 + 1480
9517 + 1480
9518 # 1504
9518 - 1480 65
9518 # 1504
9518 - 1480 64
9518 # 1504
9518 - 1480 58
9518 + 1480
9518 + 1480
9519 + 1480
9519 + 1480
9520 # 1504
9520 - 1480 60
9520 + 1480
9520 + 1480
9521 # 1504
9521 - 1480 60
9522 + 1480
9522 + 1480
9523 + 1480
9523 + 1480
9524 # 1504
9524 - 1480 62
9524 + 1480
9524 + 1480
9525 # 1504
9525 - 1480 61
9525 + 1480
9525 + 1480
9526 # 1504
9526 - 1480 60
9526 + 1480
9526 + 1480
9527 + 1480
9527 + 1480
9528 + 1480
9529 # 1504
9529 - 1480 62
9529 + 1480
9530 + 1480
9530 + 1480
9531 # 1504
9531 - 1480 63
9531 + 1480
9531 + 1480
9532 + 1480
9532 + 1480
9533 # 1504
9533 - 1480 62
9533 + 1480
9533 + 1480
9534 + 1480
9534 + 1480
9535 # 1504
9535 - 1480 62
9535 + 1480
9535 + 1480
9536 # 1504
9536 - 1480 62
9537 + 1480
9537 + 1480
9538 + 1480
9538 + 1480
9539 + 1480
9539 + 1480
9540 # 1504
9540 - 1480 64
9540 + 1480
9540 + 1480
9541 # 1504
9541 - 1480 63
9541 + 1480
9541 + 1480
9542 + 1480
9542 + 1480
9543 # 1504
9543 - 1480 63
9544 + 1480
9544 + 1480
9545 # 1504
9545 - 1480 64
9545 + 1480
9545 + 1480
9546 + 1480
9546 + 1480
9547 # 1504
9547 - 1480 64
9547 + 1480
9547 + 1480
9548 + 1480
9548 + 1480
9549 # 1504
9549 - 1480 65
9549 + 1480
9549 + 1480
9550 + 1480
9551 + 1480
9552 # 1504
9552 - 1480 65
9552 + 1480
9552 + 1480
9553 + 1480
9553 + 1480
9554 + 1480
9554 + 1480
9555 # 1504
9555 - 1480 67
9555 + 1480
9555 + 1480
9556 # 1504
9556 - 1480 66
9556 + 1480
9556 + 1480
9557 + 1480
9557 + 1480
9558 # 1504
9558 - 1480 65
9559 + 1480
9559 + 1480
9560 + 1480
9560 + 1480
9561 + 1480
9561 + 1480
9561 d 1 1480
9562 # 1504
9562 - 1480 68
9562 + 1480
9562 + 1480
9563 + 1480
9563 + 1480
9564 # 1504
9564 - 1480 68
9564 - 1480 58
9564 + 1480
9564 + 1480
9565 # 1504
9565 - 1480 57
9566 + 1480
9566 + 1480
9567 + 1480
9567 + 1480
9568 # 1504
9568 - 1480 59
9568 + 1480
9568 + 1480
9569 # 1504
9569 - 1480 59
9569 + 1480
9569 + 1480
9570 # 1504
9570 - 1480 58
9570 + 1480
9570 + 1480
9571 # 1504
9571 - 1480 58
9571 + 1480
9571 + 1480
9572 # 1504
9572 - 1480 57
9573 + 1480
9573 + 1480
9574 # 1504
9574 - 1480 58
9574 + 1480
9574 + 1480
9575 + 1480
9575 + 1480
9576 + 1480
9576 + 1480
9577 + 1480
9577 d 1 1480
9577 + 1480
9577 d 1 1480
9578 + 1480
9578 d 1 1480
9578 + 1480
9578 d 1 1480
9579 + 1480
9579 d 1 1480
9579 + 1480
9579 d 1 1480
9581 + 1480
9581 d 1 1480
9581 + 1480
9581 d 1 1480
9582 + 1480
9582 d 1 1480
9582 + 1480
9582 d 1 1480
9583 # 1504
9583 - 1480 66
9583 # 1504
9583 - 1480 65
9583 # 1504
9583 - 1480 59
9583 # 1504
9583 - 1480 58
9583 # 1504
9583 - 1480 58
9583 # 1504
9583 - 1480 57
9583 # 1504
9583 - 1480 57
9583 + 1480
9583 + 1480
9584 + 1480
9584 + 1480
9585 # 1504
9585 - 1480 58
9585 + 1480
9585 + 1480
9586 # 1504
9586 - 1480 59
9586 + 1480
9586 + 1480
9587 # 1504
9587 - 1480 57
9588 # 1504
9588 - 1480 57
9588 + 1480
9588 + 1480
9589 # 1504
9589 - 1480 57
9589 + 1480
9589 + 1480
9590 + 1480
9590 + 1480
9591 + 1480
9591 + 1480
9592 + 1480
9592 + 1480
9593 + 1480
9593 + 1480
9595 + 1480
9595 + 1480
9596 + 1480
9596 + 1480
9597 + 1480
9597 + 1480
9598 + 1480
9598 + 1480
9598 d 1 1480
9599 # 1504
9599 - 1480 66
9599 # 1504
9599 - 1480 65
9599 # 1504
9599 - 1480 59
9599 # 1504
9599 - 1480 58
9599 # 1504
9599 - 1480 58
9599 # 1504
9599 - 1480 57
9599 # 1504
9599 - 1480 57
9599 + 1480
9599 + 1480
9600 + 1480
9600 + 1480
9601 + 1480
9601 + 1480
9603 + 1480
9603 + 1480
9604 + 1480
9604 + 1480
9605 + 1480
9605 + 1480
9606 + 1480
9606 + 1480
9607 + 1480
9607 + 1480
9608 # 1504
9608 - 1480 64
9608 # 1504
9608 - 1480 64
9608 # 1504
9608 - 1480 59
9608 # 1504
9608 - 1480 58
9608 # 1504
9608 - 1480 57
9608 + 1480
9608 + 1480
9610 + 1480
9610 + 1480
9611 + 1480
9611 + 1480
9612 + 1480
9612 + 1480
9613 + 1480
9613 + 1480
9614 + 1480
9614 + 1480
9615 + 1480
9615 + 1480
9617 + 1480
9617 + 1480
9617 d 1 1480
9618 + 1480
9618 d 1 1480
9618 + 1480
9618 d 1 1480
9619 + 1480
9619 d 1 1480
9619 + 1480
9619 d 1 1480
9620 + 1480
9620 d 1 1480
9620 + 1480
9620 d 1 1480
9621 # 1504
9621 - 1480 69
9621 # 1504
9621 - 1480 69
9621 # 1504
9621 - 1480 61
9621 # 1504
9621 - 1480 60
9621 # 1504
9621 - 1480 59
9621 # 1504
9621 - 1480 59
9621 # 1504
9621 - 1480 58
9621 # 1504
9621 - 1480 58
9621 # 1504
9621 - 1480 57
9621 + 1480
9621 + 1480
9622 + 1480
9622 + 1480
9623 + 1480
9623 + 1480
9625 + 1480
9625 + 1480
9626 + 1480
9626 + 1480
9627 + 1480
9627 + 1480
9628 # 1504
9628 - 1480 64
9628 # 1504
9628 - 1480 62
9628 # 1504
9628 - 1480 58
9628 + 1480
9628 + 1480
9629 + 1480
9629 + 1480
9630 # 1504
9630 - 1480 60
9630 + 1480
9630 + 1480
9631 # 1504
9631 - 1480 60
9631 # 1504
9631 - 1480 58
9632 + 1480
9632 + 1480
9633 # 1504
9633 - 1480 59
9633 # 1504
9633 - 1480 58
9633 + 1480
9633 + 1480
9634 + 1480
9634 + 1480
9635 # 1504
9635 - 1480 59
9635 + 1480
9635 + 1480
9636 + 1480
9636 + 1480
9637 # 1504
9637 - 1480 54
9637 # 1504
9637 - 1480 53
9637 + 1480
9637 + 1480
9639 + 1480
9639 + 1480
9640 + 1480
9640 + 1480
9641 + 1480
9641 + 1480
9642 # 1504
9642 - 1480 56
9642 + 1480
9642 + 1480
9643 + 1480
9643 + 1480
9644 # 1504
9644 - 1480 58
9644 # 1504
9644 - 1480 54
9644 + 1480
9644 + 1480
9645 + 1480
9646 + 1480
9647 + 1480
9647 + 1480
9648 + 1480
9648 + 1480
9649 # 1504
9649 - 1480 57
9649 # 1504
9649 - 1480 57
9649 # 1504
9649 - 1480 53
9649 + 1480
9649 + 1480
9650 + 1480
9650 + 1480
9651 # 1504
9651 - 1480 54
9651 + 1480
9651 + 1480
9652 + 1480
9652 + 1480
9653 # 1504
9653 - 1480 56
9653 # 1504
9653 - 1480 54
9654 + 1480
9654 + 1480
9655 # 1504
9655 - 1480 54
9655 # 1504
9655 - 1480 54
9655 - 1480 51
9655 # 1504
9655 - 1480 51
9655 + 1480
9655 + 1480
9656 # 1504
9656 - 1480 51
9656 + 1480
9656 + 1480
9657 + 1480
9657 + 1480
9658 # 1504
9658 - 1480 53
9658 + 1480
9658 + 1480
9659 # 1504
9659 - 1480 53
9659 + 1480
9659 + 1480
9661 + 1480
9661 + 1480
9662 + 1480
9662 + 1480
9663 + 1480
9663 + 1480
9664 + 1480
9664 + 1480
9665 + 1480
9665 + 1480
9666 + 1480
9666 + 1480
9667 + 1480
9667 + 1480
9668 # 1504
9668 - 1480 60
9668 # 1504
9668 - 1480 58
9668 # 1504
9668 - 1480 53
9668 # 1504
9668 - 1480 53
9668 # 1504
9668 - 1480 51
9668 # 1504
9668 - 1480 47
9669 + 1480
9669 + 1480
9670 # 1504
9670 - 1480 49
9670 + 1480
9670 + 1480
9671 # 1504
9671 - 1480 49
9671 + 1480
9671 + 1480
9672 # 1504
9672 - 1480 49
9672 + 1480
9672 + 1480
9673 + 1480
9673 + 1480
9674 # 1504
9674 - 1480 49
9674 + 1480
9674 + 1480
9675 # 1504
9675 - 1480 49
9676 # 1504
9676 - 1480 48
9676 + 1480
9676 + 1480
9677 + 1480
9677 + 1480
9678 # 1504
9678 - 1480 49
9678 + 1480
9678 + 1480
9679 # 1504
9679 - 1480 49
9679 + 1480
9679 + 1480
9680 + 1480
9680 + 1480
9681 + 1480
9681 + 1480
9683 + 1480
9683 + 1480
9684 + 1480
9684 + 1480
9685 + 1480
9685 + 1480
9686 + 1480
9686 + 1480
9687 + 1480
9687 + 1480
9688 # 1504
9688 - 1480 56
9688 # 1504
9688 - 1480 55
9688 # 1504
9688 - 1480 49
9688 # 1504
9688 - 1480 48
9688 # 1504
9688 - 1480 48
9688 # 1504
9688 - 1480 47
9688 + 1480
9688 + 1480
9690 # 1504
9690 - 1480 49
9690 + 1480
9690 + 1480
9691 # 1504
9691 - 1480 49
9691 + 1480
9691 + 1480
9692 # 1504
9692 - 1480 49
9692 + 1480
9692 + 1480
9693 # 1504
9693 - 1480 49
9693 + 1480
9693 + 1480
9694 + 1480
9694 + 1480
9695 + 1480
9695 + 1480
9696 # 1504
9696 - 1480 50
9696 + 1480
9696 + 1480
9697 # 1504
9697 - 1480 50
9698 + 1480
9698 + 1480
9699 + 1480
9699 + 1480
9700 + 1480
9700 + 1480
9701 + 1480
9701 + 1480
9702 + 1480
9702 + 1480
9703 + 1480
9703 + 1480
9705 # 1504
9705 - 1480 56
9705 # 1504
9705 - 1480 55
9705 + 1480
9705 + 1480
9706 + 1480
9706 + 1480
9707 + 1480
9707 + 1480
9708 # 1504
9708 - 1480 52
9708 # 1504
9708 - 1480 52
9708 # 1504
9708 - 1480 50
9708 # 1504
9708 - 1480 49
9708 + 1480
9708 + 1480
9709 + 1480
9709 + 1480
9710 + 1480
9710 + 1480
9712 + 1480
9712 + 1480
9713 + 1480
9713 + 1480
9714 + 1480
9714 + 1480
9715 + 1480
9715 + 1480
9716 + 1480
9716 + 1480
9717 + 1480
9717 + 1480
9718 # 1504
9718 - 1480 59
9718 # 1504
9718 - 1480 57
9718 # 1504
9718 - 1480 52
9718 # 1504
9718 - 1480 51
9718 # 1504
9718 - 1480 51
9718 # 1504
9718 - 1480 49
9718 # 1504
9718 - 1480 49
9718 # 1504
9718 - 1480 48
9718 + 1480
9718 + 1480
9719 # 1504
9719 - 1480 49
9720 + 1480
9720 + 1480
9721 + 1480
9721 + 1480
9722 + 1480
9722 + 1480
9723 + 1480
9723 + 1480
9724 + 1480
9724 + 1480
9725 + 1480
9725 + 1480
9727 + 1480
9727 + 1480
9728 # 1504
9728 - 1480 57
9728 # 1504
9728 - 1480 56
9728 # 1504
9728 - 1480 50
9728 # 1504
9728 - 1480 50
9728 # 1504
9728 - 1480 49
9728 # 1504
9728 - 1480 49
9728 # 1504
9728 - 1480 48
9728 # 1504
9728 - 1480 48
9728 # 1504
9728 - 1480 47
9728 + 1480
9728 + 1480
9729 + 1480
9729 + 1480
9730 + 1480
9730 + 1480
9731 + 1480
9731 + 1480
9732 + 1480
9732 + 1480
9734 + 1480
9734 + 1480
9735 + 1480
9735 + 1480
9736 + 1480
9736 + 1480
9737 + 1480
9737 + 1480
9738 # 1504
9738 - 1480 57
9738 # 1504
9738 - 1480 55
9738 # 1504
9738 - 1480 50
9738 # 1504
9738 - 1480 48
9738 # 1504
9738 - 1480 48
9738 # 1504
9738 - 1480 47
9738 + 1480
9738 + 1480
9739 + 1480
9739 + 1480
9740 + 1480
9740 + 1480
9742 + 1480
9742 + 1480
9743 + 1480
9743 + 1480
9744 + 1480
9744 + 1480
9745 + 1480
9745 + 1480
9746 + 1480
9746 + 1480
9747 + 1480
9747 + 1480
9748 # 1504
9748 - 1480 57
9748 - 1480 56
9748 # 1504
9748 - 1480 50
9748 # 1504
9748 - 1480 49
9748 # 1504
9748 - 1480 49
9748 # 1504
9748 - 1480 48
9749 # 1504
9749 - 1480 49
9749 + 1480
9749 + 1480
9750 # 1504
9750 - 1480 49
9750 + 1480
9750 + 1480
9750 + 1480
9750 + 1480
9752 + 1480
9752 + 1480
9753 # 1504
9753 - 1480 51
9753 + 1480
9753 + 1480
9754 # 1504
9754 - 1480 51
9754 + 1480
9754 + 1480
9756 # 1504
9756 - 1480 50
9756 + 1480
9756 + 1480
9757 + 1480
9757 + 1480
9758 # 1504
9758 - 1480 51
9758 + 1480
9758 + 1480
9759 + 1480
9759 + 1480
9760 + 1480
9760 + 1480
9761 + 1480
9761 + 1480
9763 + 1480
9763 + 1480
9764 + 1480
9764 + 1480
9765 + 1480
9765 + 1480
9766 + 1480
9766 + 1480
9767 # 1504
9767 - 1480 59
9767 + 1480
9767 + 1480
9768 # 1504
9768 - 1480 58
9768 + 1480
9768 + 1480
9769 + 1480
9769 + 1480
9771 # 1504
9771 - 1480 55
9771 # 1504
9771 - 1480 54
9771 # 1504
9771 - 1480 51
9771 # 1504
9771 - 1480 51
9771 + 1480
9771 + 1480
9772 # 1504
9772 - 1480 51
9772 + 1480
9772 + 1480
9773 + 1480
9773 + 1480
9774 + 1480
9774 + 1480
9775 # 1504
9775 - 1480 54
9775 + 1480
9775 + 1480
9776 + 1480
9776 + 1480
9777 # 1504
9777 - 1480 55
9778 + 1480
9778 + 1480
9779 # 1504
9779 - 1480 55
9779 + 1480
9779 + 1480
9780 + 1480
9780 + 1480
9781 + 1480
9781 + 1480
9782 + 1480
9782 + 1480
9783 + 1480
9783 + 1480
9784 + 1480
9785 + 1480
9786 + 1480
9786 + 1480
9786 d 1 1480
9787 + 1480
9787 d 1 1480
9787 + 1480
9787 d 1 1480
9788 # 1504
9788 - 1480 61
9788 + 1480
9788 + 1480
9789 + 1480
9789 + 1480
9790 # 1504
9790 - 1480 62
9790 + 1480
9790 + 1480
9791 + 1480
9791 + 1480
9792 # 1504
9792 - 1480 58
9793 + 1480
9793 + 1480
9794 + 1480
9794 + 1480
9795 # 1504
9795 - 1480 59
9795 # 1504
9795 - 1480 58
9795 # 1504
9795 - 1480 56
9795 + 1480
9795 + 1480
9796 + 1480
9796 + 1480
9797 # 1504
9797 - 1480 57
9797 + 1480
9797 + 1480
9798 + 1480
9798 + 1480
9800 + 1480
9800 + 1480
9801 + 1480
9801 + 1480
9802 # 1504
9802 - 1480 62
9802 + 1480
9802 + 1480
9803 + 1480
9803 + 1480
9804 + 1480
9804 + 1480
9805 + 1480
9805 + 1480
9805 d 1 1480
9807 + 1480
9807 d 1 1480
9807 + 1480
9807 d 1 1480
9808 + 1480
9808 d 1 1480
9808 + 1480
9808 d 1 1480
9809 + 1480
9809 d 1 1480
9809 + 1480
9809 d 1 1480
9810 + 1480
9810 d 1 1480
9810 + 1480
9810 d 1 1480
9811 + 1480
9811 d 1 1480
9811 + 1480
9811 d 1 1480
9812 + 1480
9812 d 1 1480
9812 + 1480
9812 d 1 1480
9813 + 1480
9813 d 1 1480
9813 + 1480
9813 d 1 1480
9815 # 1504
9815 - 1480 72
9815 + 1480
9815 + 1480
9816 + 1480
9816 + 1480
9817 + 1480
9817 + 1480
9818 # 1504
9818 - 1480 72
9818 + 1480
9818 + 1480
9819 + 1480
9819 + 1480
9820 + 1480
9820 + 1480
9821 # 1504
9821 - 1480 67
9822 + 1480
9822 + 1480
9823 # 1504
9823 - 1480 66
9823 + 1480
9823 + 1480
9824 + 1480
9824 + 1480
9825 + 1480
9825 + 1480
9826 # 1504
9826 - 1480 67
9826 + 1480
9826 + 1480
9827 + 1480
9827 + 1480
9829 # 1504
9829 - 1480 69
9829 + 1480
9829 + 1480
9830 + 1480
9830 + 1480
9831 # 1504
9831 - 1480 68
9831 + 1480
9831 + 1480
9832 + 1480
9832 + 1480
9833 # 1504
9833 - 1480 68
9833 + 1480
9833 + 1480
9834 + 1480
9834 + 1480
9835 # 1504
9835 - 1480 68
9835 + 1480
9835 + 1480
9837 + 1480
9837 + 1480
9838 # 1504
9838 - 1480 70
9838 + 1480
9838 + 1480
9839 + 1480
9839 + 1480
9840 # 1504
9840 - 1480 69
9840 + 1480
9840 + 1480
9841 + 1480
9841 + 1480
9842 + 1480
9842 + 1480
9842 d 1 1480
9843 # 1504
9843 - 1480 70
9844 + 1480
9844 + 1480
9845 + 1480
9845 + 1480
9846 # 1504
9846 - 1480 72
9846 + 1480
9846 + 1480
9847 + 1480
9847 + 1480
9848 + 1480
9848 d 1 1480
9848 + 1480
9848 d 1 1480
9849 + 1480
9849 d 1 1480
9849 + 1480
9849 d 1 1480
9850 # 1504
9850 - 1480 74
9850 + 1480
9850 + 1480
9852 # 1504
9852 - 1480 73
9852 + 1480
9852 + 1480
9853 + 1480
9853 + 1480
9854 + 1480
9854 + 1480
9855 # 1504
9855 - 1480 73
9855 + 1480
9855 + 1480
9856 + 1480
9856 + 1480
9857 + 1480
9857 d 1 1480
9857 + 1480
9857 d 1 1480
9858 # 1504
9858 - 1480 75
9859 + 1480
9859 + 1480
9860 + 1480
9860 + 1480
9861 # 1504
9861 - 1480 73
9861 + 1480
9861 + 1480
9862 + 1480
9862 + 1480
9863 # 1504
9863 - 1480 73
9863 + 1480
9863 + 1480
9864 + 1480
9864 + 1480
9864 d 1 1480
9865 # 1504
9865 - 1480 72
9866 + 1480
9867 + 1480
9867 + 1480
9867 + 1480
9867 d 1 1480
9868 # 1504
9868 - 1480 74
9868 + 1480
9868 + 1480
9869 + 1480
9869 + 1480
9870 # 1504
9870 - 1480 74
9870 + 1480
9870 + 1480
9871 + 1480
9871 + 1480
9871 d 1 1480
9872 # 1504
9872 - 1480 74
9873 + 1480
9873 + 1480
9874 # 1504
9874 - 1480 74
9874 + 1480
9874 + 1480
9875 + 1480
9875 + 1480
9876 # 1504
9876 - 1480 74
9876 + 1480
9876 + 1480
9877 + 1480
9877 + 1480
9877 d 1 1480
9878 # 1504
9878 - 1480 75
9878 + 1480
9878 + 1480
9879 + 1480
9880 # 1504
9880 - 1480 75
9880 + 1480
9881 + 1480
9881 + 1480
9882 # 1504
9882 - 1480 66
9882 + 1480
9882 + 1480
9883 + 1480
9883 + 1480
9883 d 1 1480
9884 + 1480
9884 d 1 1480
9884 + 1480
9884 d 1 1480
9885 + 1480
9885 d 1 1480
9885 + 1480
9885 d 1 1480
9886 + 1480
9886 d 1 1480
9886 + 1480
9886 d 1 1480
9888 + 1480
9888 d 1 1480
9888 + 1480
9888 d 1 1480
9889 + 1480
9889 d 1 1480
9889 + 1480
9889 d 1 1480
9890 + 1480
9890 d 1 1480
9890 + 1480
9890 d 1 1480
9891 # 1504
9891 - 1480 74
9891 # 1504
9891 - 1480 72
9891 # 1504
9891 - 1480 66
9891 + 1480
9891 + 1480
9892 + 1480
9892 + 1480
9893 # 1504
9893 - 1480 68
9893 + 1480
9893 + 1480
9895 + 1480
9895 + 1480
9896 # 1504
9896 - 1480 70
9896 + 1480
9896 + 1480
9897 + 1480
9897 + 1480
9898 # 1504
9898 - 1480 71
9898 - 1480 68
9898 + 1480
9898 + 1480
9899 + 1480
9899 + 1480
9900 # 1504
9900 - 1480 68
9900 + 1480
9900 + 1480
9901 + 1480
9902 + 1480
9903 # 1504
9903 - 1480 71
9903 + 1480
9903 + 1480
9904 + 1480
9904 + 1480
9905 # 1504
9905 - 1480 71
9905 + 1480
9905 + 1480
9906 + 1480
9906 + 1480
9907 + 1480
9907 + 1480
9908 # 1504
9908 - 1480 71
9908 + 1480
9908 + 1480
9910 + 1480
9910 + 1480
9911 # 1504
9911 - 1480 73
9911 + 1480
9911 + 1480
9912 + 1480
9912 + 1480
9913 # 1504
9913 - 1480 73
9913 + 1480
9913 + 1480
9914 + 1480
9914 + 1480
9915 + 1480
9915 + 1480
9917 + 1480
9917 d 1 1480
9917 + 1480
9917 d 1 1480
9918 + 1480
9918 d 1 1480
9918 + 1480
9918 d 1 1480
9919 + 1480
9919 d 1 1480
9919 + 1480
9919 d 1 1480
9920 + 1480
9920 d 1 1480
9920 + 1480
9920 d 1 1480
9921 + 1480
9921 d 1 1480
9921 + 1480
9921 d 1 1480
9922 # 1504
9922 - 1480 78
9922 # 1504
9922 - 1480 77
9922 + 1480
9922 + 1480
9923 # 1504
9923 - 1480 70
9924 + 1480
9924 + 1480
9925 + 1480
9925 + 1480
9926 # 1504
9926 - 1480 72
9926 + 1480
9926 + 1480
9927 + 1480
9927 + 1480
9928 + 1480
9928 + 1480
9929 # 1504
9929 - 1480 74
9929 + 1480
9929 + 1480
9930 + 1480
9930 + 1480
9931 # 1504
9931 - 1480 72
9932 + 1480
9932 + 1480
9933 + 1480
9933 + 1480
9934 # 1504
9934 - 1480 73
9934 + 1480
9934 + 1480
9935 + 1480
9935 + 1480
9936 # 1504
9936 - 1480 74
9936 + 1480
9936 + 1480
9937 + 1480
9937 + 1480
9939 # 1504
9939 - 1480 73
9939 + 1480
9939 + 1480
9940 + 1480
9940 + 1480
9941 + 1480
9941 + 1480
9942 + 1480
9942 + 1480
9942 d 1 1480
9943 + 1480
9943 d 1 1480
9943 + 1480
9943 d 1 1480
9944 + 1480
9944 d 1 1480
9944 + 1480
9944 d 1 1480
9946 + 1480
9946 d 1 1480
9946 + 1480
9946 d 1 1480
9947 + 1480
9947 d 1 1480
9947 + 1480
9947 d 1 1480
9948 # 1504
9948 - 1480 80
9948 # 1504
9948 - 1480 78
9948 # 1504
9948 - 1480 72
9948 + 1480
9948 + 1480
9949 # 1504
9949 - 1480 72
9949 + 1480
9949 + 1480
9950 + 1480
9950 + 1480
9951 # 1504
9951 - 1480 73
9951 + 1480
9951 + 1480
9952 + 1480
9952 + 1480
9954 # 1504
9954 - 1480 75
9954 + 1480
9954 + 1480
9955 + 1480
9955 + 1480
9956 # 1504
9956 - 1480 75
9956 + 1480
9956 + 1480
9957 + 1480
9957 + 1480
9958 # 1504
9958 - 1480 67
9958 + 1480
9958 + 1480
9959 + 1480
9959 + 1480
9961 # 1504
9961 - 1480 69
9961 + 1480
9961 + 1480
9962 + 1480
9962 + 1480
9963 + 1480
9963 + 1480
9964 # 1504
9964 - 1480 69
9964 + 1480
9964 + 1480
9965 + 1480
9965 + 1480
9966 # 1504
9966 - 1480 69
9966 + 1480
9966 + 1480
9968 + 1480
9968 + 1480
9969 # 1504
9969 - 1480 70
9969 + 1480
9969 + 1480
9970 + 1480
9970 + 1480
9971 + 1480
9971 + 1480
9972 # 1504
9972 - 1480 72
9972 + 1480
9972 + 1480
9973 + 1480
9973 + 1480
9974 # 1504
9974 - 1480 71
9974 + 1480
9974 + 1480
9976 # 1504
9976 - 1480 71
9976 + 1480
9976 + 1480
9977 + 1480
9977 + 1480
9978 + 1480
9978 d 1 1480
9978 + 1480
9978 d 1 1480
9979 # 1504
9979 - 1480 72
9979 + 1480
9979 + 1480
9980 + 1480
9980 + 1480
9981 # 1504
9981 - 1480 73
9981 + 1480
9981 + 1480
9982 # 1504
9982 - 1480 71
9983 + 1480
9983 + 1480
9984 + 1480
9984 + 1480
9984 d 1 1480
9985 # 1504
9985 - 1480 72
9985 + 1480
9985 + 1480
9986 + 1480
9986 + 1480
9987 + 1480
9987 d 1 1480
9987 + 1480
9987 d 1 1480
9988 # 1504
9988 - 1480 74
9988 + 1480
9988 + 1480
9990 # 1504
9990 - 1480 68
9990 + 1480
9990 + 1480
9991 + 1480
9991 + 1480
9992 + 1480
9992 + 1480
9992 d 1 1480
9993 + 1480
9993 d 1 1480
9993 + 1480
9993 d 1 1480
9994 # 1504
9994 - 1480 69
9994 + 1480
9994 + 1480
9995 # 1504
9995 - 1480 69
9995 + 1480
9995 + 1480
9996 + 1480
9997 + 1480
9998 # 1504
9998 - 1480 69
9998 + 1480
9998 + 1480
9999 + 1480
9999 + 1480
10000 + 1480
10000 + 1480
10000 d 1 1480
10001 # 1504
10001 - 1480 71
10001 + 1480
10001 + 1480
10002 + 1480
10002 + 1480
10003 + 1480
10003 d 1 1480
10003 + 1480
10003 d 1 1480
10004 # 1504
10004 - 1480 71
10005 + 1480
10005 + 1480
10006 # 1504
10006 - 1480 71
10006 + 1480
10006 + 1480
10007 + 1480
10007 + 1480
10008 + 1480
10008 + 1480
10008 d 1 1480
10009 + 1480
10009 d 1 1480
10009 + 1480
10009 d 1 1480
10010 + 1480
10010 d 1 1480
10010 + 1480
10010 d 1 1480
10012 # 1504
10012 - 1480 75
10012 + 1480
10012 + 1480
10013 + 1480
10013 + 1480
10014 # 1504
10014 - 1480 75
10014 + 1480
10014 + 1480
10015 + 1480
10015 + 1480
10016 + 1480
10016 + 1480
10017 + 1480
10017 d 1 1480
10017 + 1480
10017 d 1 1480
10018 + 1480
10018 d 1 1480
10019 + 1480
10019 d 1 1480
10020 + 1480
10020 d 1 1480
10020 + 1480
10020 d 1 1480
10021 + 1480
10021 d 1 1480
10021 + 1480
10021 d 1 1480
10022 + 1480
10022 d 1 1480
10022 + 1480
10022 d 1 1480
10023 + 1480
10023 d 1 1480
10023 + 1480
10023 d 1 1480
10024 + 1480
10024 d 1 1480
10024 + 1480
10024 d 1 1480
10025 + 1480
10025 d 1 1480
10025 + 1480
10025 d 1 1480
10027 + 1480
10027 d 1 1480
10027 + 1480
10027 d 1 1480
10028 # 1504
10028 - 1480 80
10028 # 1504
10028 - 1480 78
10028 # 1504
10028 - 1480 70
10028 + 1480
10028 + 1480
10029 # 1504
10029 - 1480 70
10029 + 1480
10029 + 1480
10030 + 1480
10030 + 1480
10031 # 1504
10031 - 1480 72
10031 + 1480
10031 + 1480
10032 + 1480
10032 + 1480
10033 + 1480
10034 + 1480
10035 + 1480
10035 + 1480
10036 # 1504
10036 - 1480 75
10036 + 1480
10036 + 1480
10037 + 1480
10037 + 1480
10038 # 1504
10038 - 1480 75
10038 + 1480
10038 + 1480
10039 + 1480
10039 + 1480
10041 + 1480
10041 + 1480
10042 + 1480
10042 + 1480
10043 + 1480
10043 + 1480
10044 + 1480
10044 + 1480
10045 + 1480
10045 + 1480
10045 d 1 1480
10046 + 1480
10046 d 1 1480
10046 + 1480
10046 d 1 1480
10047 + 1480
10047 d 1 1480
10047 + 1480
10047 d 1 1480
10048 # 1504
10048 - 1480 82
10048 # 1504
10048 - 1480 80
10049 # 1504
10049 - 1480 75
10049 + 1480
10049 + 1480
10050 + 1480
10050 + 1480
10051 + 1480
10051 + 1480
10052 + 1480
10052 + 1480
10053 + 1480
10053 + 1480
10054 + 1480
10054 + 1480
10055 # 1504
10055 - 1480 81
10056 + 1480
10056 + 1480
10057 + 1480
10057 + 1480
10058 # 1504
10058 - 1480 82
10058 + 1480
10058 + 1480
10059 + 1480
10059 + 1480
10060 + 1480
10060 + 1480
10061 + 1480
10061 + 1480
10063 + 1480
10063 + 1480
10063 d 1 1480
10064 # 1504
10064 - 1480 83
10064 + 1480
10064 + 1480
10065 + 1480
10065 + 1480
10066 + 1480
10066 + 1480
10067 + 1480
10067 + 1480
10067 d 1 1480
10068 # 1504
10068 - 1480 84
10068 + 1480
10068 + 1480
10069 + 1480
10069 + 1480
10071 + 1480
10071 + 1480
10071 d 1 1480
10072 # 1504
10072 - 1480 82
10072 + 1480
10072 + 1480
10073 + 1480
10073 + 1480
10074 # 1504
10074 - 1480 80
10074 + 1480
10074 + 1480
10075 + 1480
10075 + 1480
10076 + 1480
10076 d 1 1480
10076 + 1480
10076 d 1 1480
10077 # 1504
10077 - 1480 80
10078 + 1480
10078 + 1480
10079 + 1480
10079 + 1480
10080 + 1480
10080 d 1 1480
10080 + 1480
10080 d 1 1480
10081 # 1504
10081 - 1480 82
10081 - 1480 80
10081 + 1480
10081 + 1480
10082 + 1480
10082 + 1480
10083 + 1480
10083 + 1480
10084 # 1504
10084 - 1480 78
10085 + 1480
10085 + 1480
10086 + 1480
10086 + 1480
10087 + 1480
10087 d 1 1480
10087 + 1480
10087 d 1 1480
10088 # 1504
10088 - 1480 82
10088 + 1480
10088 + 1480
10089 + 1480
10089 + 1480
10090 + 1480
10090 + 1480
10090 d 1 1480
10091 # 1504
10091 - 1480 79
10091 + 1480
10091 + 1480
10093 # 1504
10093 - 1480 79
10093 + 1480
10093 + 1480
10094 + 1480
10094 + 1480
10095 + 1480
10095 + 1480
10095 d 1 1480
10096 # 1504
10096 - 1480 80
10096 + 1480
10096 + 1480
10097 + 1480
10097 + 1480
10098 + 1480
10098 d 1 1480
10098 + 1480
10098 d 1 1480
10100 + 1480
10100 d 1 1480
10100 + 1480
10100 d 1 1480
10101 # 1504
10101 - 1480 72
10101 + 1480
10101 + 1480
10102 + 1480
10102 + 1480
10103 + 1480
10103 + 1480
10104 + 1480
10104 d 1 1480
10104 + 1480
10104 d 1 1480
10105 + 1480
10105 d 1 1480
10105 + 1480
10105 d 1 1480
10106 # 1504
10106 - 1480 75
10107 + 1480
10107 + 1480
10108 + 1480
10108 + 1480
10109 # 1504
10109 - 1480 74
10109 + 1480
10109 + 1480
10110 + 1480
10110 + 1480
10111 + 1480
10111 + 1480
10112 # 1504
10112 - 1480 74
10112 + 1480
10112 + 1480
10113 + 1480
10113 + 1480
10114 # 1504
10114 - 1480 73
10115 + 1480
10115 + 1480
10116 + 1480
10116 + 1480
10116 d 1 1480
10117 # 1504
10117 - 1480 74
10117 + 1480
10118 + 1480
10118 + 1480
10118 + 1480
10119 + 1480
10119 + 1480
10119 d 1 1480
10120 # 1504
10120 - 1480 76
10120 + 1480
10120 + 1480
10122 + 1480
10122 + 1480
10122 d 1 1480
10123 + 1480
10123 d 1 1480
10123 + 1480
10123 d 1 1480
10124 # 1504
10124 - 1480 74
10124 + 1480
10124 + 1480
10125 + 1480
10125 + 1480
10126 # 1504
10126 - 1480 74
10126 + 1480
10126 + 1480
10127 + 1480
10127 + 1480
10129 + 1480
10129 d 1 1480
10129 + 1480
10129 d 1 1480
10130 + 1480
10130 d 1 1480
10130 + 1480
10130 d 1 1480
10131 # 1504
10131 - 1480 77
10131 + 1480
10131 + 1480
10132 # 1504
10132 - 1480 75
10132 + 1480
10132 + 1480
10134 # 1504
10134 - 1480 74
10134 + 1480
10134 + 1480
10134 + 1480
10134 + 1480
10135 + 1480
10135 + 1480
10136 # 1504
10136 - 1480 75
10137 + 1480
10137 + 1480
10138 # 1504
10138 - 1480 74
10138 + 1480
10138 + 1480
10139 + 1480
10139 + 1480
10140 # 1504
10140 - 1480 75
10140 + 1480
10140 + 1480
10141 + 1480
10141 + 1480
10142 # 1504
10142 - 1480 75
10142 + 1480
10142 + 1480
10143 # 1504
10143 - 1480 74
10144 + 1480
10144 + 1480
10145 # 1504
10145 - 1480 73
10145 + 1480
10145 + 1480
10146 + 1480
10146 + 1480
10147 # 1504
10147 - 1480 74
10147 + 1480
10147 + 1480
10148 + 1480
10148 + 1480
10148 d 1 1480
10149 # 1504
10149 - 1480 75
10149 + 1480
10149 + 1480
10151 # 1504
10151 - 1480 73
10151 + 1480
10151 + 1480
10152 # 1504
10152 - 1480 73
10152 + 1480
10152 + 1480
10153 + 1480
10153 + 1480
10154 # 1504
10154 - 1480 72
10154 + 1480
10154 + 1480
10155 + 1480
10155 + 1480
10155 d 1 1480
10156 + 1480
10156 d 1 1480
10156 + 1480
10156 d 1 1480
10157 + 1480
10157 d 1 1480
10158 # 1504
10158 - 1480 75
10158 # 1504
10158 - 1480 73
10158 + 1480
10159 # 1504
10159 - 1480 70
10159 + 1480
10159 + 1480
10160 # 1504
10160 - 1480 71
10160 + 1480
10160 + 1480
10161 + 1480
10161 + 1480
10162 # 1504
10162 - 1480 71
10162 + 1480
10162 + 1480
10163 + 1480
10163 + 1480
10164 # 1504
10164 - 1480 71
10164 + 1480
10164 + 1480
10166 # 1504
10166 - 1480 72
10166 + 1480
10166 + 1480
10167 + 1480
10167 + 1480
10168 # 1504
10168 - 1480 72
10168 + 1480
10168 + 1480
10169 # 1504
10169 - 1480 68
10169 + 1480
10169 + 1480
10170 + 1480
10170 + 1480
10171 + 1480
10171 + 1480
10171 d 1 1480
10172 # 1504
10172 - 1480 70
10173 # 1504
10173 - 1480 70
10173 + 1480
10173 + 1480
10174 # 1504
10174 - 1480 66
10174 + 57
10174 + 57
10176 # 1504
10176 - 1480 67
10177 # 1504
10177 - 1480 67
10179 # 1504
10179 - 1480 67
10181 # 1504
10181 - 1480 68
10182 # 1504
10182 - 1480 67
10184 # 1504
10184 - 1480 66
10185 # 1504
10185 - 1480 67
10187 # 1504
10187 - 1480 67
10189 # 1504
10189 - 1480 65
10190 # 1504
10190 - 1480 64
10191 # 1504
10191 - 1480 64
10193 # 1504
10193 - 1480 62
10195 # 1504
10195 - 1480 63
10196 # 1504
10196 - 1480 62
10197 # 1504
10197 - 1480 62
10199 # 1504
10199 - 1480 62
10200 # 1504
10200 - 1480 62
10203 # 1504
10203 - 1480 64
10204 # 1504
10204 - 1480 63
10205 # 1504
10205 - 1480 63
10208 # 1504
10208 - 1480 64
10208 - 1480 62
10209 # 1504
10209 - 1480 62
10212 # 1504
10212 - 1480 63
10213 # 1504
10213 - 1480 64
10214 # 1504
10214 - 1480 62
10216 # 1504
10216 - 1480 63
10217 # 1504
10217 - 1480 62
10221 # 1504
10221 - 1480 62
10221 # 1504
10221 - 1480 61
10222 # 1504
10222 - 1480 60
10223 # 1504
10223 - 1480 60
10225 # 1504
10225 - 1480 61
10226 # 1504
10226 - 1480 60
10228 # 1504
10228 - 1480 61
10229 # 1504
10229 - 1480 61
10230 # 1504
10230 - 1480 60
10232 # 1504
10232 - 1480 61
10234 # 1504
10234 - 1480 61
10234 - 57 60
10234 - 57 60
10234 # 1504
10236 # 1504
10237 # 1504
10238 # 1504
10248 # 1504
10248 # 1504
10248 # 1504
10248 # 1504
10253 # 1504
10255 # 1504
10255 # 1504
10255 # 1504
10255 + 60
10256 # 1504
10256 - 60 1
10256 + 60
10256 + 355
10256 + 354
10259 # 1504
10259 - 60 3
10259 - 355 3
10259 - 354 3
10268 # 1504
10268 # 1504
10268 # 1504
10269 # 1504
10269 # 1504
10272 # 1504
10273 # 1504
10275 # 1504
10276 # 1504
10287 # 1504
10287 # 1504
10289 + 56
10289 + 56
10290 + 57
10290 + 56
10290 + 57
10290 + 56
10291 # 1504
10291 - 56 2
10291 - 56 2
10291 - 57 1
10291 - 56 1
10291 - 57 1
10291 - 56 1
